"","genero","raca_cor","idade","tipo_viol","n"
"1","Fem","Parda",0,"Física",15
"2","Fem","Parda",0,"Intervenção legal",0
"3","Fem","Parda",0,"Negligência",45
"4","Fem","Parda",0,"Outras",1
"5","Fem","Parda",0,"Psicológica",3
"6","Fem","Parda",0,"Sexual",5
"7","Fem","Parda",0,"Tortura",0
"8","Fem","Parda",0,"Trabalho infantil",0
"9","Fem","Parda",0,"Tráfico",0
"10","Fem","Parda",1,"Física",2152
"11","Fem","Parda",1,"Intervenção legal",12
"12","Fem","Parda",1,"Negligência",10666
"13","Fem","Parda",1,"Outras",534
"14","Fem","Parda",1,"Psicológica",720
"15","Fem","Parda",1,"Sexual",2533
"16","Fem","Parda",1,"Tortura",106
"17","Fem","Parda",1,"Trabalho infantil",48
"18","Fem","Parda",1,"Tráfico",4
"19","Fem","Parda",2,"Física",2246
"20","Fem","Parda",2,"Intervenção legal",16
"21","Fem","Parda",2,"Negligência",7705
"22","Fem","Parda",2,"Outras",436
"23","Fem","Parda",2,"Psicológica",1223
"24","Fem","Parda",2,"Sexual",4740
"25","Fem","Parda",2,"Tortura",138
"26","Fem","Parda",2,"Trabalho infantil",55
"27","Fem","Parda",2,"Tráfico",10
"28","Fem","Parda",3,"Física",2343
"29","Fem","Parda",3,"Intervenção legal",16
"30","Fem","Parda",3,"Negligência",5943
"31","Fem","Parda",3,"Outras",396
"32","Fem","Parda",3,"Psicológica",1637
"33","Fem","Parda",3,"Sexual",6300
"34","Fem","Parda",3,"Tortura",128
"35","Fem","Parda",3,"Trabalho infantil",60
"36","Fem","Parda",3,"Tráfico",4
"37","Fem","Parda",4,"Física",2419
"38","Fem","Parda",4,"Intervenção legal",19
"39","Fem","Parda",4,"Negligência",4550
"40","Fem","Parda",4,"Outras",367
"41","Fem","Parda",4,"Psicológica",1824
"42","Fem","Parda",4,"Sexual",6006
"43","Fem","Parda",4,"Tortura",157
"44","Fem","Parda",4,"Trabalho infantil",58
"45","Fem","Parda",4,"Tráfico",10
"46","Fem","Parda",5,"Física",2276
"47","Fem","Parda",5,"Intervenção legal",22
"48","Fem","Parda",5,"Negligência",3788
"49","Fem","Parda",5,"Outras",351
"50","Fem","Parda",5,"Psicológica",1795
"51","Fem","Parda",5,"Sexual",5143
"52","Fem","Parda",5,"Tortura",162
"53","Fem","Parda",5,"Trabalho infantil",57
"54","Fem","Parda",5,"Tráfico",3
"55","Fem","Parda",6,"Física",2328
"56","Fem","Parda",6,"Intervenção legal",16
"57","Fem","Parda",6,"Negligência",3181
"58","Fem","Parda",6,"Outras",357
"59","Fem","Parda",6,"Psicológica",2022
"60","Fem","Parda",6,"Sexual",4894
"61","Fem","Parda",6,"Tortura",164
"62","Fem","Parda",6,"Trabalho infantil",62
"63","Fem","Parda",6,"Tráfico",4
"64","Fem","Parda",7,"Física",2355
"65","Fem","Parda",7,"Intervenção legal",16
"66","Fem","Parda",7,"Negligência",2653
"67","Fem","Parda",7,"Outras",308
"68","Fem","Parda",7,"Psicológica",2172
"69","Fem","Parda",7,"Sexual",4984
"70","Fem","Parda",7,"Tortura",202
"71","Fem","Parda",7,"Trabalho infantil",68
"72","Fem","Parda",7,"Tráfico",2
"73","Fem","Parda",8,"Física",2549
"74","Fem","Parda",8,"Intervenção legal",16
"75","Fem","Parda",8,"Negligência",2493
"76","Fem","Parda",8,"Outras",353
"77","Fem","Parda",8,"Psicológica",2473
"78","Fem","Parda",8,"Sexual",5471
"79","Fem","Parda",8,"Tortura",224
"80","Fem","Parda",8,"Trabalho infantil",86
"81","Fem","Parda",8,"Tráfico",6
"82","Fem","Parda",9,"Física",2677
"83","Fem","Parda",9,"Intervenção legal",21
"84","Fem","Parda",9,"Negligência",2272
"85","Fem","Parda",9,"Outras",437
"86","Fem","Parda",9,"Psicológica",2775
"87","Fem","Parda",9,"Sexual",6001
"88","Fem","Parda",9,"Tortura",244
"89","Fem","Parda",9,"Trabalho infantil",106
"90","Fem","Parda",9,"Tráfico",7
"91","Fem","Parda",10,"Física",3112
"92","Fem","Parda",10,"Intervenção legal",24
"93","Fem","Parda",10,"Negligência",2006
"94","Fem","Parda",10,"Outras",643
"95","Fem","Parda",10,"Psicológica",3045
"96","Fem","Parda",10,"Sexual",6701
"97","Fem","Parda",10,"Tortura",298
"98","Fem","Parda",10,"Trabalho infantil",133
"99","Fem","Parda",10,"Tráfico",7
"100","Fem","Parda",11,"Física",4346
"101","Fem","Parda",11,"Intervenção legal",30
"102","Fem","Parda",11,"Negligência",1864
"103","Fem","Parda",11,"Outras",1549
"104","Fem","Parda",11,"Psicológica",3970
"105","Fem","Parda",11,"Sexual",9614
"106","Fem","Parda",11,"Tortura",338
"107","Fem","Parda",11,"Trabalho infantil",137
"108","Fem","Parda",11,"Tráfico",12
"109","Fem","Parda",12,"Física",7288
"110","Fem","Parda",12,"Intervenção legal",49
"111","Fem","Parda",12,"Negligência",2092
"112","Fem","Parda",12,"Outras",3760
"113","Fem","Parda",12,"Psicológica",5573
"114","Fem","Parda",12,"Sexual",16096
"115","Fem","Parda",12,"Tortura",502
"116","Fem","Parda",12,"Trabalho infantil",206
"117","Fem","Parda",12,"Tráfico",15
"118","Fem","Parda",13,"Física",10872
"119","Fem","Parda",13,"Intervenção legal",60
"120","Fem","Parda",13,"Negligência",2493
"121","Fem","Parda",13,"Outras",6946
"122","Fem","Parda",13,"Psicológica",6626
"123","Fem","Parda",13,"Sexual",23099
"124","Fem","Parda",13,"Tortura",680
"125","Fem","Parda",13,"Trabalho infantil",336
"126","Fem","Parda",13,"Tráfico",25
"127","Fem","Parda",14,"Física",13399
"128","Fem","Parda",14,"Intervenção legal",68
"129","Fem","Parda",14,"Negligência",2809
"130","Fem","Parda",14,"Outras",8936
"131","Fem","Parda",14,"Psicológica",6194
"132","Fem","Parda",14,"Sexual",16000
"133","Fem","Parda",14,"Tortura",697
"134","Fem","Parda",14,"Trabalho infantil",158
"135","Fem","Parda",14,"Tráfico",25
"136","Fem","Parda",15,"Física",14999
"137","Fem","Parda",15,"Intervenção legal",50
"138","Fem","Parda",15,"Negligência",2708
"139","Fem","Parda",15,"Outras",9398
"140","Fem","Parda",15,"Psicológica",6198
"141","Fem","Parda",15,"Sexual",9282
"142","Fem","Parda",15,"Tortura",742
"143","Fem","Parda",15,"Trabalho infantil",136
"144","Fem","Parda",15,"Tráfico",21
"145","Fem","Parda",16,"Física",16559
"146","Fem","Parda",16,"Intervenção legal",46
"147","Fem","Parda",16,"Negligência",2380
"148","Fem","Parda",16,"Outras",9517
"149","Fem","Parda",16,"Psicológica",6164
"150","Fem","Parda",16,"Sexual",7227
"151","Fem","Parda",16,"Tortura",708
"152","Fem","Parda",16,"Trabalho infantil",105
"153","Fem","Parda",16,"Tráfico",13
"154","Fem","Parda",17,"Física",16908
"155","Fem","Parda",17,"Intervenção legal",56
"156","Fem","Parda",17,"Negligência",1902
"157","Fem","Parda",17,"Outras",8868
"158","Fem","Parda",17,"Psicológica",5927
"159","Fem","Parda",17,"Sexual",5419
"160","Fem","Parda",17,"Tortura",694
"161","Fem","Parda",17,"Trabalho infantil",52
"162","Fem","Parda",17,"Tráfico",16
"163","Fem","Parda",18,"Física",17075
"164","Fem","Parda",18,"Intervenção legal",40
"165","Fem","Parda",18,"Negligência",370
"166","Fem","Parda",18,"Outras",7999
"167","Fem","Parda",18,"Psicológica",5961
"168","Fem","Parda",18,"Sexual",3549
"169","Fem","Parda",18,"Tortura",738
"170","Fem","Parda",18,"Trabalho infantil",7
"171","Fem","Parda",18,"Tráfico",11
"172","Fem","Parda",19,"Física",18249
"173","Fem","Parda",19,"Intervenção legal",48
"174","Fem","Parda",19,"Negligência",317
"175","Fem","Parda",19,"Outras",7761
"176","Fem","Parda",19,"Psicológica",6488
"177","Fem","Parda",19,"Sexual",3413
"178","Fem","Parda",19,"Tortura",751
"179","Fem","Parda",19,"Trabalho infantil",7
"180","Fem","Parda",19,"Tráfico",12
"181","Fem","Parda",20,"Física",18870
"182","Fem","Parda",20,"Intervenção legal",45
"183","Fem","Parda",20,"Negligência",237
"184","Fem","Parda",20,"Outras",7476
"185","Fem","Parda",20,"Psicológica",6790
"186","Fem","Parda",20,"Sexual",2977
"187","Fem","Parda",20,"Tortura",733
"188","Fem","Parda",20,"Trabalho infantil",4
"189","Fem","Parda",20,"Tráfico",9
"190","Fem","Parda",21,"Física",19069
"191","Fem","Parda",21,"Intervenção legal",40
"192","Fem","Parda",21,"Negligência",234
"193","Fem","Parda",21,"Outras",7053
"194","Fem","Parda",21,"Psicológica",7155
"195","Fem","Parda",21,"Sexual",2854
"196","Fem","Parda",21,"Tortura",771
"197","Fem","Parda",21,"Trabalho infantil",3
"198","Fem","Parda",21,"Tráfico",13
"199","Fem","Parda",22,"Física",19727
"200","Fem","Parda",22,"Intervenção legal",56
"201","Fem","Parda",22,"Negligência",248
"202","Fem","Parda",22,"Outras",6898
"203","Fem","Parda",22,"Psicológica",7494
"204","Fem","Parda",22,"Sexual",2739
"205","Fem","Parda",22,"Tortura",761
"206","Fem","Parda",22,"Trabalho infantil",2
"207","Fem","Parda",22,"Tráfico",13
"208","Fem","Parda",23,"Física",19854
"209","Fem","Parda",23,"Intervenção legal",52
"210","Fem","Parda",23,"Negligência",237
"211","Fem","Parda",23,"Outras",6532
"212","Fem","Parda",23,"Psicológica",7711
"213","Fem","Parda",23,"Sexual",2601
"214","Fem","Parda",23,"Tortura",828
"215","Fem","Parda",23,"Trabalho infantil",5
"216","Fem","Parda",23,"Tráfico",11
"217","Fem","Parda",24,"Física",19597
"218","Fem","Parda",24,"Intervenção legal",43
"219","Fem","Parda",24,"Negligência",206
"220","Fem","Parda",24,"Outras",6269
"221","Fem","Parda",24,"Psicológica",7711
"222","Fem","Parda",24,"Sexual",2395
"223","Fem","Parda",24,"Tortura",763
"224","Fem","Parda",24,"Trabalho infantil",2
"225","Fem","Parda",24,"Tráfico",12
"226","Fem","Parda",25,"Física",18825
"227","Fem","Parda",25,"Intervenção legal",42
"228","Fem","Parda",25,"Negligência",216
"229","Fem","Parda",25,"Outras",5755
"230","Fem","Parda",25,"Psicológica",7587
"231","Fem","Parda",25,"Sexual",2283
"232","Fem","Parda",25,"Tortura",789
"233","Fem","Parda",25,"Trabalho infantil",4
"234","Fem","Parda",25,"Tráfico",12
"235","Fem","Parda",26,"Física",18481
"236","Fem","Parda",26,"Intervenção legal",39
"237","Fem","Parda",26,"Negligência",215
"238","Fem","Parda",26,"Outras",5586
"239","Fem","Parda",26,"Psicológica",7608
"240","Fem","Parda",26,"Sexual",2102
"241","Fem","Parda",26,"Tortura",822
"242","Fem","Parda",26,"Trabalho infantil",5
"243","Fem","Parda",26,"Tráfico",13
"244","Fem","Parda",27,"Física",18065
"245","Fem","Parda",27,"Intervenção legal",35
"246","Fem","Parda",27,"Negligência",209
"247","Fem","Parda",27,"Outras",5311
"248","Fem","Parda",27,"Psicológica",7509
"249","Fem","Parda",27,"Sexual",1918
"250","Fem","Parda",27,"Tortura",735
"251","Fem","Parda",27,"Trabalho infantil",5
"252","Fem","Parda",27,"Tráfico",9
"253","Fem","Parda",28,"Física",17786
"254","Fem","Parda",28,"Intervenção legal",39
"255","Fem","Parda",28,"Negligência",185
"256","Fem","Parda",28,"Outras",5071
"257","Fem","Parda",28,"Psicológica",7415
"258","Fem","Parda",28,"Sexual",1908
"259","Fem","Parda",28,"Tortura",743
"260","Fem","Parda",28,"Trabalho infantil",1
"261","Fem","Parda",28,"Tráfico",15
"262","Fem","Parda",29,"Física",17605
"263","Fem","Parda",29,"Intervenção legal",40
"264","Fem","Parda",29,"Negligência",194
"265","Fem","Parda",29,"Outras",4964
"266","Fem","Parda",29,"Psicológica",7489
"267","Fem","Parda",29,"Sexual",1752
"268","Fem","Parda",29,"Tortura",798
"269","Fem","Parda",29,"Trabalho infantil",4
"270","Fem","Parda",29,"Tráfico",13
"271","Fem","Parda",30,"Física",17011
"272","Fem","Parda",30,"Intervenção legal",46
"273","Fem","Parda",30,"Negligência",189
"274","Fem","Parda",30,"Outras",4632
"275","Fem","Parda",30,"Psicológica",7248
"276","Fem","Parda",30,"Sexual",1727
"277","Fem","Parda",30,"Tortura",713
"278","Fem","Parda",30,"Trabalho infantil",3
"279","Fem","Parda",30,"Tráfico",12
"280","Fem","Parda",31,"Física",16484
"281","Fem","Parda",31,"Intervenção legal",38
"282","Fem","Parda",31,"Negligência",176
"283","Fem","Parda",31,"Outras",4345
"284","Fem","Parda",31,"Psicológica",7140
"285","Fem","Parda",31,"Sexual",1538
"286","Fem","Parda",31,"Tortura",714
"287","Fem","Parda",31,"Trabalho infantil",1
"288","Fem","Parda",31,"Tráfico",18
"289","Fem","Parda",32,"Física",16417
"290","Fem","Parda",32,"Intervenção legal",46
"291","Fem","Parda",32,"Negligência",153
"292","Fem","Parda",32,"Outras",4326
"293","Fem","Parda",32,"Psicológica",7314
"294","Fem","Parda",32,"Sexual",1492
"295","Fem","Parda",32,"Tortura",730
"296","Fem","Parda",32,"Trabalho infantil",4
"297","Fem","Parda",32,"Tráfico",17
"298","Fem","Parda",33,"Física",15883
"299","Fem","Parda",33,"Intervenção legal",33
"300","Fem","Parda",33,"Negligência",155
"301","Fem","Parda",33,"Outras",4199
"302","Fem","Parda",33,"Psicológica",7149
"303","Fem","Parda",33,"Sexual",1529
"304","Fem","Parda",33,"Tortura",730
"305","Fem","Parda",33,"Trabalho infantil",2
"306","Fem","Parda",33,"Tráfico",14
"307","Fem","Parda",34,"Física",15912
"308","Fem","Parda",34,"Intervenção legal",31
"309","Fem","Parda",34,"Negligência",128
"310","Fem","Parda",34,"Outras",4263
"311","Fem","Parda",34,"Psicológica",7185
"312","Fem","Parda",34,"Sexual",1492
"313","Fem","Parda",34,"Tortura",789
"314","Fem","Parda",34,"Trabalho infantil",4
"315","Fem","Parda",34,"Tráfico",12
"316","Fem","Parda",35,"Física",15700
"317","Fem","Parda",35,"Intervenção legal",39
"318","Fem","Parda",35,"Negligência",174
"319","Fem","Parda",35,"Outras",4282
"320","Fem","Parda",35,"Psicológica",7158
"321","Fem","Parda",35,"Sexual",1464
"322","Fem","Parda",35,"Tortura",733
"323","Fem","Parda",35,"Trabalho infantil",7
"324","Fem","Parda",35,"Tráfico",17
"325","Fem","Parda",36,"Física",15104
"326","Fem","Parda",36,"Intervenção legal",36
"327","Fem","Parda",36,"Negligência",147
"328","Fem","Parda",36,"Outras",4181
"329","Fem","Parda",36,"Psicológica",7029
"330","Fem","Parda",36,"Sexual",1381
"331","Fem","Parda",36,"Tortura",686
"332","Fem","Parda",36,"Trabalho infantil",2
"333","Fem","Parda",36,"Tráfico",11
"334","Fem","Parda",37,"Física",14323
"335","Fem","Parda",37,"Intervenção legal",27
"336","Fem","Parda",37,"Negligência",148
"337","Fem","Parda",37,"Outras",4098
"338","Fem","Parda",37,"Psicológica",6676
"339","Fem","Parda",37,"Sexual",1347
"340","Fem","Parda",37,"Tortura",672
"341","Fem","Parda",37,"Trabalho infantil",3
"342","Fem","Parda",37,"Tráfico",17
"343","Fem","Parda",38,"Física",13870
"344","Fem","Parda",38,"Intervenção legal",35
"345","Fem","Parda",38,"Negligência",138
"346","Fem","Parda",38,"Outras",3898
"347","Fem","Parda",38,"Psicológica",6507
"348","Fem","Parda",38,"Sexual",1169
"349","Fem","Parda",38,"Tortura",645
"350","Fem","Parda",38,"Trabalho infantil",3
"351","Fem","Parda",38,"Tráfico",9
"352","Fem","Parda",39,"Física",13247
"353","Fem","Parda",39,"Intervenção legal",38
"354","Fem","Parda",39,"Negligência",147
"355","Fem","Parda",39,"Outras",3763
"356","Fem","Parda",39,"Psicológica",6228
"357","Fem","Parda",39,"Sexual",1172
"358","Fem","Parda",39,"Tortura",592
"359","Fem","Parda",39,"Trabalho infantil",4
"360","Fem","Parda",39,"Tráfico",21
"361","Fem","Parda",40,"Física",12565
"362","Fem","Parda",40,"Intervenção legal",17
"363","Fem","Parda",40,"Negligência",113
"364","Fem","Parda",40,"Outras",3708
"365","Fem","Parda",40,"Psicológica",5872
"366","Fem","Parda",40,"Sexual",1118
"367","Fem","Parda",40,"Tortura",507
"368","Fem","Parda",40,"Trabalho infantil",2
"369","Fem","Parda",40,"Tráfico",14
"370","Fem","Parda",41,"Física",11940
"371","Fem","Parda",41,"Intervenção legal",23
"372","Fem","Parda",41,"Negligência",109
"373","Fem","Parda",41,"Outras",3450
"374","Fem","Parda",41,"Psicológica",5691
"375","Fem","Parda",41,"Sexual",1080
"376","Fem","Parda",41,"Tortura",526
"377","Fem","Parda",41,"Trabalho infantil",2
"378","Fem","Parda",41,"Tráfico",8
"379","Fem","Parda",42,"Física",11211
"380","Fem","Parda",42,"Intervenção legal",22
"381","Fem","Parda",42,"Negligência",91
"382","Fem","Parda",42,"Outras",3240
"383","Fem","Parda",42,"Psicológica",5362
"384","Fem","Parda",42,"Sexual",937
"385","Fem","Parda",42,"Tortura",504
"386","Fem","Parda",42,"Trabalho infantil",1
"387","Fem","Parda",42,"Tráfico",11
"388","Fem","Parda",43,"Física",10283
"389","Fem","Parda",43,"Intervenção legal",30
"390","Fem","Parda",43,"Negligência",98
"391","Fem","Parda",43,"Outras",3169
"392","Fem","Parda",43,"Psicológica",4815
"393","Fem","Parda",43,"Sexual",838
"394","Fem","Parda",43,"Tortura",430
"395","Fem","Parda",43,"Trabalho infantil",4
"396","Fem","Parda",43,"Tráfico",5
"397","Fem","Parda",44,"Física",9507
"398","Fem","Parda",44,"Intervenção legal",18
"399","Fem","Parda",44,"Negligência",94
"400","Fem","Parda",44,"Outras",2845
"401","Fem","Parda",44,"Psicológica",4592
"402","Fem","Parda",44,"Sexual",748
"403","Fem","Parda",44,"Tortura",455
"404","Fem","Parda",44,"Trabalho infantil",5
"405","Fem","Parda",44,"Tráfico",10
"406","Fem","Parda",45,"Física",8780
"407","Fem","Parda",45,"Intervenção legal",10
"408","Fem","Parda",45,"Negligência",82
"409","Fem","Parda",45,"Outras",2685
"410","Fem","Parda",45,"Psicológica",4172
"411","Fem","Parda",45,"Sexual",727
"412","Fem","Parda",45,"Tortura",373
"413","Fem","Parda",45,"Trabalho infantil",1
"414","Fem","Parda",45,"Tráfico",2
"415","Fem","Parda",46,"Física",7870
"416","Fem","Parda",46,"Intervenção legal",18
"417","Fem","Parda",46,"Negligência",99
"418","Fem","Parda",46,"Outras",2459
"419","Fem","Parda",46,"Psicológica",3829
"420","Fem","Parda",46,"Sexual",647
"421","Fem","Parda",46,"Tortura",337
"422","Fem","Parda",46,"Trabalho infantil",5
"423","Fem","Parda",46,"Tráfico",6
"424","Fem","Parda",47,"Física",7144
"425","Fem","Parda",47,"Intervenção legal",9
"426","Fem","Parda",47,"Negligência",99
"427","Fem","Parda",47,"Outras",2287
"428","Fem","Parda",47,"Psicológica",3442
"429","Fem","Parda",47,"Sexual",563
"430","Fem","Parda",47,"Tortura",302
"431","Fem","Parda",47,"Trabalho infantil",1
"432","Fem","Parda",47,"Tráfico",6
"433","Fem","Parda",48,"Física",6741
"434","Fem","Parda",48,"Intervenção legal",6
"435","Fem","Parda",48,"Negligência",79
"436","Fem","Parda",48,"Outras",2017
"437","Fem","Parda",48,"Psicológica",3252
"438","Fem","Parda",48,"Sexual",543
"439","Fem","Parda",48,"Tortura",263
"440","Fem","Parda",48,"Trabalho infantil",3
"441","Fem","Parda",48,"Tráfico",3
"442","Fem","Parda",49,"Física",5975
"443","Fem","Parda",49,"Intervenção legal",10
"444","Fem","Parda",49,"Negligência",85
"445","Fem","Parda",49,"Outras",1948
"446","Fem","Parda",49,"Psicológica",2933
"447","Fem","Parda",49,"Sexual",495
"448","Fem","Parda",49,"Tortura",258
"449","Fem","Parda",49,"Trabalho infantil",1
"450","Fem","Parda",49,"Tráfico",4
"451","Fem","Parda",50,"Física",5493
"452","Fem","Parda",50,"Intervenção legal",6
"453","Fem","Parda",50,"Negligência",93
"454","Fem","Parda",50,"Outras",1742
"455","Fem","Parda",50,"Psicológica",2722
"456","Fem","Parda",50,"Sexual",437
"457","Fem","Parda",50,"Tortura",235
"458","Fem","Parda",50,"Trabalho infantil",1
"459","Fem","Parda",50,"Tráfico",4
"460","Fem","Parda",51,"Física",5007
"461","Fem","Parda",51,"Intervenção legal",11
"462","Fem","Parda",51,"Negligência",105
"463","Fem","Parda",51,"Outras",1579
"464","Fem","Parda",51,"Psicológica",2478
"465","Fem","Parda",51,"Sexual",384
"466","Fem","Parda",51,"Tortura",209
"467","Fem","Parda",51,"Trabalho infantil",1
"468","Fem","Parda",51,"Tráfico",4
"469","Fem","Parda",52,"Física",4592
"470","Fem","Parda",52,"Intervenção legal",7
"471","Fem","Parda",52,"Negligência",114
"472","Fem","Parda",52,"Outras",1395
"473","Fem","Parda",52,"Psicológica",2297
"474","Fem","Parda",52,"Sexual",346
"475","Fem","Parda",52,"Tortura",188
"476","Fem","Parda",52,"Trabalho infantil",0
"477","Fem","Parda",52,"Tráfico",4
"478","Fem","Parda",53,"Física",4063
"479","Fem","Parda",53,"Intervenção legal",8
"480","Fem","Parda",53,"Negligência",86
"481","Fem","Parda",53,"Outras",1234
"482","Fem","Parda",53,"Psicológica",2101
"483","Fem","Parda",53,"Sexual",310
"484","Fem","Parda",53,"Tortura",171
"485","Fem","Parda",53,"Trabalho infantil",1
"486","Fem","Parda",53,"Tráfico",2
"487","Fem","Parda",54,"Física",3670
"488","Fem","Parda",54,"Intervenção legal",11
"489","Fem","Parda",54,"Negligência",114
"490","Fem","Parda",54,"Outras",1193
"491","Fem","Parda",54,"Psicológica",1842
"492","Fem","Parda",54,"Sexual",286
"493","Fem","Parda",54,"Tortura",154
"494","Fem","Parda",54,"Trabalho infantil",0
"495","Fem","Parda",54,"Tráfico",3
"496","Fem","Parda",55,"Física",3373
"497","Fem","Parda",55,"Intervenção legal",4
"498","Fem","Parda",55,"Negligência",91
"499","Fem","Parda",55,"Outras",1073
"500","Fem","Parda",55,"Psicológica",1794
"501","Fem","Parda",55,"Sexual",248
"502","Fem","Parda",55,"Tortura",158
"503","Fem","Parda",55,"Trabalho infantil",0
"504","Fem","Parda",55,"Tráfico",1
"505","Fem","Parda",56,"Física",3043
"506","Fem","Parda",56,"Intervenção legal",7
"507","Fem","Parda",56,"Negligência",98
"508","Fem","Parda",56,"Outras",937
"509","Fem","Parda",56,"Psicológica",1584
"510","Fem","Parda",56,"Sexual",251
"511","Fem","Parda",56,"Tortura",116
"512","Fem","Parda",56,"Trabalho infantil",0
"513","Fem","Parda",56,"Tráfico",1
"514","Fem","Parda",57,"Física",2738
"515","Fem","Parda",57,"Intervenção legal",7
"516","Fem","Parda",57,"Negligência",107
"517","Fem","Parda",57,"Outras",862
"518","Fem","Parda",57,"Psicológica",1472
"519","Fem","Parda",57,"Sexual",247
"520","Fem","Parda",57,"Tortura",95
"521","Fem","Parda",57,"Trabalho infantil",0
"522","Fem","Parda",57,"Tráfico",1
"523","Fem","Parda",58,"Física",2412
"524","Fem","Parda",58,"Intervenção legal",11
"525","Fem","Parda",58,"Negligência",105
"526","Fem","Parda",58,"Outras",745
"527","Fem","Parda",58,"Psicológica",1398
"528","Fem","Parda",58,"Sexual",216
"529","Fem","Parda",58,"Tortura",106
"530","Fem","Parda",58,"Trabalho infantil",0
"531","Fem","Parda",58,"Tráfico",1
"532","Fem","Parda",59,"Física",2179
"533","Fem","Parda",59,"Intervenção legal",5
"534","Fem","Parda",59,"Negligência",124
"535","Fem","Parda",59,"Outras",638
"536","Fem","Parda",59,"Psicológica",1233
"537","Fem","Parda",59,"Sexual",156
"538","Fem","Parda",59,"Tortura",96
"539","Fem","Parda",59,"Trabalho infantil",0
"540","Fem","Parda",59,"Tráfico",2
"541","Fem","Parda",60,"Física",2177
"542","Fem","Parda",60,"Intervenção legal",5
"543","Fem","Parda",60,"Negligência",463
"544","Fem","Parda",60,"Outras",592
"545","Fem","Parda",60,"Psicológica",1226
"546","Fem","Parda",60,"Sexual",168
"547","Fem","Parda",60,"Tortura",82
"548","Fem","Parda",60,"Trabalho infantil",1
"549","Fem","Parda",60,"Tráfico",3
"550","Fem","Parda",61,"Física",1937
"551","Fem","Parda",61,"Intervenção legal",3
"552","Fem","Parda",61,"Negligência",487
"553","Fem","Parda",61,"Outras",534
"554","Fem","Parda",61,"Psicológica",1068
"555","Fem","Parda",61,"Sexual",147
"556","Fem","Parda",61,"Tortura",71
"557","Fem","Parda",61,"Trabalho infantil",0
"558","Fem","Parda",61,"Tráfico",2
"559","Fem","Parda",62,"Física",1705
"560","Fem","Parda",62,"Intervenção legal",6
"561","Fem","Parda",62,"Negligência",531
"562","Fem","Parda",62,"Outras",476
"563","Fem","Parda",62,"Psicológica",954
"564","Fem","Parda",62,"Sexual",120
"565","Fem","Parda",62,"Tortura",58
"566","Fem","Parda",62,"Trabalho infantil",0
"567","Fem","Parda",62,"Tráfico",3
"568","Fem","Parda",63,"Física",1582
"569","Fem","Parda",63,"Intervenção legal",6
"570","Fem","Parda",63,"Negligência",543
"571","Fem","Parda",63,"Outras",458
"572","Fem","Parda",63,"Psicológica",961
"573","Fem","Parda",63,"Sexual",136
"574","Fem","Parda",63,"Tortura",62
"575","Fem","Parda",63,"Trabalho infantil",0
"576","Fem","Parda",63,"Tráfico",0
"577","Fem","Parda",64,"Física",1465
"578","Fem","Parda",64,"Intervenção legal",0
"579","Fem","Parda",64,"Negligência",571
"580","Fem","Parda",64,"Outras",439
"581","Fem","Parda",64,"Psicológica",856
"582","Fem","Parda",64,"Sexual",104
"583","Fem","Parda",64,"Tortura",58
"584","Fem","Parda",64,"Trabalho infantil",0
"585","Fem","Parda",64,"Tráfico",2
"586","Fem","Parda",65,"Física",1296
"587","Fem","Parda",65,"Intervenção legal",2
"588","Fem","Parda",65,"Negligência",649
"589","Fem","Parda",65,"Outras",387
"590","Fem","Parda",65,"Psicológica",761
"591","Fem","Parda",65,"Sexual",98
"592","Fem","Parda",65,"Tortura",58
"593","Fem","Parda",65,"Trabalho infantil",0
"594","Fem","Parda",65,"Tráfico",2
"595","Fem","Parda",66,"Física",1162
"596","Fem","Parda",66,"Intervenção legal",3
"597","Fem","Parda",66,"Negligência",606
"598","Fem","Parda",66,"Outras",383
"599","Fem","Parda",66,"Psicológica",694
"600","Fem","Parda",66,"Sexual",75
"601","Fem","Parda",66,"Tortura",49
"602","Fem","Parda",66,"Trabalho infantil",2
"603","Fem","Parda",66,"Tráfico",0
"604","Fem","Parda",67,"Física",1122
"605","Fem","Parda",67,"Intervenção legal",4
"606","Fem","Parda",67,"Negligência",673
"607","Fem","Parda",67,"Outras",307
"608","Fem","Parda",67,"Psicológica",657
"609","Fem","Parda",67,"Sexual",69
"610","Fem","Parda",67,"Tortura",48
"611","Fem","Parda",67,"Trabalho infantil",0
"612","Fem","Parda",67,"Tráfico",0
"613","Fem","Parda",68,"Física",965
"614","Fem","Parda",68,"Intervenção legal",6
"615","Fem","Parda",68,"Negligência",666
"616","Fem","Parda",68,"Outras",302
"617","Fem","Parda",68,"Psicológica",560
"618","Fem","Parda",68,"Sexual",51
"619","Fem","Parda",68,"Tortura",30
"620","Fem","Parda",68,"Trabalho infantil",0
"621","Fem","Parda",68,"Tráfico",1
"622","Fem","Parda",69,"Física",944
"623","Fem","Parda",69,"Intervenção legal",3
"624","Fem","Parda",69,"Negligência",680
"625","Fem","Parda",69,"Outras",281
"626","Fem","Parda",69,"Psicológica",569
"627","Fem","Parda",69,"Sexual",60
"628","Fem","Parda",69,"Tortura",37
"629","Fem","Parda",69,"Trabalho infantil",0
"630","Fem","Parda",69,"Tráfico",0
"631","Fem","Parda",70,"Física",846
"632","Fem","Parda",70,"Intervenção legal",4
"633","Fem","Parda",70,"Negligência",724
"634","Fem","Parda",70,"Outras",277
"635","Fem","Parda",70,"Psicológica",535
"636","Fem","Parda",70,"Sexual",56
"637","Fem","Parda",70,"Tortura",33
"638","Fem","Parda",70,"Trabalho infantil",0
"639","Fem","Parda",70,"Tráfico",1
"640","Fem","Parda",71,"Física",747
"641","Fem","Parda",71,"Intervenção legal",1
"642","Fem","Parda",71,"Negligência",781
"643","Fem","Parda",71,"Outras",229
"644","Fem","Parda",71,"Psicológica",494
"645","Fem","Parda",71,"Sexual",50
"646","Fem","Parda",71,"Tortura",35
"647","Fem","Parda",71,"Trabalho infantil",0
"648","Fem","Parda",71,"Tráfico",2
"649","Fem","Parda",72,"Física",675
"650","Fem","Parda",72,"Intervenção legal",3
"651","Fem","Parda",72,"Negligência",788
"652","Fem","Parda",72,"Outras",243
"653","Fem","Parda",72,"Psicológica",407
"654","Fem","Parda",72,"Sexual",41
"655","Fem","Parda",72,"Tortura",30
"656","Fem","Parda",72,"Trabalho infantil",1
"657","Fem","Parda",72,"Tráfico",1
"658","Fem","Parda",73,"Física",684
"659","Fem","Parda",73,"Intervenção legal",1
"660","Fem","Parda",73,"Negligência",809
"661","Fem","Parda",73,"Outras",231
"662","Fem","Parda",73,"Psicológica",368
"663","Fem","Parda",73,"Sexual",52
"664","Fem","Parda",73,"Tortura",30
"665","Fem","Parda",73,"Trabalho infantil",2
"666","Fem","Parda",73,"Tráfico",0
"667","Fem","Parda",74,"Física",569
"668","Fem","Parda",74,"Intervenção legal",1
"669","Fem","Parda",74,"Negligência",797
"670","Fem","Parda",74,"Outras",188
"671","Fem","Parda",74,"Psicológica",330
"672","Fem","Parda",74,"Sexual",41
"673","Fem","Parda",74,"Tortura",27
"674","Fem","Parda",74,"Trabalho infantil",0
"675","Fem","Parda",74,"Tráfico",0
"676","Fem","Parda",75,"Física",496
"677","Fem","Parda",75,"Intervenção legal",2
"678","Fem","Parda",75,"Negligência",830
"679","Fem","Parda",75,"Outras",190
"680","Fem","Parda",75,"Psicológica",325
"681","Fem","Parda",75,"Sexual",39
"682","Fem","Parda",75,"Tortura",32
"683","Fem","Parda",75,"Trabalho infantil",1
"684","Fem","Parda",75,"Tráfico",1
"685","Fem","Parda",76,"Física",492
"686","Fem","Parda",76,"Intervenção legal",2
"687","Fem","Parda",76,"Negligência",793
"688","Fem","Parda",76,"Outras",190
"689","Fem","Parda",76,"Psicológica",309
"690","Fem","Parda",76,"Sexual",34
"691","Fem","Parda",76,"Tortura",26
"692","Fem","Parda",76,"Trabalho infantil",1
"693","Fem","Parda",76,"Tráfico",1
"694","Fem","Parda",77,"Física",481
"695","Fem","Parda",77,"Intervenção legal",2
"696","Fem","Parda",77,"Negligência",760
"697","Fem","Parda",77,"Outras",193
"698","Fem","Parda",77,"Psicológica",287
"699","Fem","Parda",77,"Sexual",37
"700","Fem","Parda",77,"Tortura",16
"701","Fem","Parda",77,"Trabalho infantil",0
"702","Fem","Parda",77,"Tráfico",0
"703","Fem","Parda",78,"Física",408
"704","Fem","Parda",78,"Intervenção legal",3
"705","Fem","Parda",78,"Negligência",759
"706","Fem","Parda",78,"Outras",165
"707","Fem","Parda",78,"Psicológica",266
"708","Fem","Parda",78,"Sexual",35
"709","Fem","Parda",78,"Tortura",18
"710","Fem","Parda",78,"Trabalho infantil",0
"711","Fem","Parda",78,"Tráfico",0
"712","Fem","Parda",79,"Física",350
"713","Fem","Parda",79,"Intervenção legal",1
"714","Fem","Parda",79,"Negligência",776
"715","Fem","Parda",79,"Outras",148
"716","Fem","Parda",79,"Psicológica",224
"717","Fem","Parda",79,"Sexual",24
"718","Fem","Parda",79,"Tortura",21
"719","Fem","Parda",79,"Trabalho infantil",1
"720","Fem","Parda",79,"Tráfico",1
"721","Fem","Parda",80,"Física",333
"722","Fem","Parda",80,"Intervenção legal",2
"723","Fem","Parda",80,"Negligência",720
"724","Fem","Parda",80,"Outras",139
"725","Fem","Parda",80,"Psicológica",193
"726","Fem","Parda",80,"Sexual",26
"727","Fem","Parda",80,"Tortura",30
"728","Fem","Parda",80,"Trabalho infantil",0
"729","Fem","Parda",80,"Tráfico",1
"730","Fem","Parda",81,"Física",335
"731","Fem","Parda",81,"Intervenção legal",1
"732","Fem","Parda",81,"Negligência",719
"733","Fem","Parda",81,"Outras",116
"734","Fem","Parda",81,"Psicológica",197
"735","Fem","Parda",81,"Sexual",27
"736","Fem","Parda",81,"Tortura",23
"737","Fem","Parda",81,"Trabalho infantil",0
"738","Fem","Parda",81,"Tráfico",0
"739","Fem","Parda",82,"Física",300
"740","Fem","Parda",82,"Intervenção legal",0
"741","Fem","Parda",82,"Negligência",704
"742","Fem","Parda",82,"Outras",122
"743","Fem","Parda",82,"Psicológica",177
"744","Fem","Parda",82,"Sexual",28
"745","Fem","Parda",82,"Tortura",19
"746","Fem","Parda",82,"Trabalho infantil",0
"747","Fem","Parda",82,"Tráfico",0
"748","Fem","Parda",83,"Física",284
"749","Fem","Parda",83,"Intervenção legal",0
"750","Fem","Parda",83,"Negligência",711
"751","Fem","Parda",83,"Outras",108
"752","Fem","Parda",83,"Psicológica",165
"753","Fem","Parda",83,"Sexual",17
"754","Fem","Parda",83,"Tortura",18
"755","Fem","Parda",83,"Trabalho infantil",0
"756","Fem","Parda",83,"Tráfico",0
"757","Fem","Parda",84,"Física",256
"758","Fem","Parda",84,"Intervenção legal",0
"759","Fem","Parda",84,"Negligência",623
"760","Fem","Parda",84,"Outras",94
"761","Fem","Parda",84,"Psicológica",169
"762","Fem","Parda",84,"Sexual",15
"763","Fem","Parda",84,"Tortura",14
"764","Fem","Parda",84,"Trabalho infantil",0
"765","Fem","Parda",84,"Tráfico",1
"766","Fem","Parda",85,"Física",214
"767","Fem","Parda",85,"Intervenção legal",0
"768","Fem","Parda",85,"Negligência",570
"769","Fem","Parda",85,"Outras",93
"770","Fem","Parda",85,"Psicológica",131
"771","Fem","Parda",85,"Sexual",12
"772","Fem","Parda",85,"Tortura",14
"773","Fem","Parda",85,"Trabalho infantil",0
"774","Fem","Parda",85,"Tráfico",0
"775","Fem","Parda",86,"Física",179
"776","Fem","Parda",86,"Intervenção legal",1
"777","Fem","Parda",86,"Negligência",538
"778","Fem","Parda",86,"Outras",76
"779","Fem","Parda",86,"Psicológica",122
"780","Fem","Parda",86,"Sexual",14
"781","Fem","Parda",86,"Tortura",16
"782","Fem","Parda",86,"Trabalho infantil",0
"783","Fem","Parda",86,"Tráfico",0
"784","Fem","Parda",87,"Física",171
"785","Fem","Parda",87,"Intervenção legal",1
"786","Fem","Parda",87,"Negligência",518
"787","Fem","Parda",87,"Outras",78
"788","Fem","Parda",87,"Psicológica",119
"789","Fem","Parda",87,"Sexual",9
"790","Fem","Parda",87,"Tortura",11
"791","Fem","Parda",87,"Trabalho infantil",0
"792","Fem","Parda",87,"Tráfico",1
"793","Fem","Parda",88,"Física",129
"794","Fem","Parda",88,"Intervenção legal",1
"795","Fem","Parda",88,"Negligência",446
"796","Fem","Parda",88,"Outras",68
"797","Fem","Parda",88,"Psicológica",90
"798","Fem","Parda",88,"Sexual",13
"799","Fem","Parda",88,"Tortura",9
"800","Fem","Parda",88,"Trabalho infantil",0
"801","Fem","Parda",88,"Tráfico",0
"802","Fem","Parda",89,"Física",118
"803","Fem","Parda",89,"Intervenção legal",1
"804","Fem","Parda",89,"Negligência",339
"805","Fem","Parda",89,"Outras",56
"806","Fem","Parda",89,"Psicológica",69
"807","Fem","Parda",89,"Sexual",7
"808","Fem","Parda",89,"Tortura",4
"809","Fem","Parda",89,"Trabalho infantil",0
"810","Fem","Parda",89,"Tráfico",0
"811","Fem","Parda",90,"Física",87
"812","Fem","Parda",90,"Intervenção legal",0
"813","Fem","Parda",90,"Negligência",320
"814","Fem","Parda",90,"Outras",34
"815","Fem","Parda",90,"Psicológica",48
"816","Fem","Parda",90,"Sexual",10
"817","Fem","Parda",90,"Tortura",4
"818","Fem","Parda",90,"Trabalho infantil",0
"819","Fem","Parda",90,"Tráfico",0
"820","Fem","Parda",91,"Física",93
"821","Fem","Parda",91,"Intervenção legal",0
"822","Fem","Parda",91,"Negligência",293
"823","Fem","Parda",91,"Outras",35
"824","Fem","Parda",91,"Psicológica",39
"825","Fem","Parda",91,"Sexual",6
"826","Fem","Parda",91,"Tortura",2
"827","Fem","Parda",91,"Trabalho infantil",0
"828","Fem","Parda",91,"Tráfico",0
"829","Fem","Parda",92,"Física",66
"830","Fem","Parda",92,"Intervenção legal",0
"831","Fem","Parda",92,"Negligência",246
"832","Fem","Parda",92,"Outras",22
"833","Fem","Parda",92,"Psicológica",44
"834","Fem","Parda",92,"Sexual",5
"835","Fem","Parda",92,"Tortura",5
"836","Fem","Parda",92,"Trabalho infantil",0
"837","Fem","Parda",92,"Tráfico",0
"838","Fem","Parda",93,"Física",54
"839","Fem","Parda",93,"Intervenção legal",0
"840","Fem","Parda",93,"Negligência",182
"841","Fem","Parda",93,"Outras",28
"842","Fem","Parda",93,"Psicológica",25
"843","Fem","Parda",93,"Sexual",4
"844","Fem","Parda",93,"Tortura",3
"845","Fem","Parda",93,"Trabalho infantil",0
"846","Fem","Parda",93,"Tráfico",0
"847","Fem","Parda",94,"Física",39
"848","Fem","Parda",94,"Intervenção legal",0
"849","Fem","Parda",94,"Negligência",164
"850","Fem","Parda",94,"Outras",10
"851","Fem","Parda",94,"Psicológica",19
"852","Fem","Parda",94,"Sexual",0
"853","Fem","Parda",94,"Tortura",4
"854","Fem","Parda",94,"Trabalho infantil",0
"855","Fem","Parda",94,"Tráfico",0
"856","Fem","Parda",95,"Física",40
"857","Fem","Parda",95,"Intervenção legal",0
"858","Fem","Parda",95,"Negligência",113
"859","Fem","Parda",95,"Outras",18
"860","Fem","Parda",95,"Psicológica",22
"861","Fem","Parda",95,"Sexual",3
"862","Fem","Parda",95,"Tortura",4
"863","Fem","Parda",95,"Trabalho infantil",0
"864","Fem","Parda",95,"Tráfico",1
"865","Fem","Parda",96,"Física",32
"866","Fem","Parda",96,"Intervenção legal",0
"867","Fem","Parda",96,"Negligência",100
"868","Fem","Parda",96,"Outras",15
"869","Fem","Parda",96,"Psicológica",15
"870","Fem","Parda",96,"Sexual",2
"871","Fem","Parda",96,"Tortura",1
"872","Fem","Parda",96,"Trabalho infantil",0
"873","Fem","Parda",96,"Tráfico",0
"874","Fem","Parda",97,"Física",21
"875","Fem","Parda",97,"Intervenção legal",0
"876","Fem","Parda",97,"Negligência",68
"877","Fem","Parda",97,"Outras",10
"878","Fem","Parda",97,"Psicológica",10
"879","Fem","Parda",97,"Sexual",0
"880","Fem","Parda",97,"Tortura",3
"881","Fem","Parda",97,"Trabalho infantil",0
"882","Fem","Parda",97,"Tráfico",0
"883","Fem","Parda",98,"Física",18
"884","Fem","Parda",98,"Intervenção legal",0
"885","Fem","Parda",98,"Negligência",62
"886","Fem","Parda",98,"Outras",4
"887","Fem","Parda",98,"Psicológica",9
"888","Fem","Parda",98,"Sexual",5
"889","Fem","Parda",98,"Tortura",1
"890","Fem","Parda",98,"Trabalho infantil",0
"891","Fem","Parda",98,"Tráfico",0
"892","Fem","Parda",99,"Física",15
"893","Fem","Parda",99,"Intervenção legal",0
"894","Fem","Parda",99,"Negligência",43
"895","Fem","Parda",99,"Outras",7
"896","Fem","Parda",99,"Psicológica",4
"897","Fem","Parda",99,"Sexual",3
"898","Fem","Parda",99,"Tortura",0
"899","Fem","Parda",99,"Trabalho infantil",0
"900","Fem","Parda",99,"Tráfico",0
"901","Fem","Parda",100,"Física",13
"902","Fem","Parda",100,"Intervenção legal",0
"903","Fem","Parda",100,"Negligência",24
"904","Fem","Parda",100,"Outras",6
"905","Fem","Parda",100,"Psicológica",7
"906","Fem","Parda",100,"Sexual",0
"907","Fem","Parda",100,"Tortura",1
"908","Fem","Parda",100,"Trabalho infantil",0
"909","Fem","Parda",100,"Tráfico",0
"910","Fem","Branca",0,"Física",7
"911","Fem","Branca",0,"Intervenção legal",0
"912","Fem","Branca",0,"Negligência",12
"913","Fem","Branca",0,"Outras",1
"914","Fem","Branca",0,"Psicológica",1
"915","Fem","Branca",0,"Sexual",2
"916","Fem","Branca",0,"Tortura",0
"917","Fem","Branca",0,"Trabalho infantil",0
"918","Fem","Branca",0,"Tráfico",0
"919","Fem","Branca",1,"Física",1875
"920","Fem","Branca",1,"Intervenção legal",10
"921","Fem","Branca",1,"Negligência",9101
"922","Fem","Branca",1,"Outras",367
"923","Fem","Branca",1,"Psicológica",641
"924","Fem","Branca",1,"Sexual",2515
"925","Fem","Branca",1,"Tortura",70
"926","Fem","Branca",1,"Trabalho infantil",40
"927","Fem","Branca",1,"Tráfico",4
"928","Fem","Branca",2,"Física",2077
"929","Fem","Branca",2,"Intervenção legal",9
"930","Fem","Branca",2,"Negligência",5859
"931","Fem","Branca",2,"Outras",298
"932","Fem","Branca",2,"Psicológica",1112
"933","Fem","Branca",2,"Sexual",4965
"934","Fem","Branca",2,"Tortura",98
"935","Fem","Branca",2,"Trabalho infantil",33
"936","Fem","Branca",2,"Tráfico",1
"937","Fem","Branca",3,"Física",2369
"938","Fem","Branca",3,"Intervenção legal",12
"939","Fem","Branca",3,"Negligência",4360
"940","Fem","Branca",3,"Outras",313
"941","Fem","Branca",3,"Psicológica",1593
"942","Fem","Branca",3,"Sexual",6925
"943","Fem","Branca",3,"Tortura",123
"944","Fem","Branca",3,"Trabalho infantil",38
"945","Fem","Branca",3,"Tráfico",8
"946","Fem","Branca",4,"Física",2263
"947","Fem","Branca",4,"Intervenção legal",19
"948","Fem","Branca",4,"Negligência",3525
"949","Fem","Branca",4,"Outras",251
"950","Fem","Branca",4,"Psicológica",1670
"951","Fem","Branca",4,"Sexual",5841
"952","Fem","Branca",4,"Tortura",118
"953","Fem","Branca",4,"Trabalho infantil",39
"954","Fem","Branca",4,"Tráfico",9
"955","Fem","Branca",5,"Física",2070
"956","Fem","Branca",5,"Intervenção legal",11
"957","Fem","Branca",5,"Negligência",2846
"958","Fem","Branca",5,"Outras",279
"959","Fem","Branca",5,"Psicológica",1651
"960","Fem","Branca",5,"Sexual",4691
"961","Fem","Branca",5,"Tortura",115
"962","Fem","Branca",5,"Trabalho infantil",45
"963","Fem","Branca",5,"Tráfico",5
"964","Fem","Branca",6,"Física",2042
"965","Fem","Branca",6,"Intervenção legal",16
"966","Fem","Branca",6,"Negligência",2368
"967","Fem","Branca",6,"Outras",227
"968","Fem","Branca",6,"Psicológica",1757
"969","Fem","Branca",6,"Sexual",4302
"970","Fem","Branca",6,"Tortura",129
"971","Fem","Branca",6,"Trabalho infantil",48
"972","Fem","Branca",6,"Tráfico",5
"973","Fem","Branca",7,"Física",1899
"974","Fem","Branca",7,"Intervenção legal",12
"975","Fem","Branca",7,"Negligência",2146
"976","Fem","Branca",7,"Outras",228
"977","Fem","Branca",7,"Psicológica",1790
"978","Fem","Branca",7,"Sexual",4135
"979","Fem","Branca",7,"Tortura",137
"980","Fem","Branca",7,"Trabalho infantil",62
"981","Fem","Branca",7,"Tráfico",3
"982","Fem","Branca",8,"Física",1978
"983","Fem","Branca",8,"Intervenção legal",10
"984","Fem","Branca",8,"Negligência",1836
"985","Fem","Branca",8,"Outras",247
"986","Fem","Branca",8,"Psicológica",1872
"987","Fem","Branca",8,"Sexual",4126
"988","Fem","Branca",8,"Tortura",124
"989","Fem","Branca",8,"Trabalho infantil",77
"990","Fem","Branca",8,"Tráfico",5
"991","Fem","Branca",9,"Física",2029
"992","Fem","Branca",9,"Intervenção legal",12
"993","Fem","Branca",9,"Negligência",1710
"994","Fem","Branca",9,"Outras",317
"995","Fem","Branca",9,"Psicológica",1968
"996","Fem","Branca",9,"Sexual",4349
"997","Fem","Branca",9,"Tortura",132
"998","Fem","Branca",9,"Trabalho infantil",96
"999","Fem","Branca",9,"Tráfico",8
"1000","Fem","Branca",10,"Física",2335
"1001","Fem","Branca",10,"Intervenção legal",10
"1002","Fem","Branca",10,"Negligência",1556
"1003","Fem","Branca",10,"Outras",670
"1004","Fem","Branca",10,"Psicológica",2190
"1005","Fem","Branca",10,"Sexual",4773
"1006","Fem","Branca",10,"Tortura",145
"1007","Fem","Branca",10,"Trabalho infantil",109
"1008","Fem","Branca",10,"Tráfico",4
"1009","Fem","Branca",11,"Física",3360
"1010","Fem","Branca",11,"Intervenção legal",21
"1011","Fem","Branca",11,"Negligência",1565
"1012","Fem","Branca",11,"Outras",1980
"1013","Fem","Branca",11,"Psicológica",2616
"1014","Fem","Branca",11,"Sexual",6024
"1015","Fem","Branca",11,"Tortura",192
"1016","Fem","Branca",11,"Trabalho infantil",128
"1017","Fem","Branca",11,"Tráfico",6
"1018","Fem","Branca",12,"Física",5655
"1019","Fem","Branca",12,"Intervenção legal",34
"1020","Fem","Branca",12,"Negligência",1820
"1021","Fem","Branca",12,"Outras",4891
"1022","Fem","Branca",12,"Psicológica",3628
"1023","Fem","Branca",12,"Sexual",8855
"1024","Fem","Branca",12,"Tortura",273
"1025","Fem","Branca",12,"Trabalho infantil",123
"1026","Fem","Branca",12,"Tráfico",17
"1027","Fem","Branca",13,"Física",8541
"1028","Fem","Branca",13,"Intervenção legal",35
"1029","Fem","Branca",13,"Negligência",2283
"1030","Fem","Branca",13,"Outras",8305
"1031","Fem","Branca",13,"Psicológica",4544
"1032","Fem","Branca",13,"Sexual",11717
"1033","Fem","Branca",13,"Tortura",354
"1034","Fem","Branca",13,"Trabalho infantil",152
"1035","Fem","Branca",13,"Tráfico",10
"1036","Fem","Branca",14,"Física",10743
"1037","Fem","Branca",14,"Intervenção legal",33
"1038","Fem","Branca",14,"Negligência",2694
"1039","Fem","Branca",14,"Outras",10604
"1040","Fem","Branca",14,"Psicológica",4690
"1041","Fem","Branca",14,"Sexual",8345
"1042","Fem","Branca",14,"Tortura",420
"1043","Fem","Branca",14,"Trabalho infantil",143
"1044","Fem","Branca",14,"Tráfico",15
"1045","Fem","Branca",15,"Física",12406
"1046","Fem","Branca",15,"Intervenção legal",33
"1047","Fem","Branca",15,"Negligência",2569
"1048","Fem","Branca",15,"Outras",11687
"1049","Fem","Branca",15,"Psicológica",4791
"1050","Fem","Branca",15,"Sexual",5857
"1051","Fem","Branca",15,"Tortura",462
"1052","Fem","Branca",15,"Trabalho infantil",142
"1053","Fem","Branca",15,"Tráfico",14
"1054","Fem","Branca",16,"Física",13273
"1055","Fem","Branca",16,"Intervenção legal",32
"1056","Fem","Branca",16,"Negligência",2436
"1057","Fem","Branca",16,"Outras",11645
"1058","Fem","Branca",16,"Psicológica",4970
"1059","Fem","Branca",16,"Sexual",4779
"1060","Fem","Branca",16,"Tortura",472
"1061","Fem","Branca",16,"Trabalho infantil",115
"1062","Fem","Branca",16,"Tráfico",13
"1063","Fem","Branca",17,"Física",14029
"1064","Fem","Branca",17,"Intervenção legal",35
"1065","Fem","Branca",17,"Negligência",2009
"1066","Fem","Branca",17,"Outras",10865
"1067","Fem","Branca",17,"Psicológica",4965
"1068","Fem","Branca",17,"Sexual",3691
"1069","Fem","Branca",17,"Tortura",470
"1070","Fem","Branca",17,"Trabalho infantil",53
"1071","Fem","Branca",17,"Tráfico",5
"1072","Fem","Branca",18,"Física",13944
"1073","Fem","Branca",18,"Intervenção legal",19
"1074","Fem","Branca",18,"Negligência",298
"1075","Fem","Branca",18,"Outras",9579
"1076","Fem","Branca",18,"Psicológica",4998
"1077","Fem","Branca",18,"Sexual",3103
"1078","Fem","Branca",18,"Tortura",466
"1079","Fem","Branca",18,"Trabalho infantil",4
"1080","Fem","Branca",18,"Tráfico",8
"1081","Fem","Branca",19,"Física",14721
"1082","Fem","Branca",19,"Intervenção legal",22
"1083","Fem","Branca",19,"Negligência",244
"1084","Fem","Branca",19,"Outras",9444
"1085","Fem","Branca",19,"Psicológica",5192
"1086","Fem","Branca",19,"Sexual",2914
"1087","Fem","Branca",19,"Tortura",503
"1088","Fem","Branca",19,"Trabalho infantil",1
"1089","Fem","Branca",19,"Tráfico",5
"1090","Fem","Branca",20,"Física",15768
"1091","Fem","Branca",20,"Intervenção legal",22
"1092","Fem","Branca",20,"Negligência",232
"1093","Fem","Branca",20,"Outras",8861
"1094","Fem","Branca",20,"Psicológica",5650
"1095","Fem","Branca",20,"Sexual",2664
"1096","Fem","Branca",20,"Tortura",488
"1097","Fem","Branca",20,"Trabalho infantil",4
"1098","Fem","Branca",20,"Tráfico",5
"1099","Fem","Branca",21,"Física",16025
"1100","Fem","Branca",21,"Intervenção legal",26
"1101","Fem","Branca",21,"Negligência",224
"1102","Fem","Branca",21,"Outras",8510
"1103","Fem","Branca",21,"Psicológica",5838
"1104","Fem","Branca",21,"Sexual",2580
"1105","Fem","Branca",21,"Tortura",511
"1106","Fem","Branca",21,"Trabalho infantil",4
"1107","Fem","Branca",21,"Tráfico",10
"1108","Fem","Branca",22,"Física",16167
"1109","Fem","Branca",22,"Intervenção legal",24
"1110","Fem","Branca",22,"Negligência",242
"1111","Fem","Branca",22,"Outras",8073
"1112","Fem","Branca",22,"Psicológica",6067
"1113","Fem","Branca",22,"Sexual",2432
"1114","Fem","Branca",22,"Tortura",527
"1115","Fem","Branca",22,"Trabalho infantil",8
"1116","Fem","Branca",22,"Tráfico",14
"1117","Fem","Branca",23,"Física",15887
"1118","Fem","Branca",23,"Intervenção legal",27
"1119","Fem","Branca",23,"Negligência",252
"1120","Fem","Branca",23,"Outras",7621
"1121","Fem","Branca",23,"Psicológica",6211
"1122","Fem","Branca",23,"Sexual",2262
"1123","Fem","Branca",23,"Tortura",569
"1124","Fem","Branca",23,"Trabalho infantil",1
"1125","Fem","Branca",23,"Tráfico",13
"1126","Fem","Branca",24,"Física",15642
"1127","Fem","Branca",24,"Intervenção legal",18
"1128","Fem","Branca",24,"Negligência",201
"1129","Fem","Branca",24,"Outras",7171
"1130","Fem","Branca",24,"Psicológica",6233
"1131","Fem","Branca",24,"Sexual",2124
"1132","Fem","Branca",24,"Tortura",550
"1133","Fem","Branca",24,"Trabalho infantil",1
"1134","Fem","Branca",24,"Tráfico",8
"1135","Fem","Branca",25,"Física",15023
"1136","Fem","Branca",25,"Intervenção legal",17
"1137","Fem","Branca",25,"Negligência",226
"1138","Fem","Branca",25,"Outras",6650
"1139","Fem","Branca",25,"Psicológica",6009
"1140","Fem","Branca",25,"Sexual",1968
"1141","Fem","Branca",25,"Tortura",509
"1142","Fem","Branca",25,"Trabalho infantil",5
"1143","Fem","Branca",25,"Tráfico",10
"1144","Fem","Branca",26,"Física",15105
"1145","Fem","Branca",26,"Intervenção legal",21
"1146","Fem","Branca",26,"Negligência",190
"1147","Fem","Branca",26,"Outras",6327
"1148","Fem","Branca",26,"Psicológica",6365
"1149","Fem","Branca",26,"Sexual",1873
"1150","Fem","Branca",26,"Tortura",541
"1151","Fem","Branca",26,"Trabalho infantil",5
"1152","Fem","Branca",26,"Tráfico",16
"1153","Fem","Branca",27,"Física",14574
"1154","Fem","Branca",27,"Intervenção legal",20
"1155","Fem","Branca",27,"Negligência",212
"1156","Fem","Branca",27,"Outras",5973
"1157","Fem","Branca",27,"Psicológica",6249
"1158","Fem","Branca",27,"Sexual",1891
"1159","Fem","Branca",27,"Tortura",555
"1160","Fem","Branca",27,"Trabalho infantil",1
"1161","Fem","Branca",27,"Tráfico",10
"1162","Fem","Branca",28,"Física",14127
"1163","Fem","Branca",28,"Intervenção legal",24
"1164","Fem","Branca",28,"Negligência",182
"1165","Fem","Branca",28,"Outras",5483
"1166","Fem","Branca",28,"Psicológica",6150
"1167","Fem","Branca",28,"Sexual",1616
"1168","Fem","Branca",28,"Tortura",565
"1169","Fem","Branca",28,"Trabalho infantil",3
"1170","Fem","Branca",28,"Tráfico",6
"1171","Fem","Branca",29,"Física",13631
"1172","Fem","Branca",29,"Intervenção legal",21
"1173","Fem","Branca",29,"Negligência",152
"1174","Fem","Branca",29,"Outras",5197
"1175","Fem","Branca",29,"Psicológica",5903
"1176","Fem","Branca",29,"Sexual",1528
"1177","Fem","Branca",29,"Tortura",502
"1178","Fem","Branca",29,"Trabalho infantil",0
"1179","Fem","Branca",29,"Tráfico",7
"1180","Fem","Branca",30,"Física",13799
"1181","Fem","Branca",30,"Intervenção legal",11
"1182","Fem","Branca",30,"Negligência",134
"1183","Fem","Branca",30,"Outras",5031
"1184","Fem","Branca",30,"Psicológica",6068
"1185","Fem","Branca",30,"Sexual",1397
"1186","Fem","Branca",30,"Tortura",494
"1187","Fem","Branca",30,"Trabalho infantil",2
"1188","Fem","Branca",30,"Tráfico",8
"1189","Fem","Branca",31,"Física",13467
"1190","Fem","Branca",31,"Intervenção legal",19
"1191","Fem","Branca",31,"Negligência",156
"1192","Fem","Branca",31,"Outras",4765
"1193","Fem","Branca",31,"Psicológica",6049
"1194","Fem","Branca",31,"Sexual",1396
"1195","Fem","Branca",31,"Tortura",516
"1196","Fem","Branca",31,"Trabalho infantil",2
"1197","Fem","Branca",31,"Tráfico",12
"1198","Fem","Branca",32,"Física",13201
"1199","Fem","Branca",32,"Intervenção legal",28
"1200","Fem","Branca",32,"Negligência",163
"1201","Fem","Branca",32,"Outras",4915
"1202","Fem","Branca",32,"Psicológica",6035
"1203","Fem","Branca",32,"Sexual",1311
"1204","Fem","Branca",32,"Tortura",508
"1205","Fem","Branca",32,"Trabalho infantil",2
"1206","Fem","Branca",32,"Tráfico",7
"1207","Fem","Branca",33,"Física",13131
"1208","Fem","Branca",33,"Intervenção legal",18
"1209","Fem","Branca",33,"Negligência",165
"1210","Fem","Branca",33,"Outras",4847
"1211","Fem","Branca",33,"Psicológica",6055
"1212","Fem","Branca",33,"Sexual",1276
"1213","Fem","Branca",33,"Tortura",551
"1214","Fem","Branca",33,"Trabalho infantil",1
"1215","Fem","Branca",33,"Tráfico",5
"1216","Fem","Branca",34,"Física",13033
"1217","Fem","Branca",34,"Intervenção legal",17
"1218","Fem","Branca",34,"Negligência",151
"1219","Fem","Branca",34,"Outras",4756
"1220","Fem","Branca",34,"Psicológica",6142
"1221","Fem","Branca",34,"Sexual",1334
"1222","Fem","Branca",34,"Tortura",524
"1223","Fem","Branca",34,"Trabalho infantil",4
"1224","Fem","Branca",34,"Tráfico",8
"1225","Fem","Branca",35,"Física",12735
"1226","Fem","Branca",35,"Intervenção legal",28
"1227","Fem","Branca",35,"Negligência",125
"1228","Fem","Branca",35,"Outras",4764
"1229","Fem","Branca",35,"Psicológica",5963
"1230","Fem","Branca",35,"Sexual",1254
"1231","Fem","Branca",35,"Tortura",496
"1232","Fem","Branca",35,"Trabalho infantil",1
"1233","Fem","Branca",35,"Tráfico",9
"1234","Fem","Branca",36,"Física",12388
"1235","Fem","Branca",36,"Intervenção legal",22
"1236","Fem","Branca",36,"Negligência",123
"1237","Fem","Branca",36,"Outras",4690
"1238","Fem","Branca",36,"Psicológica",5927
"1239","Fem","Branca",36,"Sexual",1153
"1240","Fem","Branca",36,"Tortura",515
"1241","Fem","Branca",36,"Trabalho infantil",0
"1242","Fem","Branca",36,"Tráfico",8
"1243","Fem","Branca",37,"Física",12055
"1244","Fem","Branca",37,"Intervenção legal",18
"1245","Fem","Branca",37,"Negligência",132
"1246","Fem","Branca",37,"Outras",4678
"1247","Fem","Branca",37,"Psicológica",5735
"1248","Fem","Branca",37,"Sexual",1114
"1249","Fem","Branca",37,"Tortura",471
"1250","Fem","Branca",37,"Trabalho infantil",2
"1251","Fem","Branca",37,"Tráfico",5
"1252","Fem","Branca",38,"Física",11993
"1253","Fem","Branca",38,"Intervenção legal",21
"1254","Fem","Branca",38,"Negligência",130
"1255","Fem","Branca",38,"Outras",4553
"1256","Fem","Branca",38,"Psicológica",5782
"1257","Fem","Branca",38,"Sexual",1102
"1258","Fem","Branca",38,"Tortura",455
"1259","Fem","Branca",38,"Trabalho infantil",1
"1260","Fem","Branca",38,"Tráfico",8
"1261","Fem","Branca",39,"Física",11433
"1262","Fem","Branca",39,"Intervenção legal",16
"1263","Fem","Branca",39,"Negligência",101
"1264","Fem","Branca",39,"Outras",4618
"1265","Fem","Branca",39,"Psicológica",5575
"1266","Fem","Branca",39,"Sexual",1009
"1267","Fem","Branca",39,"Tortura",428
"1268","Fem","Branca",39,"Trabalho infantil",4
"1269","Fem","Branca",39,"Tráfico",8
"1270","Fem","Branca",40,"Física",11240
"1271","Fem","Branca",40,"Intervenção legal",17
"1272","Fem","Branca",40,"Negligência",118
"1273","Fem","Branca",40,"Outras",4459
"1274","Fem","Branca",40,"Psicológica",5541
"1275","Fem","Branca",40,"Sexual",964
"1276","Fem","Branca",40,"Tortura",421
"1277","Fem","Branca",40,"Trabalho infantil",2
"1278","Fem","Branca",40,"Tráfico",5
"1279","Fem","Branca",41,"Física",10379
"1280","Fem","Branca",41,"Intervenção legal",18
"1281","Fem","Branca",41,"Negligência",88
"1282","Fem","Branca",41,"Outras",4318
"1283","Fem","Branca",41,"Psicológica",5047
"1284","Fem","Branca",41,"Sexual",887
"1285","Fem","Branca",41,"Tortura",415
"1286","Fem","Branca",41,"Trabalho infantil",2
"1287","Fem","Branca",41,"Tráfico",7
"1288","Fem","Branca",42,"Física",9965
"1289","Fem","Branca",42,"Intervenção legal",28
"1290","Fem","Branca",42,"Negligência",97
"1291","Fem","Branca",42,"Outras",4190
"1292","Fem","Branca",42,"Psicológica",4737
"1293","Fem","Branca",42,"Sexual",825
"1294","Fem","Branca",42,"Tortura",344
"1295","Fem","Branca",42,"Trabalho infantil",3
"1296","Fem","Branca",42,"Tráfico",6
"1297","Fem","Branca",43,"Física",9252
"1298","Fem","Branca",43,"Intervenção legal",13
"1299","Fem","Branca",43,"Negligência",91
"1300","Fem","Branca",43,"Outras",3942
"1301","Fem","Branca",43,"Psicológica",4474
"1302","Fem","Branca",43,"Sexual",736
"1303","Fem","Branca",43,"Tortura",371
"1304","Fem","Branca",43,"Trabalho infantil",2
"1305","Fem","Branca",43,"Tráfico",4
"1306","Fem","Branca",44,"Física",8555
"1307","Fem","Branca",44,"Intervenção legal",14
"1308","Fem","Branca",44,"Negligência",74
"1309","Fem","Branca",44,"Outras",3792
"1310","Fem","Branca",44,"Psicológica",4129
"1311","Fem","Branca",44,"Sexual",709
"1312","Fem","Branca",44,"Tortura",355
"1313","Fem","Branca",44,"Trabalho infantil",5
"1314","Fem","Branca",44,"Tráfico",7
"1315","Fem","Branca",45,"Física",8016
"1316","Fem","Branca",45,"Intervenção legal",9
"1317","Fem","Branca",45,"Negligência",86
"1318","Fem","Branca",45,"Outras",3553
"1319","Fem","Branca",45,"Psicológica",3988
"1320","Fem","Branca",45,"Sexual",627
"1321","Fem","Branca",45,"Tortura",309
"1322","Fem","Branca",45,"Trabalho infantil",1
"1323","Fem","Branca",45,"Tráfico",6
"1324","Fem","Branca",46,"Física",7431
"1325","Fem","Branca",46,"Intervenção legal",12
"1326","Fem","Branca",46,"Negligência",81
"1327","Fem","Branca",46,"Outras",3299
"1328","Fem","Branca",46,"Psicológica",3640
"1329","Fem","Branca",46,"Sexual",563
"1330","Fem","Branca",46,"Tortura",284
"1331","Fem","Branca",46,"Trabalho infantil",0
"1332","Fem","Branca",46,"Tráfico",2
"1333","Fem","Branca",47,"Física",7133
"1334","Fem","Branca",47,"Intervenção legal",21
"1335","Fem","Branca",47,"Negligência",102
"1336","Fem","Branca",47,"Outras",3132
"1337","Fem","Branca",47,"Psicológica",3590
"1338","Fem","Branca",47,"Sexual",559
"1339","Fem","Branca",47,"Tortura",268
"1340","Fem","Branca",47,"Trabalho infantil",3
"1341","Fem","Branca",47,"Tráfico",1
"1342","Fem","Branca",48,"Física",6477
"1343","Fem","Branca",48,"Intervenção legal",13
"1344","Fem","Branca",48,"Negligência",77
"1345","Fem","Branca",48,"Outras",2976
"1346","Fem","Branca",48,"Psicológica",3222
"1347","Fem","Branca",48,"Sexual",496
"1348","Fem","Branca",48,"Tortura",227
"1349","Fem","Branca",48,"Trabalho infantil",1
"1350","Fem","Branca",48,"Tráfico",4
"1351","Fem","Branca",49,"Física",6150
"1352","Fem","Branca",49,"Intervenção legal",11
"1353","Fem","Branca",49,"Negligência",88
"1354","Fem","Branca",49,"Outras",2851
"1355","Fem","Branca",49,"Psicológica",3083
"1356","Fem","Branca",49,"Sexual",418
"1357","Fem","Branca",49,"Tortura",236
"1358","Fem","Branca",49,"Trabalho infantil",2
"1359","Fem","Branca",49,"Tráfico",4
"1360","Fem","Branca",50,"Física",5714
"1361","Fem","Branca",50,"Intervenção legal",14
"1362","Fem","Branca",50,"Negligência",105
"1363","Fem","Branca",50,"Outras",2552
"1364","Fem","Branca",50,"Psicológica",2779
"1365","Fem","Branca",50,"Sexual",448
"1366","Fem","Branca",50,"Tortura",200
"1367","Fem","Branca",50,"Trabalho infantil",3
"1368","Fem","Branca",50,"Tráfico",1
"1369","Fem","Branca",51,"Física",5207
"1370","Fem","Branca",51,"Intervenção legal",12
"1371","Fem","Branca",51,"Negligência",87
"1372","Fem","Branca",51,"Outras",2322
"1373","Fem","Branca",51,"Psicológica",2656
"1374","Fem","Branca",51,"Sexual",387
"1375","Fem","Branca",51,"Tortura",160
"1376","Fem","Branca",51,"Trabalho infantil",0
"1377","Fem","Branca",51,"Tráfico",4
"1378","Fem","Branca",52,"Física",4901
"1379","Fem","Branca",52,"Intervenção legal",9
"1380","Fem","Branca",52,"Negligência",108
"1381","Fem","Branca",52,"Outras",2260
"1382","Fem","Branca",52,"Psicológica",2507
"1383","Fem","Branca",52,"Sexual",357
"1384","Fem","Branca",52,"Tortura",154
"1385","Fem","Branca",52,"Trabalho infantil",0
"1386","Fem","Branca",52,"Tráfico",2
"1387","Fem","Branca",53,"Física",4599
"1388","Fem","Branca",53,"Intervenção legal",2
"1389","Fem","Branca",53,"Negligência",101
"1390","Fem","Branca",53,"Outras",1999
"1391","Fem","Branca",53,"Psicológica",2295
"1392","Fem","Branca",53,"Sexual",338
"1393","Fem","Branca",53,"Tortura",164
"1394","Fem","Branca",53,"Trabalho infantil",0
"1395","Fem","Branca",53,"Tráfico",2
"1396","Fem","Branca",54,"Física",4156
"1397","Fem","Branca",54,"Intervenção legal",6
"1398","Fem","Branca",54,"Negligência",89
"1399","Fem","Branca",54,"Outras",1890
"1400","Fem","Branca",54,"Psicológica",2063
"1401","Fem","Branca",54,"Sexual",256
"1402","Fem","Branca",54,"Tortura",142
"1403","Fem","Branca",54,"Trabalho infantil",1
"1404","Fem","Branca",54,"Tráfico",1
"1405","Fem","Branca",55,"Física",3785
"1406","Fem","Branca",55,"Intervenção legal",6
"1407","Fem","Branca",55,"Negligência",124
"1408","Fem","Branca",55,"Outras",1632
"1409","Fem","Branca",55,"Psicológica",2017
"1410","Fem","Branca",55,"Sexual",293
"1411","Fem","Branca",55,"Tortura",144
"1412","Fem","Branca",55,"Trabalho infantil",1
"1413","Fem","Branca",55,"Tráfico",4
"1414","Fem","Branca",56,"Física",3522
"1415","Fem","Branca",56,"Intervenção legal",5
"1416","Fem","Branca",56,"Negligência",136
"1417","Fem","Branca",56,"Outras",1503
"1418","Fem","Branca",56,"Psicológica",1880
"1419","Fem","Branca",56,"Sexual",248
"1420","Fem","Branca",56,"Tortura",134
"1421","Fem","Branca",56,"Trabalho infantil",2
"1422","Fem","Branca",56,"Tráfico",3
"1423","Fem","Branca",57,"Física",3309
"1424","Fem","Branca",57,"Intervenção legal",8
"1425","Fem","Branca",57,"Negligência",131
"1426","Fem","Branca",57,"Outras",1407
"1427","Fem","Branca",57,"Psicológica",1753
"1428","Fem","Branca",57,"Sexual",248
"1429","Fem","Branca",57,"Tortura",106
"1430","Fem","Branca",57,"Trabalho infantil",2
"1431","Fem","Branca",57,"Tráfico",0
"1432","Fem","Branca",58,"Física",2930
"1433","Fem","Branca",58,"Intervenção legal",5
"1434","Fem","Branca",58,"Negligência",151
"1435","Fem","Branca",58,"Outras",1174
"1436","Fem","Branca",58,"Psicológica",1583
"1437","Fem","Branca",58,"Sexual",208
"1438","Fem","Branca",58,"Tortura",108
"1439","Fem","Branca",58,"Trabalho infantil",3
"1440","Fem","Branca",58,"Tráfico",2
"1441","Fem","Branca",59,"Física",2796
"1442","Fem","Branca",59,"Intervenção legal",6
"1443","Fem","Branca",59,"Negligência",162
"1444","Fem","Branca",59,"Outras",1202
"1445","Fem","Branca",59,"Psicológica",1533
"1446","Fem","Branca",59,"Sexual",195
"1447","Fem","Branca",59,"Tortura",107
"1448","Fem","Branca",59,"Trabalho infantil",1
"1449","Fem","Branca",59,"Tráfico",0
"1450","Fem","Branca",60,"Física",2650
"1451","Fem","Branca",60,"Intervenção legal",5
"1452","Fem","Branca",60,"Negligência",290
"1453","Fem","Branca",60,"Outras",1069
"1454","Fem","Branca",60,"Psicológica",1469
"1455","Fem","Branca",60,"Sexual",201
"1456","Fem","Branca",60,"Tortura",84
"1457","Fem","Branca",60,"Trabalho infantil",1
"1458","Fem","Branca",60,"Tráfico",1
"1459","Fem","Branca",61,"Física",2486
"1460","Fem","Branca",61,"Intervenção legal",7
"1461","Fem","Branca",61,"Negligência",285
"1462","Fem","Branca",61,"Outras",943
"1463","Fem","Branca",61,"Psicológica",1447
"1464","Fem","Branca",61,"Sexual",168
"1465","Fem","Branca",61,"Tortura",97
"1466","Fem","Branca",61,"Trabalho infantil",0
"1467","Fem","Branca",61,"Tráfico",2
"1468","Fem","Branca",62,"Física",2169
"1469","Fem","Branca",62,"Intervenção legal",5
"1470","Fem","Branca",62,"Negligência",300
"1471","Fem","Branca",62,"Outras",854
"1472","Fem","Branca",62,"Psicológica",1290
"1473","Fem","Branca",62,"Sexual",154
"1474","Fem","Branca",62,"Tortura",82
"1475","Fem","Branca",62,"Trabalho infantil",1
"1476","Fem","Branca",62,"Tráfico",0
"1477","Fem","Branca",63,"Física",2055
"1478","Fem","Branca",63,"Intervenção legal",3
"1479","Fem","Branca",63,"Negligência",308
"1480","Fem","Branca",63,"Outras",769
"1481","Fem","Branca",63,"Psicológica",1191
"1482","Fem","Branca",63,"Sexual",143
"1483","Fem","Branca",63,"Tortura",74
"1484","Fem","Branca",63,"Trabalho infantil",0
"1485","Fem","Branca",63,"Tráfico",3
"1486","Fem","Branca",64,"Física",1896
"1487","Fem","Branca",64,"Intervenção legal",3
"1488","Fem","Branca",64,"Negligência",337
"1489","Fem","Branca",64,"Outras",772
"1490","Fem","Branca",64,"Psicológica",1175
"1491","Fem","Branca",64,"Sexual",117
"1492","Fem","Branca",64,"Tortura",79
"1493","Fem","Branca",64,"Trabalho infantil",1
"1494","Fem","Branca",64,"Tráfico",2
"1495","Fem","Branca",65,"Física",1795
"1496","Fem","Branca",65,"Intervenção legal",4
"1497","Fem","Branca",65,"Negligência",386
"1498","Fem","Branca",65,"Outras",691
"1499","Fem","Branca",65,"Psicológica",1125
"1500","Fem","Branca",65,"Sexual",125
"1501","Fem","Branca",65,"Tortura",71
"1502","Fem","Branca",65,"Trabalho infantil",0
"1503","Fem","Branca",65,"Tráfico",1
"1504","Fem","Branca",66,"Física",1690
"1505","Fem","Branca",66,"Intervenção legal",3
"1506","Fem","Branca",66,"Negligência",398
"1507","Fem","Branca",66,"Outras",648
"1508","Fem","Branca",66,"Psicológica",1034
"1509","Fem","Branca",66,"Sexual",123
"1510","Fem","Branca",66,"Tortura",66
"1511","Fem","Branca",66,"Trabalho infantil",0
"1512","Fem","Branca",66,"Tráfico",0
"1513","Fem","Branca",67,"Física",1480
"1514","Fem","Branca",67,"Intervenção legal",0
"1515","Fem","Branca",67,"Negligência",446
"1516","Fem","Branca",67,"Outras",617
"1517","Fem","Branca",67,"Psicológica",952
"1518","Fem","Branca",67,"Sexual",94
"1519","Fem","Branca",67,"Tortura",56
"1520","Fem","Branca",67,"Trabalho infantil",0
"1521","Fem","Branca",67,"Tráfico",1
"1522","Fem","Branca",68,"Física",1449
"1523","Fem","Branca",68,"Intervenção legal",2
"1524","Fem","Branca",68,"Negligência",421
"1525","Fem","Branca",68,"Outras",540
"1526","Fem","Branca",68,"Psicológica",923
"1527","Fem","Branca",68,"Sexual",101
"1528","Fem","Branca",68,"Tortura",43
"1529","Fem","Branca",68,"Trabalho infantil",0
"1530","Fem","Branca",68,"Tráfico",1
"1531","Fem","Branca",69,"Física",1307
"1532","Fem","Branca",69,"Intervenção legal",1
"1533","Fem","Branca",69,"Negligência",463
"1534","Fem","Branca",69,"Outras",536
"1535","Fem","Branca",69,"Psicológica",843
"1536","Fem","Branca",69,"Sexual",81
"1537","Fem","Branca",69,"Tortura",55
"1538","Fem","Branca",69,"Trabalho infantil",0
"1539","Fem","Branca",69,"Tráfico",3
"1540","Fem","Branca",70,"Física",1300
"1541","Fem","Branca",70,"Intervenção legal",7
"1542","Fem","Branca",70,"Negligência",522
"1543","Fem","Branca",70,"Outras",464
"1544","Fem","Branca",70,"Psicológica",846
"1545","Fem","Branca",70,"Sexual",89
"1546","Fem","Branca",70,"Tortura",49
"1547","Fem","Branca",70,"Trabalho infantil",1
"1548","Fem","Branca",70,"Tráfico",1
"1549","Fem","Branca",71,"Física",1109
"1550","Fem","Branca",71,"Intervenção legal",6
"1551","Fem","Branca",71,"Negligência",545
"1552","Fem","Branca",71,"Outras",475
"1553","Fem","Branca",71,"Psicológica",755
"1554","Fem","Branca",71,"Sexual",76
"1555","Fem","Branca",71,"Tortura",47
"1556","Fem","Branca",71,"Trabalho infantil",0
"1557","Fem","Branca",71,"Tráfico",2
"1558","Fem","Branca",72,"Física",1051
"1559","Fem","Branca",72,"Intervenção legal",2
"1560","Fem","Branca",72,"Negligência",550
"1561","Fem","Branca",72,"Outras",416
"1562","Fem","Branca",72,"Psicológica",743
"1563","Fem","Branca",72,"Sexual",64
"1564","Fem","Branca",72,"Tortura",31
"1565","Fem","Branca",72,"Trabalho infantil",0
"1566","Fem","Branca",72,"Tráfico",0
"1567","Fem","Branca",73,"Física",1025
"1568","Fem","Branca",73,"Intervenção legal",3
"1569","Fem","Branca",73,"Negligência",562
"1570","Fem","Branca",73,"Outras",432
"1571","Fem","Branca",73,"Psicológica",717
"1572","Fem","Branca",73,"Sexual",75
"1573","Fem","Branca",73,"Tortura",52
"1574","Fem","Branca",73,"Trabalho infantil",0
"1575","Fem","Branca",73,"Tráfico",0
"1576","Fem","Branca",74,"Física",932
"1577","Fem","Branca",74,"Intervenção legal",2
"1578","Fem","Branca",74,"Negligência",555
"1579","Fem","Branca",74,"Outras",359
"1580","Fem","Branca",74,"Psicológica",647
"1581","Fem","Branca",74,"Sexual",60
"1582","Fem","Branca",74,"Tortura",33
"1583","Fem","Branca",74,"Trabalho infantil",1
"1584","Fem","Branca",74,"Tráfico",2
"1585","Fem","Branca",75,"Física",853
"1586","Fem","Branca",75,"Intervenção legal",5
"1587","Fem","Branca",75,"Negligência",613
"1588","Fem","Branca",75,"Outras",333
"1589","Fem","Branca",75,"Psicológica",584
"1590","Fem","Branca",75,"Sexual",54
"1591","Fem","Branca",75,"Tortura",46
"1592","Fem","Branca",75,"Trabalho infantil",0
"1593","Fem","Branca",75,"Tráfico",2
"1594","Fem","Branca",76,"Física",857
"1595","Fem","Branca",76,"Intervenção legal",6
"1596","Fem","Branca",76,"Negligência",677
"1597","Fem","Branca",76,"Outras",346
"1598","Fem","Branca",76,"Psicológica",625
"1599","Fem","Branca",76,"Sexual",61
"1600","Fem","Branca",76,"Tortura",40
"1601","Fem","Branca",76,"Trabalho infantil",2
"1602","Fem","Branca",76,"Tráfico",1
"1603","Fem","Branca",77,"Física",751
"1604","Fem","Branca",77,"Intervenção legal",1
"1605","Fem","Branca",77,"Negligência",610
"1606","Fem","Branca",77,"Outras",308
"1607","Fem","Branca",77,"Psicológica",529
"1608","Fem","Branca",77,"Sexual",38
"1609","Fem","Branca",77,"Tortura",35
"1610","Fem","Branca",77,"Trabalho infantil",0
"1611","Fem","Branca",77,"Tráfico",1
"1612","Fem","Branca",78,"Física",645
"1613","Fem","Branca",78,"Intervenção legal",4
"1614","Fem","Branca",78,"Negligência",617
"1615","Fem","Branca",78,"Outras",265
"1616","Fem","Branca",78,"Psicológica",452
"1617","Fem","Branca",78,"Sexual",31
"1618","Fem","Branca",78,"Tortura",35
"1619","Fem","Branca",78,"Trabalho infantil",1
"1620","Fem","Branca",78,"Tráfico",1
"1621","Fem","Branca",79,"Física",646
"1622","Fem","Branca",79,"Intervenção legal",2
"1623","Fem","Branca",79,"Negligência",579
"1624","Fem","Branca",79,"Outras",241
"1625","Fem","Branca",79,"Psicológica",473
"1626","Fem","Branca",79,"Sexual",37
"1627","Fem","Branca",79,"Tortura",30
"1628","Fem","Branca",79,"Trabalho infantil",0
"1629","Fem","Branca",79,"Tráfico",0
"1630","Fem","Branca",80,"Física",585
"1631","Fem","Branca",80,"Intervenção legal",0
"1632","Fem","Branca",80,"Negligência",670
"1633","Fem","Branca",80,"Outras",240
"1634","Fem","Branca",80,"Psicológica",425
"1635","Fem","Branca",80,"Sexual",21
"1636","Fem","Branca",80,"Tortura",27
"1637","Fem","Branca",80,"Trabalho infantil",0
"1638","Fem","Branca",80,"Tráfico",1
"1639","Fem","Branca",81,"Física",507
"1640","Fem","Branca",81,"Intervenção legal",1
"1641","Fem","Branca",81,"Negligência",629
"1642","Fem","Branca",81,"Outras",241
"1643","Fem","Branca",81,"Psicológica",360
"1644","Fem","Branca",81,"Sexual",34
"1645","Fem","Branca",81,"Tortura",21
"1646","Fem","Branca",81,"Trabalho infantil",0
"1647","Fem","Branca",81,"Tráfico",2
"1648","Fem","Branca",82,"Física",456
"1649","Fem","Branca",82,"Intervenção legal",1
"1650","Fem","Branca",82,"Negligência",589
"1651","Fem","Branca",82,"Outras",197
"1652","Fem","Branca",82,"Psicológica",356
"1653","Fem","Branca",82,"Sexual",27
"1654","Fem","Branca",82,"Tortura",29
"1655","Fem","Branca",82,"Trabalho infantil",0
"1656","Fem","Branca",82,"Tráfico",0
"1657","Fem","Branca",83,"Física",408
"1658","Fem","Branca",83,"Intervenção legal",3
"1659","Fem","Branca",83,"Negligência",614
"1660","Fem","Branca",83,"Outras",170
"1661","Fem","Branca",83,"Psicológica",309
"1662","Fem","Branca",83,"Sexual",25
"1663","Fem","Branca",83,"Tortura",26
"1664","Fem","Branca",83,"Trabalho infantil",0
"1665","Fem","Branca",83,"Tráfico",1
"1666","Fem","Branca",84,"Física",367
"1667","Fem","Branca",84,"Intervenção legal",4
"1668","Fem","Branca",84,"Negligência",558
"1669","Fem","Branca",84,"Outras",155
"1670","Fem","Branca",84,"Psicológica",249
"1671","Fem","Branca",84,"Sexual",20
"1672","Fem","Branca",84,"Tortura",14
"1673","Fem","Branca",84,"Trabalho infantil",0
"1674","Fem","Branca",84,"Tráfico",1
"1675","Fem","Branca",85,"Física",329
"1676","Fem","Branca",85,"Intervenção legal",2
"1677","Fem","Branca",85,"Negligência",579
"1678","Fem","Branca",85,"Outras",160
"1679","Fem","Branca",85,"Psicológica",218
"1680","Fem","Branca",85,"Sexual",13
"1681","Fem","Branca",85,"Tortura",14
"1682","Fem","Branca",85,"Trabalho infantil",1
"1683","Fem","Branca",85,"Tráfico",0
"1684","Fem","Branca",86,"Física",324
"1685","Fem","Branca",86,"Intervenção legal",2
"1686","Fem","Branca",86,"Negligência",510
"1687","Fem","Branca",86,"Outras",121
"1688","Fem","Branca",86,"Psicológica",228
"1689","Fem","Branca",86,"Sexual",17
"1690","Fem","Branca",86,"Tortura",8
"1691","Fem","Branca",86,"Trabalho infantil",0
"1692","Fem","Branca",86,"Tráfico",0
"1693","Fem","Branca",87,"Física",252
"1694","Fem","Branca",87,"Intervenção legal",1
"1695","Fem","Branca",87,"Negligência",462
"1696","Fem","Branca",87,"Outras",126
"1697","Fem","Branca",87,"Psicológica",182
"1698","Fem","Branca",87,"Sexual",15
"1699","Fem","Branca",87,"Tortura",12
"1700","Fem","Branca",87,"Trabalho infantil",0
"1701","Fem","Branca",87,"Tráfico",0
"1702","Fem","Branca",88,"Física",225
"1703","Fem","Branca",88,"Intervenção legal",1
"1704","Fem","Branca",88,"Negligência",422
"1705","Fem","Branca",88,"Outras",106
"1706","Fem","Branca",88,"Psicológica",161
"1707","Fem","Branca",88,"Sexual",11
"1708","Fem","Branca",88,"Tortura",10
"1709","Fem","Branca",88,"Trabalho infantil",0
"1710","Fem","Branca",88,"Tráfico",0
"1711","Fem","Branca",89,"Física",224
"1712","Fem","Branca",89,"Intervenção legal",2
"1713","Fem","Branca",89,"Negligência",390
"1714","Fem","Branca",89,"Outras",117
"1715","Fem","Branca",89,"Psicológica",166
"1716","Fem","Branca",89,"Sexual",7
"1717","Fem","Branca",89,"Tortura",8
"1718","Fem","Branca",89,"Trabalho infantil",0
"1719","Fem","Branca",89,"Tráfico",1
"1720","Fem","Branca",90,"Física",154
"1721","Fem","Branca",90,"Intervenção legal",0
"1722","Fem","Branca",90,"Negligência",335
"1723","Fem","Branca",90,"Outras",57
"1724","Fem","Branca",90,"Psicológica",92
"1725","Fem","Branca",90,"Sexual",10
"1726","Fem","Branca",90,"Tortura",12
"1727","Fem","Branca",90,"Trabalho infantil",0
"1728","Fem","Branca",90,"Tráfico",0
"1729","Fem","Branca",91,"Física",125
"1730","Fem","Branca",91,"Intervenção legal",2
"1731","Fem","Branca",91,"Negligência",269
"1732","Fem","Branca",91,"Outras",58
"1733","Fem","Branca",91,"Psicológica",76
"1734","Fem","Branca",91,"Sexual",4
"1735","Fem","Branca",91,"Tortura",13
"1736","Fem","Branca",91,"Trabalho infantil",0
"1737","Fem","Branca",91,"Tráfico",0
"1738","Fem","Branca",92,"Física",115
"1739","Fem","Branca",92,"Intervenção legal",0
"1740","Fem","Branca",92,"Negligência",246
"1741","Fem","Branca",92,"Outras",50
"1742","Fem","Branca",92,"Psicológica",61
"1743","Fem","Branca",92,"Sexual",8
"1744","Fem","Branca",92,"Tortura",5
"1745","Fem","Branca",92,"Trabalho infantil",1
"1746","Fem","Branca",92,"Tráfico",0
"1747","Fem","Branca",93,"Física",101
"1748","Fem","Branca",93,"Intervenção legal",0
"1749","Fem","Branca",93,"Negligência",208
"1750","Fem","Branca",93,"Outras",37
"1751","Fem","Branca",93,"Psicológica",54
"1752","Fem","Branca",93,"Sexual",5
"1753","Fem","Branca",93,"Tortura",5
"1754","Fem","Branca",93,"Trabalho infantil",0
"1755","Fem","Branca",93,"Tráfico",1
"1756","Fem","Branca",94,"Física",56
"1757","Fem","Branca",94,"Intervenção legal",0
"1758","Fem","Branca",94,"Negligência",164
"1759","Fem","Branca",94,"Outras",31
"1760","Fem","Branca",94,"Psicológica",30
"1761","Fem","Branca",94,"Sexual",6
"1762","Fem","Branca",94,"Tortura",5
"1763","Fem","Branca",94,"Trabalho infantil",0
"1764","Fem","Branca",94,"Tráfico",0
"1765","Fem","Branca",95,"Física",60
"1766","Fem","Branca",95,"Intervenção legal",1
"1767","Fem","Branca",95,"Negligência",115
"1768","Fem","Branca",95,"Outras",20
"1769","Fem","Branca",95,"Psicológica",19
"1770","Fem","Branca",95,"Sexual",0
"1771","Fem","Branca",95,"Tortura",3
"1772","Fem","Branca",95,"Trabalho infantil",0
"1773","Fem","Branca",95,"Tráfico",0
"1774","Fem","Branca",96,"Física",41
"1775","Fem","Branca",96,"Intervenção legal",0
"1776","Fem","Branca",96,"Negligência",100
"1777","Fem","Branca",96,"Outras",18
"1778","Fem","Branca",96,"Psicológica",30
"1779","Fem","Branca",96,"Sexual",1
"1780","Fem","Branca",96,"Tortura",1
"1781","Fem","Branca",96,"Trabalho infantil",0
"1782","Fem","Branca",96,"Tráfico",0
"1783","Fem","Branca",97,"Física",29
"1784","Fem","Branca",97,"Intervenção legal",0
"1785","Fem","Branca",97,"Negligência",82
"1786","Fem","Branca",97,"Outras",13
"1787","Fem","Branca",97,"Psicológica",12
"1788","Fem","Branca",97,"Sexual",0
"1789","Fem","Branca",97,"Tortura",2
"1790","Fem","Branca",97,"Trabalho infantil",0
"1791","Fem","Branca",97,"Tráfico",0
"1792","Fem","Branca",98,"Física",21
"1793","Fem","Branca",98,"Intervenção legal",0
"1794","Fem","Branca",98,"Negligência",53
"1795","Fem","Branca",98,"Outras",6
"1796","Fem","Branca",98,"Psicológica",9
"1797","Fem","Branca",98,"Sexual",2
"1798","Fem","Branca",98,"Tortura",1
"1799","Fem","Branca",98,"Trabalho infantil",0
"1800","Fem","Branca",98,"Tráfico",0
"1801","Fem","Branca",99,"Física",21
"1802","Fem","Branca",99,"Intervenção legal",0
"1803","Fem","Branca",99,"Negligência",44
"1804","Fem","Branca",99,"Outras",7
"1805","Fem","Branca",99,"Psicológica",14
"1806","Fem","Branca",99,"Sexual",3
"1807","Fem","Branca",99,"Tortura",2
"1808","Fem","Branca",99,"Trabalho infantil",0
"1809","Fem","Branca",99,"Tráfico",0
"1810","Fem","Branca",100,"Física",14
"1811","Fem","Branca",100,"Intervenção legal",1
"1812","Fem","Branca",100,"Negligência",20
"1813","Fem","Branca",100,"Outras",5
"1814","Fem","Branca",100,"Psicológica",5
"1815","Fem","Branca",100,"Sexual",2
"1816","Fem","Branca",100,"Tortura",0
"1817","Fem","Branca",100,"Trabalho infantil",0
"1818","Fem","Branca",100,"Tráfico",0
"1819","Fem","Ignorado",0,"Física",1
"1820","Fem","Ignorado",0,"Intervenção legal",0
"1821","Fem","Ignorado",0,"Negligência",1
"1822","Fem","Ignorado",0,"Outras",1
"1823","Fem","Ignorado",0,"Psicológica",1
"1824","Fem","Ignorado",0,"Sexual",1
"1825","Fem","Ignorado",0,"Tortura",0
"1826","Fem","Ignorado",0,"Trabalho infantil",0
"1827","Fem","Ignorado",0,"Tráfico",0
"1828","Fem","Ignorado",1,"Física",515
"1829","Fem","Ignorado",1,"Intervenção legal",0
"1830","Fem","Ignorado",1,"Negligência",2528
"1831","Fem","Ignorado",1,"Outras",112
"1832","Fem","Ignorado",1,"Psicológica",160
"1833","Fem","Ignorado",1,"Sexual",505
"1834","Fem","Ignorado",1,"Tortura",17
"1835","Fem","Ignorado",1,"Trabalho infantil",16
"1836","Fem","Ignorado",1,"Tráfico",1
"1837","Fem","Ignorado",2,"Física",520
"1838","Fem","Ignorado",2,"Intervenção legal",0
"1839","Fem","Ignorado",2,"Negligência",1644
"1840","Fem","Ignorado",2,"Outras",113
"1841","Fem","Ignorado",2,"Psicológica",254
"1842","Fem","Ignorado",2,"Sexual",972
"1843","Fem","Ignorado",2,"Tortura",30
"1844","Fem","Ignorado",2,"Trabalho infantil",20
"1845","Fem","Ignorado",2,"Tráfico",0
"1846","Fem","Ignorado",3,"Física",544
"1847","Fem","Ignorado",3,"Intervenção legal",5
"1848","Fem","Ignorado",3,"Negligência",1207
"1849","Fem","Ignorado",3,"Outras",99
"1850","Fem","Ignorado",3,"Psicológica",345
"1851","Fem","Ignorado",3,"Sexual",1296
"1852","Fem","Ignorado",3,"Tortura",28
"1853","Fem","Ignorado",3,"Trabalho infantil",13
"1854","Fem","Ignorado",3,"Tráfico",2
"1855","Fem","Ignorado",4,"Física",533
"1856","Fem","Ignorado",4,"Intervenção legal",3
"1857","Fem","Ignorado",4,"Negligência",989
"1858","Fem","Ignorado",4,"Outras",93
"1859","Fem","Ignorado",4,"Psicológica",378
"1860","Fem","Ignorado",4,"Sexual",1115
"1861","Fem","Ignorado",4,"Tortura",20
"1862","Fem","Ignorado",4,"Trabalho infantil",14
"1863","Fem","Ignorado",4,"Tráfico",1
"1864","Fem","Ignorado",5,"Física",495
"1865","Fem","Ignorado",5,"Intervenção legal",2
"1866","Fem","Ignorado",5,"Negligência",812
"1867","Fem","Ignorado",5,"Outras",77
"1868","Fem","Ignorado",5,"Psicológica",387
"1869","Fem","Ignorado",5,"Sexual",957
"1870","Fem","Ignorado",5,"Tortura",30
"1871","Fem","Ignorado",5,"Trabalho infantil",19
"1872","Fem","Ignorado",5,"Tráfico",2
"1873","Fem","Ignorado",6,"Física",459
"1874","Fem","Ignorado",6,"Intervenção legal",6
"1875","Fem","Ignorado",6,"Negligência",711
"1876","Fem","Ignorado",6,"Outras",57
"1877","Fem","Ignorado",6,"Psicológica",389
"1878","Fem","Ignorado",6,"Sexual",786
"1879","Fem","Ignorado",6,"Tortura",22
"1880","Fem","Ignorado",6,"Trabalho infantil",21
"1881","Fem","Ignorado",6,"Tráfico",0
"1882","Fem","Ignorado",7,"Física",455
"1883","Fem","Ignorado",7,"Intervenção legal",3
"1884","Fem","Ignorado",7,"Negligência",637
"1885","Fem","Ignorado",7,"Outras",57
"1886","Fem","Ignorado",7,"Psicológica",431
"1887","Fem","Ignorado",7,"Sexual",805
"1888","Fem","Ignorado",7,"Tortura",30
"1889","Fem","Ignorado",7,"Trabalho infantil",29
"1890","Fem","Ignorado",7,"Tráfico",0
"1891","Fem","Ignorado",8,"Física",465
"1892","Fem","Ignorado",8,"Intervenção legal",6
"1893","Fem","Ignorado",8,"Negligência",578
"1894","Fem","Ignorado",8,"Outras",100
"1895","Fem","Ignorado",8,"Psicológica",440
"1896","Fem","Ignorado",8,"Sexual",807
"1897","Fem","Ignorado",8,"Tortura",26
"1898","Fem","Ignorado",8,"Trabalho infantil",29
"1899","Fem","Ignorado",8,"Tráfico",1
"1900","Fem","Ignorado",9,"Física",516
"1901","Fem","Ignorado",9,"Intervenção legal",4
"1902","Fem","Ignorado",9,"Negligência",528
"1903","Fem","Ignorado",9,"Outras",89
"1904","Fem","Ignorado",9,"Psicológica",460
"1905","Fem","Ignorado",9,"Sexual",853
"1906","Fem","Ignorado",9,"Tortura",30
"1907","Fem","Ignorado",9,"Trabalho infantil",34
"1908","Fem","Ignorado",9,"Tráfico",0
"1909","Fem","Ignorado",10,"Física",543
"1910","Fem","Ignorado",10,"Intervenção legal",4
"1911","Fem","Ignorado",10,"Negligência",503
"1912","Fem","Ignorado",10,"Outras",135
"1913","Fem","Ignorado",10,"Psicológica",478
"1914","Fem","Ignorado",10,"Sexual",940
"1915","Fem","Ignorado",10,"Tortura",31
"1916","Fem","Ignorado",10,"Trabalho infantil",39
"1917","Fem","Ignorado",10,"Tráfico",1
"1918","Fem","Ignorado",11,"Física",781
"1919","Fem","Ignorado",11,"Intervenção legal",6
"1920","Fem","Ignorado",11,"Negligência",469
"1921","Fem","Ignorado",11,"Outras",271
"1922","Fem","Ignorado",11,"Psicológica",595
"1923","Fem","Ignorado",11,"Sexual",1196
"1924","Fem","Ignorado",11,"Tortura",35
"1925","Fem","Ignorado",11,"Trabalho infantil",38
"1926","Fem","Ignorado",11,"Tráfico",2
"1927","Fem","Ignorado",12,"Física",1223
"1928","Fem","Ignorado",12,"Intervenção legal",4
"1929","Fem","Ignorado",12,"Negligência",519
"1930","Fem","Ignorado",12,"Outras",606
"1931","Fem","Ignorado",12,"Psicológica",679
"1932","Fem","Ignorado",12,"Sexual",1544
"1933","Fem","Ignorado",12,"Tortura",60
"1934","Fem","Ignorado",12,"Trabalho infantil",51
"1935","Fem","Ignorado",12,"Tráfico",2
"1936","Fem","Ignorado",13,"Física",1870
"1937","Fem","Ignorado",13,"Intervenção legal",5
"1938","Fem","Ignorado",13,"Negligência",560
"1939","Fem","Ignorado",13,"Outras",1138
"1940","Fem","Ignorado",13,"Psicológica",843
"1941","Fem","Ignorado",13,"Sexual",2133
"1942","Fem","Ignorado",13,"Tortura",75
"1943","Fem","Ignorado",13,"Trabalho infantil",55
"1944","Fem","Ignorado",13,"Tráfico",4
"1945","Fem","Ignorado",14,"Física",2374
"1946","Fem","Ignorado",14,"Intervenção legal",12
"1947","Fem","Ignorado",14,"Negligência",686
"1948","Fem","Ignorado",14,"Outras",1419
"1949","Fem","Ignorado",14,"Psicológica",887
"1950","Fem","Ignorado",14,"Sexual",1581
"1951","Fem","Ignorado",14,"Tortura",82
"1952","Fem","Ignorado",14,"Trabalho infantil",70
"1953","Fem","Ignorado",14,"Tráfico",4
"1954","Fem","Ignorado",15,"Física",2806
"1955","Fem","Ignorado",15,"Intervenção legal",12
"1956","Fem","Ignorado",15,"Negligência",714
"1957","Fem","Ignorado",15,"Outras",1611
"1958","Fem","Ignorado",15,"Psicológica",844
"1959","Fem","Ignorado",15,"Sexual",1013
"1960","Fem","Ignorado",15,"Tortura",49
"1961","Fem","Ignorado",15,"Trabalho infantil",68
"1962","Fem","Ignorado",15,"Tráfico",1
"1963","Fem","Ignorado",16,"Física",3038
"1964","Fem","Ignorado",16,"Intervenção legal",13
"1965","Fem","Ignorado",16,"Negligência",622
"1966","Fem","Ignorado",16,"Outras",1749
"1967","Fem","Ignorado",16,"Psicológica",879
"1968","Fem","Ignorado",16,"Sexual",797
"1969","Fem","Ignorado",16,"Tortura",68
"1970","Fem","Ignorado",16,"Trabalho infantil",40
"1971","Fem","Ignorado",16,"Tráfico",9
"1972","Fem","Ignorado",17,"Física",3205
"1973","Fem","Ignorado",17,"Intervenção legal",8
"1974","Fem","Ignorado",17,"Negligência",517
"1975","Fem","Ignorado",17,"Outras",1642
"1976","Fem","Ignorado",17,"Psicológica",847
"1977","Fem","Ignorado",17,"Sexual",603
"1978","Fem","Ignorado",17,"Tortura",73
"1979","Fem","Ignorado",17,"Trabalho infantil",15
"1980","Fem","Ignorado",17,"Tráfico",2
"1981","Fem","Ignorado",18,"Física",3341
"1982","Fem","Ignorado",18,"Intervenção legal",13
"1983","Fem","Ignorado",18,"Negligência",61
"1984","Fem","Ignorado",18,"Outras",1535
"1985","Fem","Ignorado",18,"Psicológica",781
"1986","Fem","Ignorado",18,"Sexual",371
"1987","Fem","Ignorado",18,"Tortura",71
"1988","Fem","Ignorado",18,"Trabalho infantil",3
"1989","Fem","Ignorado",18,"Tráfico",0
"1990","Fem","Ignorado",19,"Física",3582
"1991","Fem","Ignorado",19,"Intervenção legal",8
"1992","Fem","Ignorado",19,"Negligência",60
"1993","Fem","Ignorado",19,"Outras",1511
"1994","Fem","Ignorado",19,"Psicológica",809
"1995","Fem","Ignorado",19,"Sexual",342
"1996","Fem","Ignorado",19,"Tortura",56
"1997","Fem","Ignorado",19,"Trabalho infantil",0
"1998","Fem","Ignorado",19,"Tráfico",4
"1999","Fem","Ignorado",20,"Física",3741
"2000","Fem","Ignorado",20,"Intervenção legal",7
"2001","Fem","Ignorado",20,"Negligência",60
"2002","Fem","Ignorado",20,"Outras",1505
"2003","Fem","Ignorado",20,"Psicológica",889
"2004","Fem","Ignorado",20,"Sexual",304
"2005","Fem","Ignorado",20,"Tortura",65
"2006","Fem","Ignorado",20,"Trabalho infantil",1
"2007","Fem","Ignorado",20,"Tráfico",0
"2008","Fem","Ignorado",21,"Física",3752
"2009","Fem","Ignorado",21,"Intervenção legal",11
"2010","Fem","Ignorado",21,"Negligência",52
"2011","Fem","Ignorado",21,"Outras",1414
"2012","Fem","Ignorado",21,"Psicológica",881
"2013","Fem","Ignorado",21,"Sexual",311
"2014","Fem","Ignorado",21,"Tortura",96
"2015","Fem","Ignorado",21,"Trabalho infantil",0
"2016","Fem","Ignorado",21,"Tráfico",1
"2017","Fem","Ignorado",22,"Física",3704
"2018","Fem","Ignorado",22,"Intervenção legal",14
"2019","Fem","Ignorado",22,"Negligência",61
"2020","Fem","Ignorado",22,"Outras",1305
"2021","Fem","Ignorado",22,"Psicológica",916
"2022","Fem","Ignorado",22,"Sexual",285
"2023","Fem","Ignorado",22,"Tortura",76
"2024","Fem","Ignorado",22,"Trabalho infantil",0
"2025","Fem","Ignorado",22,"Tráfico",2
"2026","Fem","Ignorado",23,"Física",3637
"2027","Fem","Ignorado",23,"Intervenção legal",12
"2028","Fem","Ignorado",23,"Negligência",58
"2029","Fem","Ignorado",23,"Outras",1302
"2030","Fem","Ignorado",23,"Psicológica",956
"2031","Fem","Ignorado",23,"Sexual",279
"2032","Fem","Ignorado",23,"Tortura",75
"2033","Fem","Ignorado",23,"Trabalho infantil",2
"2034","Fem","Ignorado",23,"Tráfico",4
"2035","Fem","Ignorado",24,"Física",3600
"2036","Fem","Ignorado",24,"Intervenção legal",6
"2037","Fem","Ignorado",24,"Negligência",60
"2038","Fem","Ignorado",24,"Outras",1229
"2039","Fem","Ignorado",24,"Psicológica",953
"2040","Fem","Ignorado",24,"Sexual",263
"2041","Fem","Ignorado",24,"Tortura",68
"2042","Fem","Ignorado",24,"Trabalho infantil",0
"2043","Fem","Ignorado",24,"Tráfico",0
"2044","Fem","Ignorado",25,"Física",3599
"2045","Fem","Ignorado",25,"Intervenção legal",5
"2046","Fem","Ignorado",25,"Negligência",48
"2047","Fem","Ignorado",25,"Outras",1137
"2048","Fem","Ignorado",25,"Psicológica",959
"2049","Fem","Ignorado",25,"Sexual",218
"2050","Fem","Ignorado",25,"Tortura",70
"2051","Fem","Ignorado",25,"Trabalho infantil",1
"2052","Fem","Ignorado",25,"Tráfico",2
"2053","Fem","Ignorado",26,"Física",3459
"2054","Fem","Ignorado",26,"Intervenção legal",7
"2055","Fem","Ignorado",26,"Negligência",48
"2056","Fem","Ignorado",26,"Outras",1058
"2057","Fem","Ignorado",26,"Psicológica",948
"2058","Fem","Ignorado",26,"Sexual",228
"2059","Fem","Ignorado",26,"Tortura",75
"2060","Fem","Ignorado",26,"Trabalho infantil",2
"2061","Fem","Ignorado",26,"Tráfico",3
"2062","Fem","Ignorado",27,"Física",3491
"2063","Fem","Ignorado",27,"Intervenção legal",2
"2064","Fem","Ignorado",27,"Negligência",39
"2065","Fem","Ignorado",27,"Outras",1063
"2066","Fem","Ignorado",27,"Psicológica",984
"2067","Fem","Ignorado",27,"Sexual",206
"2068","Fem","Ignorado",27,"Tortura",78
"2069","Fem","Ignorado",27,"Trabalho infantil",0
"2070","Fem","Ignorado",27,"Tráfico",4
"2071","Fem","Ignorado",28,"Física",3360
"2072","Fem","Ignorado",28,"Intervenção legal",10
"2073","Fem","Ignorado",28,"Negligência",49
"2074","Fem","Ignorado",28,"Outras",971
"2075","Fem","Ignorado",28,"Psicológica",921
"2076","Fem","Ignorado",28,"Sexual",193
"2077","Fem","Ignorado",28,"Tortura",68
"2078","Fem","Ignorado",28,"Trabalho infantil",0
"2079","Fem","Ignorado",28,"Tráfico",1
"2080","Fem","Ignorado",29,"Física",3234
"2081","Fem","Ignorado",29,"Intervenção legal",6
"2082","Fem","Ignorado",29,"Negligência",33
"2083","Fem","Ignorado",29,"Outras",917
"2084","Fem","Ignorado",29,"Psicológica",950
"2085","Fem","Ignorado",29,"Sexual",190
"2086","Fem","Ignorado",29,"Tortura",49
"2087","Fem","Ignorado",29,"Trabalho infantil",1
"2088","Fem","Ignorado",29,"Tráfico",2
"2089","Fem","Ignorado",30,"Física",3276
"2090","Fem","Ignorado",30,"Intervenção legal",6
"2091","Fem","Ignorado",30,"Negligência",43
"2092","Fem","Ignorado",30,"Outras",881
"2093","Fem","Ignorado",30,"Psicológica",922
"2094","Fem","Ignorado",30,"Sexual",156
"2095","Fem","Ignorado",30,"Tortura",70
"2096","Fem","Ignorado",30,"Trabalho infantil",0
"2097","Fem","Ignorado",30,"Tráfico",1
"2098","Fem","Ignorado",31,"Física",3175
"2099","Fem","Ignorado",31,"Intervenção legal",6
"2100","Fem","Ignorado",31,"Negligência",40
"2101","Fem","Ignorado",31,"Outras",873
"2102","Fem","Ignorado",31,"Psicológica",910
"2103","Fem","Ignorado",31,"Sexual",179
"2104","Fem","Ignorado",31,"Tortura",69
"2105","Fem","Ignorado",31,"Trabalho infantil",1
"2106","Fem","Ignorado",31,"Tráfico",2
"2107","Fem","Ignorado",32,"Física",2979
"2108","Fem","Ignorado",32,"Intervenção legal",7
"2109","Fem","Ignorado",32,"Negligência",30
"2110","Fem","Ignorado",32,"Outras",849
"2111","Fem","Ignorado",32,"Psicológica",877
"2112","Fem","Ignorado",32,"Sexual",151
"2113","Fem","Ignorado",32,"Tortura",65
"2114","Fem","Ignorado",32,"Trabalho infantil",0
"2115","Fem","Ignorado",32,"Tráfico",4
"2116","Fem","Ignorado",33,"Física",3020
"2117","Fem","Ignorado",33,"Intervenção legal",4
"2118","Fem","Ignorado",33,"Negligência",25
"2119","Fem","Ignorado",33,"Outras",807
"2120","Fem","Ignorado",33,"Psicológica",954
"2121","Fem","Ignorado",33,"Sexual",152
"2122","Fem","Ignorado",33,"Tortura",77
"2123","Fem","Ignorado",33,"Trabalho infantil",0
"2124","Fem","Ignorado",33,"Tráfico",2
"2125","Fem","Ignorado",34,"Física",3011
"2126","Fem","Ignorado",34,"Intervenção legal",9
"2127","Fem","Ignorado",34,"Negligência",26
"2128","Fem","Ignorado",34,"Outras",828
"2129","Fem","Ignorado",34,"Psicológica",900
"2130","Fem","Ignorado",34,"Sexual",137
"2131","Fem","Ignorado",34,"Tortura",56
"2132","Fem","Ignorado",34,"Trabalho infantil",0
"2133","Fem","Ignorado",34,"Tráfico",3
"2134","Fem","Ignorado",35,"Física",2914
"2135","Fem","Ignorado",35,"Intervenção legal",8
"2136","Fem","Ignorado",35,"Negligência",33
"2137","Fem","Ignorado",35,"Outras",828
"2138","Fem","Ignorado",35,"Psicológica",870
"2139","Fem","Ignorado",35,"Sexual",125
"2140","Fem","Ignorado",35,"Tortura",63
"2141","Fem","Ignorado",35,"Trabalho infantil",0
"2142","Fem","Ignorado",35,"Tráfico",0
"2143","Fem","Ignorado",36,"Física",2787
"2144","Fem","Ignorado",36,"Intervenção legal",3
"2145","Fem","Ignorado",36,"Negligência",23
"2146","Fem","Ignorado",36,"Outras",782
"2147","Fem","Ignorado",36,"Psicológica",839
"2148","Fem","Ignorado",36,"Sexual",146
"2149","Fem","Ignorado",36,"Tortura",68
"2150","Fem","Ignorado",36,"Trabalho infantil",0
"2151","Fem","Ignorado",36,"Tráfico",0
"2152","Fem","Ignorado",37,"Física",2735
"2153","Fem","Ignorado",37,"Intervenção legal",5
"2154","Fem","Ignorado",37,"Negligência",26
"2155","Fem","Ignorado",37,"Outras",774
"2156","Fem","Ignorado",37,"Psicológica",819
"2157","Fem","Ignorado",37,"Sexual",146
"2158","Fem","Ignorado",37,"Tortura",57
"2159","Fem","Ignorado",37,"Trabalho infantil",2
"2160","Fem","Ignorado",37,"Tráfico",3
"2161","Fem","Ignorado",38,"Física",2674
"2162","Fem","Ignorado",38,"Intervenção legal",4
"2163","Fem","Ignorado",38,"Negligência",21
"2164","Fem","Ignorado",38,"Outras",759
"2165","Fem","Ignorado",38,"Psicológica",799
"2166","Fem","Ignorado",38,"Sexual",127
"2167","Fem","Ignorado",38,"Tortura",66
"2168","Fem","Ignorado",38,"Trabalho infantil",1
"2169","Fem","Ignorado",38,"Tráfico",1
"2170","Fem","Ignorado",39,"Física",2428
"2171","Fem","Ignorado",39,"Intervenção legal",1
"2172","Fem","Ignorado",39,"Negligência",24
"2173","Fem","Ignorado",39,"Outras",768
"2174","Fem","Ignorado",39,"Psicológica",699
"2175","Fem","Ignorado",39,"Sexual",117
"2176","Fem","Ignorado",39,"Tortura",47
"2177","Fem","Ignorado",39,"Trabalho infantil",0
"2178","Fem","Ignorado",39,"Tráfico",1
"2179","Fem","Ignorado",40,"Física",2424
"2180","Fem","Ignorado",40,"Intervenção legal",2
"2181","Fem","Ignorado",40,"Negligência",19
"2182","Fem","Ignorado",40,"Outras",723
"2183","Fem","Ignorado",40,"Psicológica",727
"2184","Fem","Ignorado",40,"Sexual",116
"2185","Fem","Ignorado",40,"Tortura",58
"2186","Fem","Ignorado",40,"Trabalho infantil",2
"2187","Fem","Ignorado",40,"Tráfico",1
"2188","Fem","Ignorado",41,"Física",2180
"2189","Fem","Ignorado",41,"Intervenção legal",9
"2190","Fem","Ignorado",41,"Negligência",18
"2191","Fem","Ignorado",41,"Outras",682
"2192","Fem","Ignorado",41,"Psicológica",676
"2193","Fem","Ignorado",41,"Sexual",101
"2194","Fem","Ignorado",41,"Tortura",51
"2195","Fem","Ignorado",41,"Trabalho infantil",0
"2196","Fem","Ignorado",41,"Tráfico",1
"2197","Fem","Ignorado",42,"Física",1985
"2198","Fem","Ignorado",42,"Intervenção legal",6
"2199","Fem","Ignorado",42,"Negligência",14
"2200","Fem","Ignorado",42,"Outras",655
"2201","Fem","Ignorado",42,"Psicológica",606
"2202","Fem","Ignorado",42,"Sexual",102
"2203","Fem","Ignorado",42,"Tortura",56
"2204","Fem","Ignorado",42,"Trabalho infantil",1
"2205","Fem","Ignorado",42,"Tráfico",2
"2206","Fem","Ignorado",43,"Física",1882
"2207","Fem","Ignorado",43,"Intervenção legal",5
"2208","Fem","Ignorado",43,"Negligência",17
"2209","Fem","Ignorado",43,"Outras",594
"2210","Fem","Ignorado",43,"Psicológica",575
"2211","Fem","Ignorado",43,"Sexual",80
"2212","Fem","Ignorado",43,"Tortura",38
"2213","Fem","Ignorado",43,"Trabalho infantil",2
"2214","Fem","Ignorado",43,"Tráfico",3
"2215","Fem","Ignorado",44,"Física",1790
"2216","Fem","Ignorado",44,"Intervenção legal",3
"2217","Fem","Ignorado",44,"Negligência",9
"2218","Fem","Ignorado",44,"Outras",578
"2219","Fem","Ignorado",44,"Psicológica",560
"2220","Fem","Ignorado",44,"Sexual",98
"2221","Fem","Ignorado",44,"Tortura",44
"2222","Fem","Ignorado",44,"Trabalho infantil",0
"2223","Fem","Ignorado",44,"Tráfico",1
"2224","Fem","Ignorado",45,"Física",1606
"2225","Fem","Ignorado",45,"Intervenção legal",2
"2226","Fem","Ignorado",45,"Negligência",17
"2227","Fem","Ignorado",45,"Outras",552
"2228","Fem","Ignorado",45,"Psicológica",496
"2229","Fem","Ignorado",45,"Sexual",77
"2230","Fem","Ignorado",45,"Tortura",42
"2231","Fem","Ignorado",45,"Trabalho infantil",1
"2232","Fem","Ignorado",45,"Tráfico",0
"2233","Fem","Ignorado",46,"Física",1516
"2234","Fem","Ignorado",46,"Intervenção legal",2
"2235","Fem","Ignorado",46,"Negligência",18
"2236","Fem","Ignorado",46,"Outras",478
"2237","Fem","Ignorado",46,"Psicológica",459
"2238","Fem","Ignorado",46,"Sexual",70
"2239","Fem","Ignorado",46,"Tortura",41
"2240","Fem","Ignorado",46,"Trabalho infantil",0
"2241","Fem","Ignorado",46,"Tráfico",0
"2242","Fem","Ignorado",47,"Física",1352
"2243","Fem","Ignorado",47,"Intervenção legal",0
"2244","Fem","Ignorado",47,"Negligência",16
"2245","Fem","Ignorado",47,"Outras",449
"2246","Fem","Ignorado",47,"Psicológica",419
"2247","Fem","Ignorado",47,"Sexual",71
"2248","Fem","Ignorado",47,"Tortura",25
"2249","Fem","Ignorado",47,"Trabalho infantil",1
"2250","Fem","Ignorado",47,"Tráfico",1
"2251","Fem","Ignorado",48,"Física",1257
"2252","Fem","Ignorado",48,"Intervenção legal",3
"2253","Fem","Ignorado",48,"Negligência",17
"2254","Fem","Ignorado",48,"Outras",365
"2255","Fem","Ignorado",48,"Psicológica",376
"2256","Fem","Ignorado",48,"Sexual",57
"2257","Fem","Ignorado",48,"Tortura",20
"2258","Fem","Ignorado",48,"Trabalho infantil",0
"2259","Fem","Ignorado",48,"Tráfico",1
"2260","Fem","Ignorado",49,"Física",1161
"2261","Fem","Ignorado",49,"Intervenção legal",0
"2262","Fem","Ignorado",49,"Negligência",19
"2263","Fem","Ignorado",49,"Outras",388
"2264","Fem","Ignorado",49,"Psicológica",377
"2265","Fem","Ignorado",49,"Sexual",56
"2266","Fem","Ignorado",49,"Tortura",23
"2267","Fem","Ignorado",49,"Trabalho infantil",0
"2268","Fem","Ignorado",49,"Tráfico",0
"2269","Fem","Ignorado",50,"Física",1165
"2270","Fem","Ignorado",50,"Intervenção legal",4
"2271","Fem","Ignorado",50,"Negligência",9
"2272","Fem","Ignorado",50,"Outras",404
"2273","Fem","Ignorado",50,"Psicológica",336
"2274","Fem","Ignorado",50,"Sexual",53
"2275","Fem","Ignorado",50,"Tortura",31
"2276","Fem","Ignorado",50,"Trabalho infantil",1
"2277","Fem","Ignorado",50,"Tráfico",0
"2278","Fem","Ignorado",51,"Física",969
"2279","Fem","Ignorado",51,"Intervenção legal",3
"2280","Fem","Ignorado",51,"Negligência",15
"2281","Fem","Ignorado",51,"Outras",314
"2282","Fem","Ignorado",51,"Psicológica",330
"2283","Fem","Ignorado",51,"Sexual",42
"2284","Fem","Ignorado",51,"Tortura",25
"2285","Fem","Ignorado",51,"Trabalho infantil",1
"2286","Fem","Ignorado",51,"Tráfico",2
"2287","Fem","Ignorado",52,"Física",924
"2288","Fem","Ignorado",52,"Intervenção legal",0
"2289","Fem","Ignorado",52,"Negligência",8
"2290","Fem","Ignorado",52,"Outras",313
"2291","Fem","Ignorado",52,"Psicológica",310
"2292","Fem","Ignorado",52,"Sexual",33
"2293","Fem","Ignorado",52,"Tortura",12
"2294","Fem","Ignorado",52,"Trabalho infantil",0
"2295","Fem","Ignorado",52,"Tráfico",0
"2296","Fem","Ignorado",53,"Física",814
"2297","Fem","Ignorado",53,"Intervenção legal",1
"2298","Fem","Ignorado",53,"Negligência",20
"2299","Fem","Ignorado",53,"Outras",307
"2300","Fem","Ignorado",53,"Psicológica",275
"2301","Fem","Ignorado",53,"Sexual",36
"2302","Fem","Ignorado",53,"Tortura",22
"2303","Fem","Ignorado",53,"Trabalho infantil",0
"2304","Fem","Ignorado",53,"Tráfico",0
"2305","Fem","Ignorado",54,"Física",775
"2306","Fem","Ignorado",54,"Intervenção legal",2
"2307","Fem","Ignorado",54,"Negligência",20
"2308","Fem","Ignorado",54,"Outras",260
"2309","Fem","Ignorado",54,"Psicológica",242
"2310","Fem","Ignorado",54,"Sexual",37
"2311","Fem","Ignorado",54,"Tortura",15
"2312","Fem","Ignorado",54,"Trabalho infantil",0
"2313","Fem","Ignorado",54,"Tráfico",0
"2314","Fem","Ignorado",55,"Física",684
"2315","Fem","Ignorado",55,"Intervenção legal",2
"2316","Fem","Ignorado",55,"Negligência",19
"2317","Fem","Ignorado",55,"Outras",232
"2318","Fem","Ignorado",55,"Psicológica",204
"2319","Fem","Ignorado",55,"Sexual",25
"2320","Fem","Ignorado",55,"Tortura",22
"2321","Fem","Ignorado",55,"Trabalho infantil",0
"2322","Fem","Ignorado",55,"Tráfico",0
"2323","Fem","Ignorado",56,"Física",656
"2324","Fem","Ignorado",56,"Intervenção legal",1
"2325","Fem","Ignorado",56,"Negligência",20
"2326","Fem","Ignorado",56,"Outras",224
"2327","Fem","Ignorado",56,"Psicológica",231
"2328","Fem","Ignorado",56,"Sexual",27
"2329","Fem","Ignorado",56,"Tortura",10
"2330","Fem","Ignorado",56,"Trabalho infantil",0
"2331","Fem","Ignorado",56,"Tráfico",0
"2332","Fem","Ignorado",57,"Física",527
"2333","Fem","Ignorado",57,"Intervenção legal",0
"2334","Fem","Ignorado",57,"Negligência",14
"2335","Fem","Ignorado",57,"Outras",200
"2336","Fem","Ignorado",57,"Psicológica",159
"2337","Fem","Ignorado",57,"Sexual",23
"2338","Fem","Ignorado",57,"Tortura",10
"2339","Fem","Ignorado",57,"Trabalho infantil",0
"2340","Fem","Ignorado",57,"Tráfico",0
"2341","Fem","Ignorado",58,"Física",511
"2342","Fem","Ignorado",58,"Intervenção legal",2
"2343","Fem","Ignorado",58,"Negligência",17
"2344","Fem","Ignorado",58,"Outras",177
"2345","Fem","Ignorado",58,"Psicológica",176
"2346","Fem","Ignorado",58,"Sexual",18
"2347","Fem","Ignorado",58,"Tortura",13
"2348","Fem","Ignorado",58,"Trabalho infantil",0
"2349","Fem","Ignorado",58,"Tráfico",1
"2350","Fem","Ignorado",59,"Física",459
"2351","Fem","Ignorado",59,"Intervenção legal",0
"2352","Fem","Ignorado",59,"Negligência",25
"2353","Fem","Ignorado",59,"Outras",172
"2354","Fem","Ignorado",59,"Psicológica",178
"2355","Fem","Ignorado",59,"Sexual",13
"2356","Fem","Ignorado",59,"Tortura",6
"2357","Fem","Ignorado",59,"Trabalho infantil",0
"2358","Fem","Ignorado",59,"Tráfico",0
"2359","Fem","Ignorado",60,"Física",469
"2360","Fem","Ignorado",60,"Intervenção legal",1
"2361","Fem","Ignorado",60,"Negligência",46
"2362","Fem","Ignorado",60,"Outras",136
"2363","Fem","Ignorado",60,"Psicológica",172
"2364","Fem","Ignorado",60,"Sexual",18
"2365","Fem","Ignorado",60,"Tortura",10
"2366","Fem","Ignorado",60,"Trabalho infantil",0
"2367","Fem","Ignorado",60,"Tráfico",0
"2368","Fem","Ignorado",61,"Física",394
"2369","Fem","Ignorado",61,"Intervenção legal",0
"2370","Fem","Ignorado",61,"Negligência",42
"2371","Fem","Ignorado",61,"Outras",134
"2372","Fem","Ignorado",61,"Psicológica",156
"2373","Fem","Ignorado",61,"Sexual",13
"2374","Fem","Ignorado",61,"Tortura",11
"2375","Fem","Ignorado",61,"Trabalho infantil",0
"2376","Fem","Ignorado",61,"Tráfico",2
"2377","Fem","Ignorado",62,"Física",361
"2378","Fem","Ignorado",62,"Intervenção legal",1
"2379","Fem","Ignorado",62,"Negligência",45
"2380","Fem","Ignorado",62,"Outras",117
"2381","Fem","Ignorado",62,"Psicológica",137
"2382","Fem","Ignorado",62,"Sexual",8
"2383","Fem","Ignorado",62,"Tortura",4
"2384","Fem","Ignorado",62,"Trabalho infantil",0
"2385","Fem","Ignorado",62,"Tráfico",0
"2386","Fem","Ignorado",63,"Física",326
"2387","Fem","Ignorado",63,"Intervenção legal",1
"2388","Fem","Ignorado",63,"Negligência",49
"2389","Fem","Ignorado",63,"Outras",104
"2390","Fem","Ignorado",63,"Psicológica",126
"2391","Fem","Ignorado",63,"Sexual",14
"2392","Fem","Ignorado",63,"Tortura",8
"2393","Fem","Ignorado",63,"Trabalho infantil",0
"2394","Fem","Ignorado",63,"Tráfico",0
"2395","Fem","Ignorado",64,"Física",313
"2396","Fem","Ignorado",64,"Intervenção legal",3
"2397","Fem","Ignorado",64,"Negligência",54
"2398","Fem","Ignorado",64,"Outras",126
"2399","Fem","Ignorado",64,"Psicológica",130
"2400","Fem","Ignorado",64,"Sexual",10
"2401","Fem","Ignorado",64,"Tortura",5
"2402","Fem","Ignorado",64,"Trabalho infantil",0
"2403","Fem","Ignorado",64,"Tráfico",0
"2404","Fem","Ignorado",65,"Física",294
"2405","Fem","Ignorado",65,"Intervenção legal",1
"2406","Fem","Ignorado",65,"Negligência",57
"2407","Fem","Ignorado",65,"Outras",93
"2408","Fem","Ignorado",65,"Psicológica",121
"2409","Fem","Ignorado",65,"Sexual",22
"2410","Fem","Ignorado",65,"Tortura",8
"2411","Fem","Ignorado",65,"Trabalho infantil",0
"2412","Fem","Ignorado",65,"Tráfico",0
"2413","Fem","Ignorado",66,"Física",246
"2414","Fem","Ignorado",66,"Intervenção legal",1
"2415","Fem","Ignorado",66,"Negligência",45
"2416","Fem","Ignorado",66,"Outras",97
"2417","Fem","Ignorado",66,"Psicológica",118
"2418","Fem","Ignorado",66,"Sexual",8
"2419","Fem","Ignorado",66,"Tortura",6
"2420","Fem","Ignorado",66,"Trabalho infantil",0
"2421","Fem","Ignorado",66,"Tráfico",0
"2422","Fem","Ignorado",67,"Física",255
"2423","Fem","Ignorado",67,"Intervenção legal",1
"2424","Fem","Ignorado",67,"Negligência",57
"2425","Fem","Ignorado",67,"Outras",84
"2426","Fem","Ignorado",67,"Psicológica",98
"2427","Fem","Ignorado",67,"Sexual",9
"2428","Fem","Ignorado",67,"Tortura",7
"2429","Fem","Ignorado",67,"Trabalho infantil",0
"2430","Fem","Ignorado",67,"Tráfico",0
"2431","Fem","Ignorado",68,"Física",197
"2432","Fem","Ignorado",68,"Intervenção legal",0
"2433","Fem","Ignorado",68,"Negligência",71
"2434","Fem","Ignorado",68,"Outras",79
"2435","Fem","Ignorado",68,"Psicológica",79
"2436","Fem","Ignorado",68,"Sexual",9
"2437","Fem","Ignorado",68,"Tortura",3
"2438","Fem","Ignorado",68,"Trabalho infantil",0
"2439","Fem","Ignorado",68,"Tráfico",1
"2440","Fem","Ignorado",69,"Física",167
"2441","Fem","Ignorado",69,"Intervenção legal",0
"2442","Fem","Ignorado",69,"Negligência",58
"2443","Fem","Ignorado",69,"Outras",61
"2444","Fem","Ignorado",69,"Psicológica",83
"2445","Fem","Ignorado",69,"Sexual",6
"2446","Fem","Ignorado",69,"Tortura",2
"2447","Fem","Ignorado",69,"Trabalho infantil",0
"2448","Fem","Ignorado",69,"Tráfico",0
"2449","Fem","Ignorado",70,"Física",174
"2450","Fem","Ignorado",70,"Intervenção legal",0
"2451","Fem","Ignorado",70,"Negligência",77
"2452","Fem","Ignorado",70,"Outras",60
"2453","Fem","Ignorado",70,"Psicológica",86
"2454","Fem","Ignorado",70,"Sexual",2
"2455","Fem","Ignorado",70,"Tortura",4
"2456","Fem","Ignorado",70,"Trabalho infantil",0
"2457","Fem","Ignorado",70,"Tráfico",1
"2458","Fem","Ignorado",71,"Física",154
"2459","Fem","Ignorado",71,"Intervenção legal",1
"2460","Fem","Ignorado",71,"Negligência",74
"2461","Fem","Ignorado",71,"Outras",62
"2462","Fem","Ignorado",71,"Psicológica",80
"2463","Fem","Ignorado",71,"Sexual",4
"2464","Fem","Ignorado",71,"Tortura",5
"2465","Fem","Ignorado",71,"Trabalho infantil",0
"2466","Fem","Ignorado",71,"Tráfico",1
"2467","Fem","Ignorado",72,"Física",153
"2468","Fem","Ignorado",72,"Intervenção legal",0
"2469","Fem","Ignorado",72,"Negligência",88
"2470","Fem","Ignorado",72,"Outras",57
"2471","Fem","Ignorado",72,"Psicológica",75
"2472","Fem","Ignorado",72,"Sexual",6
"2473","Fem","Ignorado",72,"Tortura",7
"2474","Fem","Ignorado",72,"Trabalho infantil",0
"2475","Fem","Ignorado",72,"Tráfico",0
"2476","Fem","Ignorado",73,"Física",127
"2477","Fem","Ignorado",73,"Intervenção legal",2
"2478","Fem","Ignorado",73,"Negligência",74
"2479","Fem","Ignorado",73,"Outras",51
"2480","Fem","Ignorado",73,"Psicológica",81
"2481","Fem","Ignorado",73,"Sexual",5
"2482","Fem","Ignorado",73,"Tortura",6
"2483","Fem","Ignorado",73,"Trabalho infantil",0
"2484","Fem","Ignorado",73,"Tráfico",0
"2485","Fem","Ignorado",74,"Física",111
"2486","Fem","Ignorado",74,"Intervenção legal",1
"2487","Fem","Ignorado",74,"Negligência",103
"2488","Fem","Ignorado",74,"Outras",66
"2489","Fem","Ignorado",74,"Psicológica",80
"2490","Fem","Ignorado",74,"Sexual",5
"2491","Fem","Ignorado",74,"Tortura",1
"2492","Fem","Ignorado",74,"Trabalho infantil",0
"2493","Fem","Ignorado",74,"Tráfico",0
"2494","Fem","Ignorado",75,"Física",113
"2495","Fem","Ignorado",75,"Intervenção legal",0
"2496","Fem","Ignorado",75,"Negligência",85
"2497","Fem","Ignorado",75,"Outras",54
"2498","Fem","Ignorado",75,"Psicológica",70
"2499","Fem","Ignorado",75,"Sexual",3
"2500","Fem","Ignorado",75,"Tortura",4
"2501","Fem","Ignorado",75,"Trabalho infantil",1
"2502","Fem","Ignorado",75,"Tráfico",0
"2503","Fem","Ignorado",76,"Física",116
"2504","Fem","Ignorado",76,"Intervenção legal",0
"2505","Fem","Ignorado",76,"Negligência",101
"2506","Fem","Ignorado",76,"Outras",53
"2507","Fem","Ignorado",76,"Psicológica",67
"2508","Fem","Ignorado",76,"Sexual",4
"2509","Fem","Ignorado",76,"Tortura",6
"2510","Fem","Ignorado",76,"Trabalho infantil",1
"2511","Fem","Ignorado",76,"Tráfico",0
"2512","Fem","Ignorado",77,"Física",98
"2513","Fem","Ignorado",77,"Intervenção legal",0
"2514","Fem","Ignorado",77,"Negligência",94
"2515","Fem","Ignorado",77,"Outras",38
"2516","Fem","Ignorado",77,"Psicológica",63
"2517","Fem","Ignorado",77,"Sexual",5
"2518","Fem","Ignorado",77,"Tortura",4
"2519","Fem","Ignorado",77,"Trabalho infantil",0
"2520","Fem","Ignorado",77,"Tráfico",1
"2521","Fem","Ignorado",78,"Física",98
"2522","Fem","Ignorado",78,"Intervenção legal",1
"2523","Fem","Ignorado",78,"Negligência",101
"2524","Fem","Ignorado",78,"Outras",47
"2525","Fem","Ignorado",78,"Psicológica",59
"2526","Fem","Ignorado",78,"Sexual",4
"2527","Fem","Ignorado",78,"Tortura",3
"2528","Fem","Ignorado",78,"Trabalho infantil",0
"2529","Fem","Ignorado",78,"Tráfico",0
"2530","Fem","Ignorado",79,"Física",80
"2531","Fem","Ignorado",79,"Intervenção legal",2
"2532","Fem","Ignorado",79,"Negligência",90
"2533","Fem","Ignorado",79,"Outras",46
"2534","Fem","Ignorado",79,"Psicológica",63
"2535","Fem","Ignorado",79,"Sexual",4
"2536","Fem","Ignorado",79,"Tortura",7
"2537","Fem","Ignorado",79,"Trabalho infantil",0
"2538","Fem","Ignorado",79,"Tráfico",1
"2539","Fem","Ignorado",80,"Física",82
"2540","Fem","Ignorado",80,"Intervenção legal",0
"2541","Fem","Ignorado",80,"Negligência",98
"2542","Fem","Ignorado",80,"Outras",34
"2543","Fem","Ignorado",80,"Psicológica",65
"2544","Fem","Ignorado",80,"Sexual",8
"2545","Fem","Ignorado",80,"Tortura",1
"2546","Fem","Ignorado",80,"Trabalho infantil",0
"2547","Fem","Ignorado",80,"Tráfico",0
"2548","Fem","Ignorado",81,"Física",66
"2549","Fem","Ignorado",81,"Intervenção legal",1
"2550","Fem","Ignorado",81,"Negligência",81
"2551","Fem","Ignorado",81,"Outras",34
"2552","Fem","Ignorado",81,"Psicológica",35
"2553","Fem","Ignorado",81,"Sexual",3
"2554","Fem","Ignorado",81,"Tortura",2
"2555","Fem","Ignorado",81,"Trabalho infantil",0
"2556","Fem","Ignorado",81,"Tráfico",0
"2557","Fem","Ignorado",82,"Física",69
"2558","Fem","Ignorado",82,"Intervenção legal",0
"2559","Fem","Ignorado",82,"Negligência",81
"2560","Fem","Ignorado",82,"Outras",33
"2561","Fem","Ignorado",82,"Psicológica",29
"2562","Fem","Ignorado",82,"Sexual",2
"2563","Fem","Ignorado",82,"Tortura",5
"2564","Fem","Ignorado",82,"Trabalho infantil",0
"2565","Fem","Ignorado",82,"Tráfico",0
"2566","Fem","Ignorado",83,"Física",44
"2567","Fem","Ignorado",83,"Intervenção legal",0
"2568","Fem","Ignorado",83,"Negligência",92
"2569","Fem","Ignorado",83,"Outras",28
"2570","Fem","Ignorado",83,"Psicológica",40
"2571","Fem","Ignorado",83,"Sexual",2
"2572","Fem","Ignorado",83,"Tortura",2
"2573","Fem","Ignorado",83,"Trabalho infantil",0
"2574","Fem","Ignorado",83,"Tráfico",0
"2575","Fem","Ignorado",84,"Física",52
"2576","Fem","Ignorado",84,"Intervenção legal",0
"2577","Fem","Ignorado",84,"Negligência",96
"2578","Fem","Ignorado",84,"Outras",29
"2579","Fem","Ignorado",84,"Psicológica",42
"2580","Fem","Ignorado",84,"Sexual",1
"2581","Fem","Ignorado",84,"Tortura",1
"2582","Fem","Ignorado",84,"Trabalho infantil",1
"2583","Fem","Ignorado",84,"Tráfico",0
"2584","Fem","Ignorado",85,"Física",44
"2585","Fem","Ignorado",85,"Intervenção legal",0
"2586","Fem","Ignorado",85,"Negligência",77
"2587","Fem","Ignorado",85,"Outras",21
"2588","Fem","Ignorado",85,"Psicológica",20
"2589","Fem","Ignorado",85,"Sexual",0
"2590","Fem","Ignorado",85,"Tortura",0
"2591","Fem","Ignorado",85,"Trabalho infantil",0
"2592","Fem","Ignorado",85,"Tráfico",0
"2593","Fem","Ignorado",86,"Física",36
"2594","Fem","Ignorado",86,"Intervenção legal",0
"2595","Fem","Ignorado",86,"Negligência",61
"2596","Fem","Ignorado",86,"Outras",19
"2597","Fem","Ignorado",86,"Psicológica",15
"2598","Fem","Ignorado",86,"Sexual",2
"2599","Fem","Ignorado",86,"Tortura",1
"2600","Fem","Ignorado",86,"Trabalho infantil",0
"2601","Fem","Ignorado",86,"Tráfico",0
"2602","Fem","Ignorado",87,"Física",38
"2603","Fem","Ignorado",87,"Intervenção legal",0
"2604","Fem","Ignorado",87,"Negligência",63
"2605","Fem","Ignorado",87,"Outras",22
"2606","Fem","Ignorado",87,"Psicológica",19
"2607","Fem","Ignorado",87,"Sexual",2
"2608","Fem","Ignorado",87,"Tortura",1
"2609","Fem","Ignorado",87,"Trabalho infantil",0
"2610","Fem","Ignorado",87,"Tráfico",0
"2611","Fem","Ignorado",88,"Física",22
"2612","Fem","Ignorado",88,"Intervenção legal",0
"2613","Fem","Ignorado",88,"Negligência",54
"2614","Fem","Ignorado",88,"Outras",11
"2615","Fem","Ignorado",88,"Psicológica",9
"2616","Fem","Ignorado",88,"Sexual",1
"2617","Fem","Ignorado",88,"Tortura",0
"2618","Fem","Ignorado",88,"Trabalho infantil",0
"2619","Fem","Ignorado",88,"Tráfico",0
"2620","Fem","Ignorado",89,"Física",24
"2621","Fem","Ignorado",89,"Intervenção legal",0
"2622","Fem","Ignorado",89,"Negligência",55
"2623","Fem","Ignorado",89,"Outras",19
"2624","Fem","Ignorado",89,"Psicológica",15
"2625","Fem","Ignorado",89,"Sexual",1
"2626","Fem","Ignorado",89,"Tortura",1
"2627","Fem","Ignorado",89,"Trabalho infantil",0
"2628","Fem","Ignorado",89,"Tráfico",0
"2629","Fem","Ignorado",90,"Física",33
"2630","Fem","Ignorado",90,"Intervenção legal",0
"2631","Fem","Ignorado",90,"Negligência",63
"2632","Fem","Ignorado",90,"Outras",15
"2633","Fem","Ignorado",90,"Psicológica",23
"2634","Fem","Ignorado",90,"Sexual",2
"2635","Fem","Ignorado",90,"Tortura",1
"2636","Fem","Ignorado",90,"Trabalho infantil",1
"2637","Fem","Ignorado",90,"Tráfico",0
"2638","Fem","Ignorado",91,"Física",19
"2639","Fem","Ignorado",91,"Intervenção legal",0
"2640","Fem","Ignorado",91,"Negligência",33
"2641","Fem","Ignorado",91,"Outras",9
"2642","Fem","Ignorado",91,"Psicológica",16
"2643","Fem","Ignorado",91,"Sexual",1
"2644","Fem","Ignorado",91,"Tortura",1
"2645","Fem","Ignorado",91,"Trabalho infantil",0
"2646","Fem","Ignorado",91,"Tráfico",0
"2647","Fem","Ignorado",92,"Física",14
"2648","Fem","Ignorado",92,"Intervenção legal",0
"2649","Fem","Ignorado",92,"Negligência",36
"2650","Fem","Ignorado",92,"Outras",7
"2651","Fem","Ignorado",92,"Psicológica",10
"2652","Fem","Ignorado",92,"Sexual",0
"2653","Fem","Ignorado",92,"Tortura",1
"2654","Fem","Ignorado",92,"Trabalho infantil",0
"2655","Fem","Ignorado",92,"Tráfico",1
"2656","Fem","Ignorado",93,"Física",11
"2657","Fem","Ignorado",93,"Intervenção legal",0
"2658","Fem","Ignorado",93,"Negligência",17
"2659","Fem","Ignorado",93,"Outras",5
"2660","Fem","Ignorado",93,"Psicológica",5
"2661","Fem","Ignorado",93,"Sexual",2
"2662","Fem","Ignorado",93,"Tortura",1
"2663","Fem","Ignorado",93,"Trabalho infantil",0
"2664","Fem","Ignorado",93,"Tráfico",0
"2665","Fem","Ignorado",94,"Física",9
"2666","Fem","Ignorado",94,"Intervenção legal",0
"2667","Fem","Ignorado",94,"Negligência",24
"2668","Fem","Ignorado",94,"Outras",1
"2669","Fem","Ignorado",94,"Psicológica",2
"2670","Fem","Ignorado",94,"Sexual",0
"2671","Fem","Ignorado",94,"Tortura",1
"2672","Fem","Ignorado",94,"Trabalho infantil",0
"2673","Fem","Ignorado",94,"Tráfico",0
"2674","Fem","Ignorado",95,"Física",10
"2675","Fem","Ignorado",95,"Intervenção legal",0
"2676","Fem","Ignorado",95,"Negligência",22
"2677","Fem","Ignorado",95,"Outras",5
"2678","Fem","Ignorado",95,"Psicológica",6
"2679","Fem","Ignorado",95,"Sexual",0
"2680","Fem","Ignorado",95,"Tortura",0
"2681","Fem","Ignorado",95,"Trabalho infantil",0
"2682","Fem","Ignorado",95,"Tráfico",0
"2683","Fem","Ignorado",96,"Física",5
"2684","Fem","Ignorado",96,"Intervenção legal",0
"2685","Fem","Ignorado",96,"Negligência",12
"2686","Fem","Ignorado",96,"Outras",1
"2687","Fem","Ignorado",96,"Psicológica",3
"2688","Fem","Ignorado",96,"Sexual",0
"2689","Fem","Ignorado",96,"Tortura",0
"2690","Fem","Ignorado",96,"Trabalho infantil",0
"2691","Fem","Ignorado",96,"Tráfico",0
"2692","Fem","Ignorado",97,"Física",6
"2693","Fem","Ignorado",97,"Intervenção legal",0
"2694","Fem","Ignorado",97,"Negligência",8
"2695","Fem","Ignorado",97,"Outras",4
"2696","Fem","Ignorado",97,"Psicológica",5
"2697","Fem","Ignorado",97,"Sexual",0
"2698","Fem","Ignorado",97,"Tortura",0
"2699","Fem","Ignorado",97,"Trabalho infantil",0
"2700","Fem","Ignorado",97,"Tráfico",0
"2701","Fem","Ignorado",98,"Física",4
"2702","Fem","Ignorado",98,"Intervenção legal",0
"2703","Fem","Ignorado",98,"Negligência",4
"2704","Fem","Ignorado",98,"Outras",3
"2705","Fem","Ignorado",98,"Psicológica",3
"2706","Fem","Ignorado",98,"Sexual",0
"2707","Fem","Ignorado",98,"Tortura",0
"2708","Fem","Ignorado",98,"Trabalho infantil",0
"2709","Fem","Ignorado",98,"Tráfico",0
"2710","Fem","Ignorado",99,"Física",2
"2711","Fem","Ignorado",99,"Intervenção legal",0
"2712","Fem","Ignorado",99,"Negligência",3
"2713","Fem","Ignorado",99,"Outras",2
"2714","Fem","Ignorado",99,"Psicológica",2
"2715","Fem","Ignorado",99,"Sexual",0
"2716","Fem","Ignorado",99,"Tortura",0
"2717","Fem","Ignorado",99,"Trabalho infantil",0
"2718","Fem","Ignorado",99,"Tráfico",0
"2719","Fem","Ignorado",100,"Física",1
"2720","Fem","Ignorado",100,"Intervenção legal",0
"2721","Fem","Ignorado",100,"Negligência",1
"2722","Fem","Ignorado",100,"Outras",1
"2723","Fem","Ignorado",100,"Psicológica",1
"2724","Fem","Ignorado",100,"Sexual",0
"2725","Fem","Ignorado",100,"Tortura",0
"2726","Fem","Ignorado",100,"Trabalho infantil",0
"2727","Fem","Ignorado",100,"Tráfico",0
"2728","Fem","Preta",0,"Física",1
"2729","Fem","Preta",0,"Intervenção legal",0
"2730","Fem","Preta",0,"Negligência",5
"2731","Fem","Preta",0,"Outras",0
"2732","Fem","Preta",0,"Psicológica",0
"2733","Fem","Preta",0,"Sexual",1
"2734","Fem","Preta",0,"Tortura",0
"2735","Fem","Preta",0,"Trabalho infantil",0
"2736","Fem","Preta",0,"Tráfico",0
"2737","Fem","Preta",1,"Física",277
"2738","Fem","Preta",1,"Intervenção legal",4
"2739","Fem","Preta",1,"Negligência",1029
"2740","Fem","Preta",1,"Outras",46
"2741","Fem","Preta",1,"Psicológica",113
"2742","Fem","Preta",1,"Sexual",344
"2743","Fem","Preta",1,"Tortura",13
"2744","Fem","Preta",1,"Trabalho infantil",6
"2745","Fem","Preta",1,"Tráfico",0
"2746","Fem","Preta",2,"Física",295
"2747","Fem","Preta",2,"Intervenção legal",4
"2748","Fem","Preta",2,"Negligência",803
"2749","Fem","Preta",2,"Outras",38
"2750","Fem","Preta",2,"Psicológica",155
"2751","Fem","Preta",2,"Sexual",657
"2752","Fem","Preta",2,"Tortura",17
"2753","Fem","Preta",2,"Trabalho infantil",8
"2754","Fem","Preta",2,"Tráfico",1
"2755","Fem","Preta",3,"Física",320
"2756","Fem","Preta",3,"Intervenção legal",4
"2757","Fem","Preta",3,"Negligência",625
"2758","Fem","Preta",3,"Outras",39
"2759","Fem","Preta",3,"Psicológica",224
"2760","Fem","Preta",3,"Sexual",907
"2761","Fem","Preta",3,"Tortura",16
"2762","Fem","Preta",3,"Trabalho infantil",12
"2763","Fem","Preta",3,"Tráfico",0
"2764","Fem","Preta",4,"Física",336
"2765","Fem","Preta",4,"Intervenção legal",2
"2766","Fem","Preta",4,"Negligência",567
"2767","Fem","Preta",4,"Outras",44
"2768","Fem","Preta",4,"Psicológica",272
"2769","Fem","Preta",4,"Sexual",920
"2770","Fem","Preta",4,"Tortura",30
"2771","Fem","Preta",4,"Trabalho infantil",14
"2772","Fem","Preta",4,"Tráfico",2
"2773","Fem","Preta",5,"Física",339
"2774","Fem","Preta",5,"Intervenção legal",3
"2775","Fem","Preta",5,"Negligência",432
"2776","Fem","Preta",5,"Outras",34
"2777","Fem","Preta",5,"Psicológica",316
"2778","Fem","Preta",5,"Sexual",897
"2779","Fem","Preta",5,"Tortura",24
"2780","Fem","Preta",5,"Trabalho infantil",11
"2781","Fem","Preta",5,"Tráfico",2
"2782","Fem","Preta",6,"Física",319
"2783","Fem","Preta",6,"Intervenção legal",4
"2784","Fem","Preta",6,"Negligência",393
"2785","Fem","Preta",6,"Outras",35
"2786","Fem","Preta",6,"Psicológica",282
"2787","Fem","Preta",6,"Sexual",813
"2788","Fem","Preta",6,"Tortura",27
"2789","Fem","Preta",6,"Trabalho infantil",10
"2790","Fem","Preta",6,"Tráfico",1
"2791","Fem","Preta",7,"Física",423
"2792","Fem","Preta",7,"Intervenção legal",1
"2793","Fem","Preta",7,"Negligência",379
"2794","Fem","Preta",7,"Outras",44
"2795","Fem","Preta",7,"Psicológica",404
"2796","Fem","Preta",7,"Sexual",834
"2797","Fem","Preta",7,"Tortura",30
"2798","Fem","Preta",7,"Trabalho infantil",7
"2799","Fem","Preta",7,"Tráfico",0
"2800","Fem","Preta",8,"Física",397
"2801","Fem","Preta",8,"Intervenção legal",5
"2802","Fem","Preta",8,"Negligência",360
"2803","Fem","Preta",8,"Outras",52
"2804","Fem","Preta",8,"Psicológica",417
"2805","Fem","Preta",8,"Sexual",936
"2806","Fem","Preta",8,"Tortura",35
"2807","Fem","Preta",8,"Trabalho infantil",13
"2808","Fem","Preta",8,"Tráfico",2
"2809","Fem","Preta",9,"Física",446
"2810","Fem","Preta",9,"Intervenção legal",4
"2811","Fem","Preta",9,"Negligência",337
"2812","Fem","Preta",9,"Outras",75
"2813","Fem","Preta",9,"Psicológica",487
"2814","Fem","Preta",9,"Sexual",984
"2815","Fem","Preta",9,"Tortura",37
"2816","Fem","Preta",9,"Trabalho infantil",17
"2817","Fem","Preta",9,"Tráfico",1
"2818","Fem","Preta",10,"Física",576
"2819","Fem","Preta",10,"Intervenção legal",4
"2820","Fem","Preta",10,"Negligência",343
"2821","Fem","Preta",10,"Outras",118
"2822","Fem","Preta",10,"Psicológica",559
"2823","Fem","Preta",10,"Sexual",1150
"2824","Fem","Preta",10,"Tortura",49
"2825","Fem","Preta",10,"Trabalho infantil",33
"2826","Fem","Preta",10,"Tráfico",1
"2827","Fem","Preta",11,"Física",755
"2828","Fem","Preta",11,"Intervenção legal",5
"2829","Fem","Preta",11,"Negligência",314
"2830","Fem","Preta",11,"Outras",281
"2831","Fem","Preta",11,"Psicológica",720
"2832","Fem","Preta",11,"Sexual",1721
"2833","Fem","Preta",11,"Tortura",62
"2834","Fem","Preta",11,"Trabalho infantil",35
"2835","Fem","Preta",11,"Tráfico",2
"2836","Fem","Preta",12,"Física",1238
"2837","Fem","Preta",12,"Intervenção legal",9
"2838","Fem","Preta",12,"Negligência",389
"2839","Fem","Preta",12,"Outras",640
"2840","Fem","Preta",12,"Psicológica",950
"2841","Fem","Preta",12,"Sexual",2619
"2842","Fem","Preta",12,"Tortura",92
"2843","Fem","Preta",12,"Trabalho infantil",43
"2844","Fem","Preta",12,"Tráfico",4
"2845","Fem","Preta",13,"Física",1838
"2846","Fem","Preta",13,"Intervenção legal",11
"2847","Fem","Preta",13,"Negligência",450
"2848","Fem","Preta",13,"Outras",1093
"2849","Fem","Preta",13,"Psicológica",1185
"2850","Fem","Preta",13,"Sexual",3508
"2851","Fem","Preta",13,"Tortura",107
"2852","Fem","Preta",13,"Trabalho infantil",62
"2853","Fem","Preta",13,"Tráfico",3
"2854","Fem","Preta",14,"Física",2269
"2855","Fem","Preta",14,"Intervenção legal",12
"2856","Fem","Preta",14,"Negligência",508
"2857","Fem","Preta",14,"Outras",1398
"2858","Fem","Preta",14,"Psicológica",1203
"2859","Fem","Preta",14,"Sexual",2453
"2860","Fem","Preta",14,"Tortura",115
"2861","Fem","Preta",14,"Trabalho infantil",46
"2862","Fem","Preta",14,"Tráfico",5
"2863","Fem","Preta",15,"Física",2665
"2864","Fem","Preta",15,"Intervenção legal",8
"2865","Fem","Preta",15,"Negligência",486
"2866","Fem","Preta",15,"Outras",1592
"2867","Fem","Preta",15,"Psicológica",1262
"2868","Fem","Preta",15,"Sexual",1725
"2869","Fem","Preta",15,"Tortura",111
"2870","Fem","Preta",15,"Trabalho infantil",40
"2871","Fem","Preta",15,"Tráfico",3
"2872","Fem","Preta",16,"Física",2981
"2873","Fem","Preta",16,"Intervenção legal",8
"2874","Fem","Preta",16,"Negligência",473
"2875","Fem","Preta",16,"Outras",1565
"2876","Fem","Preta",16,"Psicológica",1213
"2877","Fem","Preta",16,"Sexual",1333
"2878","Fem","Preta",16,"Tortura",140
"2879","Fem","Preta",16,"Trabalho infantil",26
"2880","Fem","Preta",16,"Tráfico",7
"2881","Fem","Preta",17,"Física",3124
"2882","Fem","Preta",17,"Intervenção legal",10
"2883","Fem","Preta",17,"Negligência",446
"2884","Fem","Preta",17,"Outras",1457
"2885","Fem","Preta",17,"Psicológica",1218
"2886","Fem","Preta",17,"Sexual",1088
"2887","Fem","Preta",17,"Tortura",131
"2888","Fem","Preta",17,"Trabalho infantil",12
"2889","Fem","Preta",17,"Tráfico",1
"2890","Fem","Preta",18,"Física",3343
"2891","Fem","Preta",18,"Intervenção legal",8
"2892","Fem","Preta",18,"Negligência",76
"2893","Fem","Preta",18,"Outras",1374
"2894","Fem","Preta",18,"Psicológica",1420
"2895","Fem","Preta",18,"Sexual",905
"2896","Fem","Preta",18,"Tortura",152
"2897","Fem","Preta",18,"Trabalho infantil",3
"2898","Fem","Preta",18,"Tráfico",5
"2899","Fem","Preta",19,"Física",3628
"2900","Fem","Preta",19,"Intervenção legal",8
"2901","Fem","Preta",19,"Negligência",64
"2902","Fem","Preta",19,"Outras",1348
"2903","Fem","Preta",19,"Psicológica",1520
"2904","Fem","Preta",19,"Sexual",842
"2905","Fem","Preta",19,"Tortura",138
"2906","Fem","Preta",19,"Trabalho infantil",1
"2907","Fem","Preta",19,"Tráfico",3
"2908","Fem","Preta",20,"Física",3922
"2909","Fem","Preta",20,"Intervenção legal",8
"2910","Fem","Preta",20,"Negligência",51
"2911","Fem","Preta",20,"Outras",1300
"2912","Fem","Preta",20,"Psicológica",1619
"2913","Fem","Preta",20,"Sexual",771
"2914","Fem","Preta",20,"Tortura",162
"2915","Fem","Preta",20,"Trabalho infantil",0
"2916","Fem","Preta",20,"Tráfico",4
"2917","Fem","Preta",21,"Física",3985
"2918","Fem","Preta",21,"Intervenção legal",7
"2919","Fem","Preta",21,"Negligência",57
"2920","Fem","Preta",21,"Outras",1199
"2921","Fem","Preta",21,"Psicológica",1735
"2922","Fem","Preta",21,"Sexual",763
"2923","Fem","Preta",21,"Tortura",162
"2924","Fem","Preta",21,"Trabalho infantil",2
"2925","Fem","Preta",21,"Tráfico",2
"2926","Fem","Preta",22,"Física",4144
"2927","Fem","Preta",22,"Intervenção legal",10
"2928","Fem","Preta",22,"Negligência",56
"2929","Fem","Preta",22,"Outras",1233
"2930","Fem","Preta",22,"Psicológica",1741
"2931","Fem","Preta",22,"Sexual",701
"2932","Fem","Preta",22,"Tortura",181
"2933","Fem","Preta",22,"Trabalho infantil",2
"2934","Fem","Preta",22,"Tráfico",1
"2935","Fem","Preta",23,"Física",4344
"2936","Fem","Preta",23,"Intervenção legal",17
"2937","Fem","Preta",23,"Negligência",50
"2938","Fem","Preta",23,"Outras",1192
"2939","Fem","Preta",23,"Psicológica",1863
"2940","Fem","Preta",23,"Sexual",712
"2941","Fem","Preta",23,"Tortura",168
"2942","Fem","Preta",23,"Trabalho infantil",0
"2943","Fem","Preta",23,"Tráfico",6
"2944","Fem","Preta",24,"Física",4517
"2945","Fem","Preta",24,"Intervenção legal",9
"2946","Fem","Preta",24,"Negligência",53
"2947","Fem","Preta",24,"Outras",1156
"2948","Fem","Preta",24,"Psicológica",1948
"2949","Fem","Preta",24,"Sexual",737
"2950","Fem","Preta",24,"Tortura",188
"2951","Fem","Preta",24,"Trabalho infantil",1
"2952","Fem","Preta",24,"Tráfico",7
"2953","Fem","Preta",25,"Física",4342
"2954","Fem","Preta",25,"Intervenção legal",6
"2955","Fem","Preta",25,"Negligência",75
"2956","Fem","Preta",25,"Outras",1095
"2957","Fem","Preta",25,"Psicológica",1985
"2958","Fem","Preta",25,"Sexual",631
"2959","Fem","Preta",25,"Tortura",184
"2960","Fem","Preta",25,"Trabalho infantil",2
"2961","Fem","Preta",25,"Tráfico",1
"2962","Fem","Preta",26,"Física",4175
"2963","Fem","Preta",26,"Intervenção legal",7
"2964","Fem","Preta",26,"Negligência",48
"2965","Fem","Preta",26,"Outras",1044
"2966","Fem","Preta",26,"Psicológica",1895
"2967","Fem","Preta",26,"Sexual",647
"2968","Fem","Preta",26,"Tortura",197
"2969","Fem","Preta",26,"Trabalho infantil",0
"2970","Fem","Preta",26,"Tráfico",5
"2971","Fem","Preta",27,"Física",4224
"2972","Fem","Preta",27,"Intervenção legal",5
"2973","Fem","Preta",27,"Negligência",65
"2974","Fem","Preta",27,"Outras",994
"2975","Fem","Preta",27,"Psicológica",2008
"2976","Fem","Preta",27,"Sexual",579
"2977","Fem","Preta",27,"Tortura",179
"2978","Fem","Preta",27,"Trabalho infantil",1
"2979","Fem","Preta",27,"Tráfico",3
"2980","Fem","Preta",28,"Física",4103
"2981","Fem","Preta",28,"Intervenção legal",11
"2982","Fem","Preta",28,"Negligência",46
"2983","Fem","Preta",28,"Outras",961
"2984","Fem","Preta",28,"Psicológica",1925
"2985","Fem","Preta",28,"Sexual",538
"2986","Fem","Preta",28,"Tortura",176
"2987","Fem","Preta",28,"Trabalho infantil",3
"2988","Fem","Preta",28,"Tráfico",8
"2989","Fem","Preta",29,"Física",3997
"2990","Fem","Preta",29,"Intervenção legal",6
"2991","Fem","Preta",29,"Negligência",51
"2992","Fem","Preta",29,"Outras",911
"2993","Fem","Preta",29,"Psicológica",1839
"2994","Fem","Preta",29,"Sexual",546
"2995","Fem","Preta",29,"Tortura",161
"2996","Fem","Preta",29,"Trabalho infantil",1
"2997","Fem","Preta",29,"Tráfico",5
"2998","Fem","Preta",30,"Física",3969
"2999","Fem","Preta",30,"Intervenção legal",10
"3000","Fem","Preta",30,"Negligência",50
"3001","Fem","Preta",30,"Outras",979
"3002","Fem","Preta",30,"Psicológica",1911
"3003","Fem","Preta",30,"Sexual",531
"3004","Fem","Preta",30,"Tortura",180
"3005","Fem","Preta",30,"Trabalho infantil",2
"3006","Fem","Preta",30,"Tráfico",3
"3007","Fem","Preta",31,"Física",4091
"3008","Fem","Preta",31,"Intervenção legal",7
"3009","Fem","Preta",31,"Negligência",40
"3010","Fem","Preta",31,"Outras",866
"3011","Fem","Preta",31,"Psicológica",1969
"3012","Fem","Preta",31,"Sexual",485
"3013","Fem","Preta",31,"Tortura",183
"3014","Fem","Preta",31,"Trabalho infantil",2
"3015","Fem","Preta",31,"Tráfico",3
"3016","Fem","Preta",32,"Física",3828
"3017","Fem","Preta",32,"Intervenção legal",6
"3018","Fem","Preta",32,"Negligência",48
"3019","Fem","Preta",32,"Outras",808
"3020","Fem","Preta",32,"Psicológica",1843
"3021","Fem","Preta",32,"Sexual",425
"3022","Fem","Preta",32,"Tortura",191
"3023","Fem","Preta",32,"Trabalho infantil",0
"3024","Fem","Preta",32,"Tráfico",0
"3025","Fem","Preta",33,"Física",3914
"3026","Fem","Preta",33,"Intervenção legal",7
"3027","Fem","Preta",33,"Negligência",50
"3028","Fem","Preta",33,"Outras",843
"3029","Fem","Preta",33,"Psicológica",1928
"3030","Fem","Preta",33,"Sexual",425
"3031","Fem","Preta",33,"Tortura",179
"3032","Fem","Preta",33,"Trabalho infantil",1
"3033","Fem","Preta",33,"Tráfico",5
"3034","Fem","Preta",34,"Física",3690
"3035","Fem","Preta",34,"Intervenção legal",7
"3036","Fem","Preta",34,"Negligência",53
"3037","Fem","Preta",34,"Outras",875
"3038","Fem","Preta",34,"Psicológica",1884
"3039","Fem","Preta",34,"Sexual",434
"3040","Fem","Preta",34,"Tortura",174
"3041","Fem","Preta",34,"Trabalho infantil",3
"3042","Fem","Preta",34,"Tráfico",3
"3043","Fem","Preta",35,"Física",3612
"3044","Fem","Preta",35,"Intervenção legal",7
"3045","Fem","Preta",35,"Negligência",42
"3046","Fem","Preta",35,"Outras",810
"3047","Fem","Preta",35,"Psicológica",1803
"3048","Fem","Preta",35,"Sexual",418
"3049","Fem","Preta",35,"Tortura",170
"3050","Fem","Preta",35,"Trabalho infantil",2
"3051","Fem","Preta",35,"Tráfico",3
"3052","Fem","Preta",36,"Física",3506
"3053","Fem","Preta",36,"Intervenção legal",7
"3054","Fem","Preta",36,"Negligência",42
"3055","Fem","Preta",36,"Outras",872
"3056","Fem","Preta",36,"Psicológica",1758
"3057","Fem","Preta",36,"Sexual",425
"3058","Fem","Preta",36,"Tortura",144
"3059","Fem","Preta",36,"Trabalho infantil",0
"3060","Fem","Preta",36,"Tráfico",2
"3061","Fem","Preta",37,"Física",3406
"3062","Fem","Preta",37,"Intervenção legal",8
"3063","Fem","Preta",37,"Negligência",29
"3064","Fem","Preta",37,"Outras",816
"3065","Fem","Preta",37,"Psicológica",1743
"3066","Fem","Preta",37,"Sexual",380
"3067","Fem","Preta",37,"Tortura",156
"3068","Fem","Preta",37,"Trabalho infantil",0
"3069","Fem","Preta",37,"Tráfico",5
"3070","Fem","Preta",38,"Física",3107
"3071","Fem","Preta",38,"Intervenção legal",12
"3072","Fem","Preta",38,"Negligência",39
"3073","Fem","Preta",38,"Outras",805
"3074","Fem","Preta",38,"Psicológica",1628
"3075","Fem","Preta",38,"Sexual",342
"3076","Fem","Preta",38,"Tortura",151
"3077","Fem","Preta",38,"Trabalho infantil",1
"3078","Fem","Preta",38,"Tráfico",6
"3079","Fem","Preta",39,"Física",3070
"3080","Fem","Preta",39,"Intervenção legal",6
"3081","Fem","Preta",39,"Negligência",30
"3082","Fem","Preta",39,"Outras",745
"3083","Fem","Preta",39,"Psicológica",1577
"3084","Fem","Preta",39,"Sexual",349
"3085","Fem","Preta",39,"Tortura",137
"3086","Fem","Preta",39,"Trabalho infantil",0
"3087","Fem","Preta",39,"Tráfico",3
"3088","Fem","Preta",40,"Física",2959
"3089","Fem","Preta",40,"Intervenção legal",8
"3090","Fem","Preta",40,"Negligência",44
"3091","Fem","Preta",40,"Outras",743
"3092","Fem","Preta",40,"Psicológica",1541
"3093","Fem","Preta",40,"Sexual",341
"3094","Fem","Preta",40,"Tortura",133
"3095","Fem","Preta",40,"Trabalho infantil",3
"3096","Fem","Preta",40,"Tráfico",2
"3097","Fem","Preta",41,"Física",2752
"3098","Fem","Preta",41,"Intervenção legal",7
"3099","Fem","Preta",41,"Negligência",29
"3100","Fem","Preta",41,"Outras",664
"3101","Fem","Preta",41,"Psicológica",1400
"3102","Fem","Preta",41,"Sexual",292
"3103","Fem","Preta",41,"Tortura",132
"3104","Fem","Preta",41,"Trabalho infantil",0
"3105","Fem","Preta",41,"Tráfico",2
"3106","Fem","Preta",42,"Física",2651
"3107","Fem","Preta",42,"Intervenção legal",2
"3108","Fem","Preta",42,"Negligência",22
"3109","Fem","Preta",42,"Outras",645
"3110","Fem","Preta",42,"Psicológica",1330
"3111","Fem","Preta",42,"Sexual",255
"3112","Fem","Preta",42,"Tortura",154
"3113","Fem","Preta",42,"Trabalho infantil",0
"3114","Fem","Preta",42,"Tráfico",2
"3115","Fem","Preta",43,"Física",2363
"3116","Fem","Preta",43,"Intervenção legal",5
"3117","Fem","Preta",43,"Negligência",31
"3118","Fem","Preta",43,"Outras",595
"3119","Fem","Preta",43,"Psicológica",1217
"3120","Fem","Preta",43,"Sexual",243
"3121","Fem","Preta",43,"Tortura",96
"3122","Fem","Preta",43,"Trabalho infantil",0
"3123","Fem","Preta",43,"Tráfico",3
"3124","Fem","Preta",44,"Física",2240
"3125","Fem","Preta",44,"Intervenção legal",4
"3126","Fem","Preta",44,"Negligência",25
"3127","Fem","Preta",44,"Outras",573
"3128","Fem","Preta",44,"Psicológica",1140
"3129","Fem","Preta",44,"Sexual",252
"3130","Fem","Preta",44,"Tortura",101
"3131","Fem","Preta",44,"Trabalho infantil",1
"3132","Fem","Preta",44,"Tráfico",0
"3133","Fem","Preta",45,"Física",2053
"3134","Fem","Preta",45,"Intervenção legal",0
"3135","Fem","Preta",45,"Negligência",29
"3136","Fem","Preta",45,"Outras",554
"3137","Fem","Preta",45,"Psicológica",1065
"3138","Fem","Preta",45,"Sexual",205
"3139","Fem","Preta",45,"Tortura",103
"3140","Fem","Preta",45,"Trabalho infantil",0
"3141","Fem","Preta",45,"Tráfico",1
"3142","Fem","Preta",46,"Física",1885
"3143","Fem","Preta",46,"Intervenção legal",3
"3144","Fem","Preta",46,"Negligência",20
"3145","Fem","Preta",46,"Outras",427
"3146","Fem","Preta",46,"Psicológica",924
"3147","Fem","Preta",46,"Sexual",179
"3148","Fem","Preta",46,"Tortura",89
"3149","Fem","Preta",46,"Trabalho infantil",1
"3150","Fem","Preta",46,"Tráfico",4
"3151","Fem","Preta",47,"Física",1725
"3152","Fem","Preta",47,"Intervenção legal",2
"3153","Fem","Preta",47,"Negligência",29
"3154","Fem","Preta",47,"Outras",483
"3155","Fem","Preta",47,"Psicológica",869
"3156","Fem","Preta",47,"Sexual",162
"3157","Fem","Preta",47,"Tortura",79
"3158","Fem","Preta",47,"Trabalho infantil",0
"3159","Fem","Preta",47,"Tráfico",3
"3160","Fem","Preta",48,"Física",1712
"3161","Fem","Preta",48,"Intervenção legal",2
"3162","Fem","Preta",48,"Negligência",23
"3163","Fem","Preta",48,"Outras",415
"3164","Fem","Preta",48,"Psicológica",946
"3165","Fem","Preta",48,"Sexual",178
"3166","Fem","Preta",48,"Tortura",73
"3167","Fem","Preta",48,"Trabalho infantil",0
"3168","Fem","Preta",48,"Tráfico",6
"3169","Fem","Preta",49,"Física",1461
"3170","Fem","Preta",49,"Intervenção legal",0
"3171","Fem","Preta",49,"Negligência",23
"3172","Fem","Preta",49,"Outras",360
"3173","Fem","Preta",49,"Psicológica",763
"3174","Fem","Preta",49,"Sexual",127
"3175","Fem","Preta",49,"Tortura",63
"3176","Fem","Preta",49,"Trabalho infantil",0
"3177","Fem","Preta",49,"Tráfico",0
"3178","Fem","Preta",50,"Física",1369
"3179","Fem","Preta",50,"Intervenção legal",4
"3180","Fem","Preta",50,"Negligência",24
"3181","Fem","Preta",50,"Outras",364
"3182","Fem","Preta",50,"Psicológica",752
"3183","Fem","Preta",50,"Sexual",160
"3184","Fem","Preta",50,"Tortura",55
"3185","Fem","Preta",50,"Trabalho infantil",0
"3186","Fem","Preta",50,"Tráfico",0
"3187","Fem","Preta",51,"Física",1175
"3188","Fem","Preta",51,"Intervenção legal",1
"3189","Fem","Preta",51,"Negligência",25
"3190","Fem","Preta",51,"Outras",318
"3191","Fem","Preta",51,"Psicológica",640
"3192","Fem","Preta",51,"Sexual",115
"3193","Fem","Preta",51,"Tortura",53
"3194","Fem","Preta",51,"Trabalho infantil",0
"3195","Fem","Preta",51,"Tráfico",0
"3196","Fem","Preta",52,"Física",1073
"3197","Fem","Preta",52,"Intervenção legal",3
"3198","Fem","Preta",52,"Negligência",32
"3199","Fem","Preta",52,"Outras",289
"3200","Fem","Preta",52,"Psicológica",610
"3201","Fem","Preta",52,"Sexual",107
"3202","Fem","Preta",52,"Tortura",41
"3203","Fem","Preta",52,"Trabalho infantil",0
"3204","Fem","Preta",52,"Tráfico",0
"3205","Fem","Preta",53,"Física",1069
"3206","Fem","Preta",53,"Intervenção legal",1
"3207","Fem","Preta",53,"Negligência",32
"3208","Fem","Preta",53,"Outras",296
"3209","Fem","Preta",53,"Psicológica",595
"3210","Fem","Preta",53,"Sexual",100
"3211","Fem","Preta",53,"Tortura",48
"3212","Fem","Preta",53,"Trabalho infantil",2
"3213","Fem","Preta",53,"Tráfico",2
"3214","Fem","Preta",54,"Física",910
"3215","Fem","Preta",54,"Intervenção legal",4
"3216","Fem","Preta",54,"Negligência",24
"3217","Fem","Preta",54,"Outras",251
"3218","Fem","Preta",54,"Psicológica",518
"3219","Fem","Preta",54,"Sexual",97
"3220","Fem","Preta",54,"Tortura",39
"3221","Fem","Preta",54,"Trabalho infantil",0
"3222","Fem","Preta",54,"Tráfico",2
"3223","Fem","Preta",55,"Física",867
"3224","Fem","Preta",55,"Intervenção legal",3
"3225","Fem","Preta",55,"Negligência",28
"3226","Fem","Preta",55,"Outras",244
"3227","Fem","Preta",55,"Psicológica",476
"3228","Fem","Preta",55,"Sexual",87
"3229","Fem","Preta",55,"Tortura",37
"3230","Fem","Preta",55,"Trabalho infantil",0
"3231","Fem","Preta",55,"Tráfico",2
"3232","Fem","Preta",56,"Física",702
"3233","Fem","Preta",56,"Intervenção legal",0
"3234","Fem","Preta",56,"Negligência",35
"3235","Fem","Preta",56,"Outras",224
"3236","Fem","Preta",56,"Psicológica",429
"3237","Fem","Preta",56,"Sexual",72
"3238","Fem","Preta",56,"Tortura",38
"3239","Fem","Preta",56,"Trabalho infantil",0
"3240","Fem","Preta",56,"Tráfico",0
"3241","Fem","Preta",57,"Física",688
"3242","Fem","Preta",57,"Intervenção legal",1
"3243","Fem","Preta",57,"Negligência",38
"3244","Fem","Preta",57,"Outras",190
"3245","Fem","Preta",57,"Psicológica",356
"3246","Fem","Preta",57,"Sexual",70
"3247","Fem","Preta",57,"Tortura",29
"3248","Fem","Preta",57,"Trabalho infantil",1
"3249","Fem","Preta",57,"Tráfico",1
"3250","Fem","Preta",58,"Física",580
"3251","Fem","Preta",58,"Intervenção legal",3
"3252","Fem","Preta",58,"Negligência",38
"3253","Fem","Preta",58,"Outras",143
"3254","Fem","Preta",58,"Psicológica",356
"3255","Fem","Preta",58,"Sexual",55
"3256","Fem","Preta",58,"Tortura",24
"3257","Fem","Preta",58,"Trabalho infantil",1
"3258","Fem","Preta",58,"Tráfico",1
"3259","Fem","Preta",59,"Física",531
"3260","Fem","Preta",59,"Intervenção legal",1
"3261","Fem","Preta",59,"Negligência",55
"3262","Fem","Preta",59,"Outras",149
"3263","Fem","Preta",59,"Psicológica",326
"3264","Fem","Preta",59,"Sexual",58
"3265","Fem","Preta",59,"Tortura",25
"3266","Fem","Preta",59,"Trabalho infantil",0
"3267","Fem","Preta",59,"Tráfico",1
"3268","Fem","Preta",60,"Física",549
"3269","Fem","Preta",60,"Intervenção legal",2
"3270","Fem","Preta",60,"Negligência",90
"3271","Fem","Preta",60,"Outras",147
"3272","Fem","Preta",60,"Psicológica",372
"3273","Fem","Preta",60,"Sexual",47
"3274","Fem","Preta",60,"Tortura",15
"3275","Fem","Preta",60,"Trabalho infantil",0
"3276","Fem","Preta",60,"Tráfico",0
"3277","Fem","Preta",61,"Física",458
"3278","Fem","Preta",61,"Intervenção legal",1
"3279","Fem","Preta",61,"Negligência",66
"3280","Fem","Preta",61,"Outras",128
"3281","Fem","Preta",61,"Psicológica",303
"3282","Fem","Preta",61,"Sexual",43
"3283","Fem","Preta",61,"Tortura",16
"3284","Fem","Preta",61,"Trabalho infantil",0
"3285","Fem","Preta",61,"Tráfico",0
"3286","Fem","Preta",62,"Física",411
"3287","Fem","Preta",62,"Intervenção legal",0
"3288","Fem","Preta",62,"Negligência",86
"3289","Fem","Preta",62,"Outras",119
"3290","Fem","Preta",62,"Psicológica",283
"3291","Fem","Preta",62,"Sexual",40
"3292","Fem","Preta",62,"Tortura",14
"3293","Fem","Preta",62,"Trabalho infantil",0
"3294","Fem","Preta",62,"Tráfico",0
"3295","Fem","Preta",63,"Física",407
"3296","Fem","Preta",63,"Intervenção legal",2
"3297","Fem","Preta",63,"Negligência",100
"3298","Fem","Preta",63,"Outras",94
"3299","Fem","Preta",63,"Psicológica",254
"3300","Fem","Preta",63,"Sexual",39
"3301","Fem","Preta",63,"Tortura",20
"3302","Fem","Preta",63,"Trabalho infantil",0
"3303","Fem","Preta",63,"Tráfico",0
"3304","Fem","Preta",64,"Física",370
"3305","Fem","Preta",64,"Intervenção legal",1
"3306","Fem","Preta",64,"Negligência",97
"3307","Fem","Preta",64,"Outras",94
"3308","Fem","Preta",64,"Psicológica",258
"3309","Fem","Preta",64,"Sexual",22
"3310","Fem","Preta",64,"Tortura",13
"3311","Fem","Preta",64,"Trabalho infantil",0
"3312","Fem","Preta",64,"Tráfico",0
"3313","Fem","Preta",65,"Física",357
"3314","Fem","Preta",65,"Intervenção legal",1
"3315","Fem","Preta",65,"Negligência",89
"3316","Fem","Preta",65,"Outras",106
"3317","Fem","Preta",65,"Psicológica",233
"3318","Fem","Preta",65,"Sexual",36
"3319","Fem","Preta",65,"Tortura",11
"3320","Fem","Preta",65,"Trabalho infantil",1
"3321","Fem","Preta",65,"Tráfico",0
"3322","Fem","Preta",66,"Física",299
"3323","Fem","Preta",66,"Intervenção legal",2
"3324","Fem","Preta",66,"Negligência",109
"3325","Fem","Preta",66,"Outras",96
"3326","Fem","Preta",66,"Psicológica",217
"3327","Fem","Preta",66,"Sexual",32
"3328","Fem","Preta",66,"Tortura",11
"3329","Fem","Preta",66,"Trabalho infantil",0
"3330","Fem","Preta",66,"Tráfico",0
"3331","Fem","Preta",67,"Física",244
"3332","Fem","Preta",67,"Intervenção legal",0
"3333","Fem","Preta",67,"Negligência",100
"3334","Fem","Preta",67,"Outras",85
"3335","Fem","Preta",67,"Psicológica",156
"3336","Fem","Preta",67,"Sexual",23
"3337","Fem","Preta",67,"Tortura",12
"3338","Fem","Preta",67,"Trabalho infantil",0
"3339","Fem","Preta",67,"Tráfico",0
"3340","Fem","Preta",68,"Física",236
"3341","Fem","Preta",68,"Intervenção legal",1
"3342","Fem","Preta",68,"Negligência",87
"3343","Fem","Preta",68,"Outras",81
"3344","Fem","Preta",68,"Psicológica",165
"3345","Fem","Preta",68,"Sexual",25
"3346","Fem","Preta",68,"Tortura",9
"3347","Fem","Preta",68,"Trabalho infantil",0
"3348","Fem","Preta",68,"Tráfico",0
"3349","Fem","Preta",69,"Física",208
"3350","Fem","Preta",69,"Intervenção legal",2
"3351","Fem","Preta",69,"Negligência",110
"3352","Fem","Preta",69,"Outras",68
"3353","Fem","Preta",69,"Psicológica",158
"3354","Fem","Preta",69,"Sexual",20
"3355","Fem","Preta",69,"Tortura",14
"3356","Fem","Preta",69,"Trabalho infantil",0
"3357","Fem","Preta",69,"Tráfico",0
"3358","Fem","Preta",70,"Física",244
"3359","Fem","Preta",70,"Intervenção legal",0
"3360","Fem","Preta",70,"Negligência",123
"3361","Fem","Preta",70,"Outras",70
"3362","Fem","Preta",70,"Psicológica",183
"3363","Fem","Preta",70,"Sexual",18
"3364","Fem","Preta",70,"Tortura",7
"3365","Fem","Preta",70,"Trabalho infantil",0
"3366","Fem","Preta",70,"Tráfico",0
"3367","Fem","Preta",71,"Física",193
"3368","Fem","Preta",71,"Intervenção legal",1
"3369","Fem","Preta",71,"Negligência",121
"3370","Fem","Preta",71,"Outras",60
"3371","Fem","Preta",71,"Psicológica",141
"3372","Fem","Preta",71,"Sexual",19
"3373","Fem","Preta",71,"Tortura",11
"3374","Fem","Preta",71,"Trabalho infantil",0
"3375","Fem","Preta",71,"Tráfico",0
"3376","Fem","Preta",72,"Física",152
"3377","Fem","Preta",72,"Intervenção legal",0
"3378","Fem","Preta",72,"Negligência",118
"3379","Fem","Preta",72,"Outras",60
"3380","Fem","Preta",72,"Psicológica",128
"3381","Fem","Preta",72,"Sexual",9
"3382","Fem","Preta",72,"Tortura",14
"3383","Fem","Preta",72,"Trabalho infantil",0
"3384","Fem","Preta",72,"Tráfico",0
"3385","Fem","Preta",73,"Física",167
"3386","Fem","Preta",73,"Intervenção legal",2
"3387","Fem","Preta",73,"Negligência",122
"3388","Fem","Preta",73,"Outras",58
"3389","Fem","Preta",73,"Psicológica",132
"3390","Fem","Preta",73,"Sexual",9
"3391","Fem","Preta",73,"Tortura",5
"3392","Fem","Preta",73,"Trabalho infantil",1
"3393","Fem","Preta",73,"Tráfico",0
"3394","Fem","Preta",74,"Física",142
"3395","Fem","Preta",74,"Intervenção legal",0
"3396","Fem","Preta",74,"Negligência",112
"3397","Fem","Preta",74,"Outras",50
"3398","Fem","Preta",74,"Psicológica",108
"3399","Fem","Preta",74,"Sexual",11
"3400","Fem","Preta",74,"Tortura",7
"3401","Fem","Preta",74,"Trabalho infantil",0
"3402","Fem","Preta",74,"Tráfico",0
"3403","Fem","Preta",75,"Física",114
"3404","Fem","Preta",75,"Intervenção legal",0
"3405","Fem","Preta",75,"Negligência",111
"3406","Fem","Preta",75,"Outras",50
"3407","Fem","Preta",75,"Psicológica",90
"3408","Fem","Preta",75,"Sexual",12
"3409","Fem","Preta",75,"Tortura",5
"3410","Fem","Preta",75,"Trabalho infantil",0
"3411","Fem","Preta",75,"Tráfico",0
"3412","Fem","Preta",76,"Física",98
"3413","Fem","Preta",76,"Intervenção legal",0
"3414","Fem","Preta",76,"Negligência",125
"3415","Fem","Preta",76,"Outras",52
"3416","Fem","Preta",76,"Psicológica",94
"3417","Fem","Preta",76,"Sexual",8
"3418","Fem","Preta",76,"Tortura",5
"3419","Fem","Preta",76,"Trabalho infantil",0
"3420","Fem","Preta",76,"Tráfico",0
"3421","Fem","Preta",77,"Física",98
"3422","Fem","Preta",77,"Intervenção legal",3
"3423","Fem","Preta",77,"Negligência",117
"3424","Fem","Preta",77,"Outras",47
"3425","Fem","Preta",77,"Psicológica",92
"3426","Fem","Preta",77,"Sexual",6
"3427","Fem","Preta",77,"Tortura",7
"3428","Fem","Preta",77,"Trabalho infantil",0
"3429","Fem","Preta",77,"Tráfico",0
"3430","Fem","Preta",78,"Física",81
"3431","Fem","Preta",78,"Intervenção legal",1
"3432","Fem","Preta",78,"Negligência",120
"3433","Fem","Preta",78,"Outras",51
"3434","Fem","Preta",78,"Psicológica",80
"3435","Fem","Preta",78,"Sexual",6
"3436","Fem","Preta",78,"Tortura",6
"3437","Fem","Preta",78,"Trabalho infantil",1
"3438","Fem","Preta",78,"Tráfico",0
"3439","Fem","Preta",79,"Física",84
"3440","Fem","Preta",79,"Intervenção legal",0
"3441","Fem","Preta",79,"Negligência",114
"3442","Fem","Preta",79,"Outras",44
"3443","Fem","Preta",79,"Psicológica",68
"3444","Fem","Preta",79,"Sexual",9
"3445","Fem","Preta",79,"Tortura",4
"3446","Fem","Preta",79,"Trabalho infantil",1
"3447","Fem","Preta",79,"Tráfico",0
"3448","Fem","Preta",80,"Física",70
"3449","Fem","Preta",80,"Intervenção legal",1
"3450","Fem","Preta",80,"Negligência",111
"3451","Fem","Preta",80,"Outras",34
"3452","Fem","Preta",80,"Psicológica",68
"3453","Fem","Preta",80,"Sexual",6
"3454","Fem","Preta",80,"Tortura",3
"3455","Fem","Preta",80,"Trabalho infantil",0
"3456","Fem","Preta",80,"Tráfico",0
"3457","Fem","Preta",81,"Física",84
"3458","Fem","Preta",81,"Intervenção legal",1
"3459","Fem","Preta",81,"Negligência",125
"3460","Fem","Preta",81,"Outras",50
"3461","Fem","Preta",81,"Psicológica",62
"3462","Fem","Preta",81,"Sexual",5
"3463","Fem","Preta",81,"Tortura",10
"3464","Fem","Preta",81,"Trabalho infantil",0
"3465","Fem","Preta",81,"Tráfico",0
"3466","Fem","Preta",82,"Física",56
"3467","Fem","Preta",82,"Intervenção legal",1
"3468","Fem","Preta",82,"Negligência",110
"3469","Fem","Preta",82,"Outras",42
"3470","Fem","Preta",82,"Psicológica",54
"3471","Fem","Preta",82,"Sexual",4
"3472","Fem","Preta",82,"Tortura",2
"3473","Fem","Preta",82,"Trabalho infantil",0
"3474","Fem","Preta",82,"Tráfico",0
"3475","Fem","Preta",83,"Física",55
"3476","Fem","Preta",83,"Intervenção legal",2
"3477","Fem","Preta",83,"Negligência",116
"3478","Fem","Preta",83,"Outras",45
"3479","Fem","Preta",83,"Psicológica",58
"3480","Fem","Preta",83,"Sexual",6
"3481","Fem","Preta",83,"Tortura",4
"3482","Fem","Preta",83,"Trabalho infantil",0
"3483","Fem","Preta",83,"Tráfico",0
"3484","Fem","Preta",84,"Física",60
"3485","Fem","Preta",84,"Intervenção legal",0
"3486","Fem","Preta",84,"Negligência",107
"3487","Fem","Preta",84,"Outras",36
"3488","Fem","Preta",84,"Psicológica",48
"3489","Fem","Preta",84,"Sexual",5
"3490","Fem","Preta",84,"Tortura",5
"3491","Fem","Preta",84,"Trabalho infantil",0
"3492","Fem","Preta",84,"Tráfico",0
"3493","Fem","Preta",85,"Física",38
"3494","Fem","Preta",85,"Intervenção legal",0
"3495","Fem","Preta",85,"Negligência",98
"3496","Fem","Preta",85,"Outras",15
"3497","Fem","Preta",85,"Psicológica",40
"3498","Fem","Preta",85,"Sexual",4
"3499","Fem","Preta",85,"Tortura",2
"3500","Fem","Preta",85,"Trabalho infantil",0
"3501","Fem","Preta",85,"Tráfico",0
"3502","Fem","Preta",86,"Física",42
"3503","Fem","Preta",86,"Intervenção legal",0
"3504","Fem","Preta",86,"Negligência",83
"3505","Fem","Preta",86,"Outras",30
"3506","Fem","Preta",86,"Psicológica",28
"3507","Fem","Preta",86,"Sexual",3
"3508","Fem","Preta",86,"Tortura",1
"3509","Fem","Preta",86,"Trabalho infantil",0
"3510","Fem","Preta",86,"Tráfico",0
"3511","Fem","Preta",87,"Física",27
"3512","Fem","Preta",87,"Intervenção legal",1
"3513","Fem","Preta",87,"Negligência",78
"3514","Fem","Preta",87,"Outras",18
"3515","Fem","Preta",87,"Psicológica",32
"3516","Fem","Preta",87,"Sexual",2
"3517","Fem","Preta",87,"Tortura",4
"3518","Fem","Preta",87,"Trabalho infantil",0
"3519","Fem","Preta",87,"Tráfico",0
"3520","Fem","Preta",88,"Física",16
"3521","Fem","Preta",88,"Intervenção legal",0
"3522","Fem","Preta",88,"Negligência",66
"3523","Fem","Preta",88,"Outras",12
"3524","Fem","Preta",88,"Psicológica",25
"3525","Fem","Preta",88,"Sexual",4
"3526","Fem","Preta",88,"Tortura",1
"3527","Fem","Preta",88,"Trabalho infantil",0
"3528","Fem","Preta",88,"Tráfico",0
"3529","Fem","Preta",89,"Física",19
"3530","Fem","Preta",89,"Intervenção legal",0
"3531","Fem","Preta",89,"Negligência",55
"3532","Fem","Preta",89,"Outras",10
"3533","Fem","Preta",89,"Psicológica",23
"3534","Fem","Preta",89,"Sexual",5
"3535","Fem","Preta",89,"Tortura",1
"3536","Fem","Preta",89,"Trabalho infantil",0
"3537","Fem","Preta",89,"Tráfico",0
"3538","Fem","Preta",90,"Física",21
"3539","Fem","Preta",90,"Intervenção legal",0
"3540","Fem","Preta",90,"Negligência",55
"3541","Fem","Preta",90,"Outras",14
"3542","Fem","Preta",90,"Psicológica",16
"3543","Fem","Preta",90,"Sexual",0
"3544","Fem","Preta",90,"Tortura",2
"3545","Fem","Preta",90,"Trabalho infantil",0
"3546","Fem","Preta",90,"Tráfico",0
"3547","Fem","Preta",91,"Física",19
"3548","Fem","Preta",91,"Intervenção legal",0
"3549","Fem","Preta",91,"Negligência",45
"3550","Fem","Preta",91,"Outras",11
"3551","Fem","Preta",91,"Psicológica",16
"3552","Fem","Preta",91,"Sexual",2
"3553","Fem","Preta",91,"Tortura",2
"3554","Fem","Preta",91,"Trabalho infantil",0
"3555","Fem","Preta",91,"Tráfico",0
"3556","Fem","Preta",92,"Física",8
"3557","Fem","Preta",92,"Intervenção legal",0
"3558","Fem","Preta",92,"Negligência",41
"3559","Fem","Preta",92,"Outras",11
"3560","Fem","Preta",92,"Psicológica",8
"3561","Fem","Preta",92,"Sexual",1
"3562","Fem","Preta",92,"Tortura",0
"3563","Fem","Preta",92,"Trabalho infantil",0
"3564","Fem","Preta",92,"Tráfico",1
"3565","Fem","Preta",93,"Física",9
"3566","Fem","Preta",93,"Intervenção legal",0
"3567","Fem","Preta",93,"Negligência",35
"3568","Fem","Preta",93,"Outras",3
"3569","Fem","Preta",93,"Psicológica",6
"3570","Fem","Preta",93,"Sexual",0
"3571","Fem","Preta",93,"Tortura",0
"3572","Fem","Preta",93,"Trabalho infantil",0
"3573","Fem","Preta",93,"Tráfico",0
"3574","Fem","Preta",94,"Física",6
"3575","Fem","Preta",94,"Intervenção legal",0
"3576","Fem","Preta",94,"Negligência",28
"3577","Fem","Preta",94,"Outras",6
"3578","Fem","Preta",94,"Psicológica",11
"3579","Fem","Preta",94,"Sexual",0
"3580","Fem","Preta",94,"Tortura",1
"3581","Fem","Preta",94,"Trabalho infantil",0
"3582","Fem","Preta",94,"Tráfico",0
"3583","Fem","Preta",95,"Física",7
"3584","Fem","Preta",95,"Intervenção legal",0
"3585","Fem","Preta",95,"Negligência",17
"3586","Fem","Preta",95,"Outras",2
"3587","Fem","Preta",95,"Psicológica",6
"3588","Fem","Preta",95,"Sexual",0
"3589","Fem","Preta",95,"Tortura",0
"3590","Fem","Preta",95,"Trabalho infantil",0
"3591","Fem","Preta",95,"Tráfico",0
"3592","Fem","Preta",96,"Física",7
"3593","Fem","Preta",96,"Intervenção legal",0
"3594","Fem","Preta",96,"Negligência",16
"3595","Fem","Preta",96,"Outras",3
"3596","Fem","Preta",96,"Psicológica",2
"3597","Fem","Preta",96,"Sexual",1
"3598","Fem","Preta",96,"Tortura",0
"3599","Fem","Preta",96,"Trabalho infantil",0
"3600","Fem","Preta",96,"Tráfico",0
"3601","Fem","Preta",97,"Física",3
"3602","Fem","Preta",97,"Intervenção legal",0
"3603","Fem","Preta",97,"Negligência",8
"3604","Fem","Preta",97,"Outras",3
"3605","Fem","Preta",97,"Psicológica",2
"3606","Fem","Preta",97,"Sexual",0
"3607","Fem","Preta",97,"Tortura",0
"3608","Fem","Preta",97,"Trabalho infantil",0
"3609","Fem","Preta",97,"Tráfico",0
"3610","Fem","Preta",98,"Física",3
"3611","Fem","Preta",98,"Intervenção legal",0
"3612","Fem","Preta",98,"Negligência",5
"3613","Fem","Preta",98,"Outras",4
"3614","Fem","Preta",98,"Psicológica",6
"3615","Fem","Preta",98,"Sexual",0
"3616","Fem","Preta",98,"Tortura",0
"3617","Fem","Preta",98,"Trabalho infantil",0
"3618","Fem","Preta",98,"Tráfico",0
"3619","Fem","Preta",99,"Física",5
"3620","Fem","Preta",99,"Intervenção legal",0
"3621","Fem","Preta",99,"Negligência",9
"3622","Fem","Preta",99,"Outras",2
"3623","Fem","Preta",99,"Psicológica",6
"3624","Fem","Preta",99,"Sexual",1
"3625","Fem","Preta",99,"Tortura",2
"3626","Fem","Preta",99,"Trabalho infantil",0
"3627","Fem","Preta",99,"Tráfico",0
"3628","Fem","Preta",100,"Física",1
"3629","Fem","Preta",100,"Intervenção legal",0
"3630","Fem","Preta",100,"Negligência",3
"3631","Fem","Preta",100,"Outras",1
"3632","Fem","Preta",100,"Psicológica",0
"3633","Fem","Preta",100,"Sexual",0
"3634","Fem","Preta",100,"Tortura",0
"3635","Fem","Preta",100,"Trabalho infantil",0
"3636","Fem","Preta",100,"Tráfico",0
"3637","Fem","Indígena",1,"Física",65
"3638","Fem","Indígena",1,"Intervenção legal",0
"3639","Fem","Indígena",1,"Negligência",146
"3640","Fem","Indígena",1,"Outras",11
"3641","Fem","Indígena",1,"Psicológica",31
"3642","Fem","Indígena",1,"Sexual",56
"3643","Fem","Indígena",1,"Tortura",5
"3644","Fem","Indígena",1,"Trabalho infantil",3
"3645","Fem","Indígena",1,"Tráfico",0
"3646","Fem","Indígena",2,"Física",78
"3647","Fem","Indígena",2,"Intervenção legal",2
"3648","Fem","Indígena",2,"Negligência",82
"3649","Fem","Indígena",2,"Outras",9
"3650","Fem","Indígena",2,"Psicológica",33
"3651","Fem","Indígena",2,"Sexual",124
"3652","Fem","Indígena",2,"Tortura",4
"3653","Fem","Indígena",2,"Trabalho infantil",5
"3654","Fem","Indígena",2,"Tráfico",0
"3655","Fem","Indígena",3,"Física",75
"3656","Fem","Indígena",3,"Intervenção legal",1
"3657","Fem","Indígena",3,"Negligência",81
"3658","Fem","Indígena",3,"Outras",10
"3659","Fem","Indígena",3,"Psicológica",28
"3660","Fem","Indígena",3,"Sexual",140
"3661","Fem","Indígena",3,"Tortura",6
"3662","Fem","Indígena",3,"Trabalho infantil",2
"3663","Fem","Indígena",3,"Tráfico",0
"3664","Fem","Indígena",4,"Física",77
"3665","Fem","Indígena",4,"Intervenção legal",0
"3666","Fem","Indígena",4,"Negligência",66
"3667","Fem","Indígena",4,"Outras",7
"3668","Fem","Indígena",4,"Psicológica",52
"3669","Fem","Indígena",4,"Sexual",148
"3670","Fem","Indígena",4,"Tortura",5
"3671","Fem","Indígena",4,"Trabalho infantil",0
"3672","Fem","Indígena",4,"Tráfico",0
"3673","Fem","Indígena",5,"Física",76
"3674","Fem","Indígena",5,"Intervenção legal",2
"3675","Fem","Indígena",5,"Negligência",64
"3676","Fem","Indígena",5,"Outras",7
"3677","Fem","Indígena",5,"Psicológica",65
"3678","Fem","Indígena",5,"Sexual",162
"3679","Fem","Indígena",5,"Tortura",5
"3680","Fem","Indígena",5,"Trabalho infantil",0
"3681","Fem","Indígena",5,"Tráfico",0
"3682","Fem","Indígena",6,"Física",65
"3683","Fem","Indígena",6,"Intervenção legal",0
"3684","Fem","Indígena",6,"Negligência",49
"3685","Fem","Indígena",6,"Outras",14
"3686","Fem","Indígena",6,"Psicológica",68
"3687","Fem","Indígena",6,"Sexual",179
"3688","Fem","Indígena",6,"Tortura",9
"3689","Fem","Indígena",6,"Trabalho infantil",3
"3690","Fem","Indígena",6,"Tráfico",0
"3691","Fem","Indígena",7,"Física",72
"3692","Fem","Indígena",7,"Intervenção legal",0
"3693","Fem","Indígena",7,"Negligência",35
"3694","Fem","Indígena",7,"Outras",6
"3695","Fem","Indígena",7,"Psicológica",53
"3696","Fem","Indígena",7,"Sexual",145
"3697","Fem","Indígena",7,"Tortura",11
"3698","Fem","Indígena",7,"Trabalho infantil",2
"3699","Fem","Indígena",7,"Tráfico",0
"3700","Fem","Indígena",8,"Física",97
"3701","Fem","Indígena",8,"Intervenção legal",1
"3702","Fem","Indígena",8,"Negligência",34
"3703","Fem","Indígena",8,"Outras",7
"3704","Fem","Indígena",8,"Psicológica",75
"3705","Fem","Indígena",8,"Sexual",188
"3706","Fem","Indígena",8,"Tortura",6
"3707","Fem","Indígena",8,"Trabalho infantil",4
"3708","Fem","Indígena",8,"Tráfico",0
"3709","Fem","Indígena",9,"Física",104
"3710","Fem","Indígena",9,"Intervenção legal",0
"3711","Fem","Indígena",9,"Negligência",36
"3712","Fem","Indígena",9,"Outras",18
"3713","Fem","Indígena",9,"Psicológica",94
"3714","Fem","Indígena",9,"Sexual",206
"3715","Fem","Indígena",9,"Tortura",14
"3716","Fem","Indígena",9,"Trabalho infantil",3
"3717","Fem","Indígena",9,"Tráfico",0
"3718","Fem","Indígena",10,"Física",125
"3719","Fem","Indígena",10,"Intervenção legal",1
"3720","Fem","Indígena",10,"Negligência",36
"3721","Fem","Indígena",10,"Outras",23
"3722","Fem","Indígena",10,"Psicológica",132
"3723","Fem","Indígena",10,"Sexual",338
"3724","Fem","Indígena",10,"Tortura",16
"3725","Fem","Indígena",10,"Trabalho infantil",6
"3726","Fem","Indígena",10,"Tráfico",0
"3727","Fem","Indígena",11,"Física",130
"3728","Fem","Indígena",11,"Intervenção legal",1
"3729","Fem","Indígena",11,"Negligência",27
"3730","Fem","Indígena",11,"Outras",40
"3731","Fem","Indígena",11,"Psicológica",90
"3732","Fem","Indígena",11,"Sexual",285
"3733","Fem","Indígena",11,"Tortura",9
"3734","Fem","Indígena",11,"Trabalho infantil",8
"3735","Fem","Indígena",11,"Tráfico",0
"3736","Fem","Indígena",12,"Física",249
"3737","Fem","Indígena",12,"Intervenção legal",0
"3738","Fem","Indígena",12,"Negligência",33
"3739","Fem","Indígena",12,"Outras",55
"3740","Fem","Indígena",12,"Psicológica",142
"3741","Fem","Indígena",12,"Sexual",579
"3742","Fem","Indígena",12,"Tortura",12
"3743","Fem","Indígena",12,"Trabalho infantil",6
"3744","Fem","Indígena",12,"Tráfico",1
"3745","Fem","Indígena",13,"Física",341
"3746","Fem","Indígena",13,"Intervenção legal",3
"3747","Fem","Indígena",13,"Negligência",32
"3748","Fem","Indígena",13,"Outras",80
"3749","Fem","Indígena",13,"Psicológica",168
"3750","Fem","Indígena",13,"Sexual",799
"3751","Fem","Indígena",13,"Tortura",16
"3752","Fem","Indígena",13,"Trabalho infantil",12
"3753","Fem","Indígena",13,"Tráfico",3
"3754","Fem","Indígena",14,"Física",379
"3755","Fem","Indígena",14,"Intervenção legal",0
"3756","Fem","Indígena",14,"Negligência",45
"3757","Fem","Indígena",14,"Outras",113
"3758","Fem","Indígena",14,"Psicológica",156
"3759","Fem","Indígena",14,"Sexual",438
"3760","Fem","Indígena",14,"Tortura",20
"3761","Fem","Indígena",14,"Trabalho infantil",0
"3762","Fem","Indígena",14,"Tráfico",0
"3763","Fem","Indígena",15,"Física",421
"3764","Fem","Indígena",15,"Intervenção legal",1
"3765","Fem","Indígena",15,"Negligência",30
"3766","Fem","Indígena",15,"Outras",104
"3767","Fem","Indígena",15,"Psicológica",149
"3768","Fem","Indígena",15,"Sexual",228
"3769","Fem","Indígena",15,"Tortura",32
"3770","Fem","Indígena",15,"Trabalho infantil",2
"3771","Fem","Indígena",15,"Tráfico",0
"3772","Fem","Indígena",16,"Física",479
"3773","Fem","Indígena",16,"Intervenção legal",0
"3774","Fem","Indígena",16,"Negligência",43
"3775","Fem","Indígena",16,"Outras",116
"3776","Fem","Indígena",16,"Psicológica",186
"3777","Fem","Indígena",16,"Sexual",147
"3778","Fem","Indígena",16,"Tortura",27
"3779","Fem","Indígena",16,"Trabalho infantil",1
"3780","Fem","Indígena",16,"Tráfico",2
"3781","Fem","Indígena",17,"Física",489
"3782","Fem","Indígena",17,"Intervenção legal",2
"3783","Fem","Indígena",17,"Negligência",37
"3784","Fem","Indígena",17,"Outras",87
"3785","Fem","Indígena",17,"Psicológica",165
"3786","Fem","Indígena",17,"Sexual",114
"3787","Fem","Indígena",17,"Tortura",25
"3788","Fem","Indígena",17,"Trabalho infantil",1
"3789","Fem","Indígena",17,"Tráfico",1
"3790","Fem","Indígena",18,"Física",464
"3791","Fem","Indígena",18,"Intervenção legal",3
"3792","Fem","Indígena",18,"Negligência",37
"3793","Fem","Indígena",18,"Outras",98
"3794","Fem","Indígena",18,"Psicológica",164
"3795","Fem","Indígena",18,"Sexual",85
"3796","Fem","Indígena",18,"Tortura",21
"3797","Fem","Indígena",18,"Trabalho infantil",0
"3798","Fem","Indígena",18,"Tráfico",1
"3799","Fem","Indígena",19,"Física",466
"3800","Fem","Indígena",19,"Intervenção legal",2
"3801","Fem","Indígena",19,"Negligência",39
"3802","Fem","Indígena",19,"Outras",73
"3803","Fem","Indígena",19,"Psicológica",152
"3804","Fem","Indígena",19,"Sexual",63
"3805","Fem","Indígena",19,"Tortura",18
"3806","Fem","Indígena",19,"Trabalho infantil",0
"3807","Fem","Indígena",19,"Tráfico",0
"3808","Fem","Indígena",20,"Física",502
"3809","Fem","Indígena",20,"Intervenção legal",0
"3810","Fem","Indígena",20,"Negligência",33
"3811","Fem","Indígena",20,"Outras",72
"3812","Fem","Indígena",20,"Psicológica",187
"3813","Fem","Indígena",20,"Sexual",69
"3814","Fem","Indígena",20,"Tortura",23
"3815","Fem","Indígena",20,"Trabalho infantil",0
"3816","Fem","Indígena",20,"Tráfico",0
"3817","Fem","Indígena",21,"Física",470
"3818","Fem","Indígena",21,"Intervenção legal",0
"3819","Fem","Indígena",21,"Negligência",58
"3820","Fem","Indígena",21,"Outras",55
"3821","Fem","Indígena",21,"Psicológica",147
"3822","Fem","Indígena",21,"Sexual",62
"3823","Fem","Indígena",21,"Tortura",14
"3824","Fem","Indígena",21,"Trabalho infantil",0
"3825","Fem","Indígena",21,"Tráfico",0
"3826","Fem","Indígena",22,"Física",438
"3827","Fem","Indígena",22,"Intervenção legal",0
"3828","Fem","Indígena",22,"Negligência",26
"3829","Fem","Indígena",22,"Outras",49
"3830","Fem","Indígena",22,"Psicológica",151
"3831","Fem","Indígena",22,"Sexual",50
"3832","Fem","Indígena",22,"Tortura",12
"3833","Fem","Indígena",22,"Trabalho infantil",0
"3834","Fem","Indígena",22,"Tráfico",0
"3835","Fem","Indígena",23,"Física",390
"3836","Fem","Indígena",23,"Intervenção legal",2
"3837","Fem","Indígena",23,"Negligência",20
"3838","Fem","Indígena",23,"Outras",48
"3839","Fem","Indígena",23,"Psicológica",122
"3840","Fem","Indígena",23,"Sexual",37
"3841","Fem","Indígena",23,"Tortura",13
"3842","Fem","Indígena",23,"Trabalho infantil",0
"3843","Fem","Indígena",23,"Tráfico",0
"3844","Fem","Indígena",24,"Física",426
"3845","Fem","Indígena",24,"Intervenção legal",0
"3846","Fem","Indígena",24,"Negligência",21
"3847","Fem","Indígena",24,"Outras",47
"3848","Fem","Indígena",24,"Psicológica",158
"3849","Fem","Indígena",24,"Sexual",36
"3850","Fem","Indígena",24,"Tortura",13
"3851","Fem","Indígena",24,"Trabalho infantil",0
"3852","Fem","Indígena",24,"Tráfico",0
"3853","Fem","Indígena",25,"Física",391
"3854","Fem","Indígena",25,"Intervenção legal",2
"3855","Fem","Indígena",25,"Negligência",36
"3856","Fem","Indígena",25,"Outras",58
"3857","Fem","Indígena",25,"Psicológica",126
"3858","Fem","Indígena",25,"Sexual",35
"3859","Fem","Indígena",25,"Tortura",15
"3860","Fem","Indígena",25,"Trabalho infantil",0
"3861","Fem","Indígena",25,"Tráfico",0
"3862","Fem","Indígena",26,"Física",418
"3863","Fem","Indígena",26,"Intervenção legal",0
"3864","Fem","Indígena",26,"Negligência",28
"3865","Fem","Indígena",26,"Outras",50
"3866","Fem","Indígena",26,"Psicológica",161
"3867","Fem","Indígena",26,"Sexual",30
"3868","Fem","Indígena",26,"Tortura",17
"3869","Fem","Indígena",26,"Trabalho infantil",0
"3870","Fem","Indígena",26,"Tráfico",0
"3871","Fem","Indígena",27,"Física",367
"3872","Fem","Indígena",27,"Intervenção legal",0
"3873","Fem","Indígena",27,"Negligência",17
"3874","Fem","Indígena",27,"Outras",48
"3875","Fem","Indígena",27,"Psicológica",155
"3876","Fem","Indígena",27,"Sexual",36
"3877","Fem","Indígena",27,"Tortura",21
"3878","Fem","Indígena",27,"Trabalho infantil",0
"3879","Fem","Indígena",27,"Tráfico",0
"3880","Fem","Indígena",28,"Física",366
"3881","Fem","Indígena",28,"Intervenção legal",1
"3882","Fem","Indígena",28,"Negligência",21
"3883","Fem","Indígena",28,"Outras",39
"3884","Fem","Indígena",28,"Psicológica",139
"3885","Fem","Indígena",28,"Sexual",21
"3886","Fem","Indígena",28,"Tortura",16
"3887","Fem","Indígena",28,"Trabalho infantil",1
"3888","Fem","Indígena",28,"Tráfico",0
"3889","Fem","Indígena",29,"Física",357
"3890","Fem","Indígena",29,"Intervenção legal",1
"3891","Fem","Indígena",29,"Negligência",25
"3892","Fem","Indígena",29,"Outras",45
"3893","Fem","Indígena",29,"Psicológica",139
"3894","Fem","Indígena",29,"Sexual",24
"3895","Fem","Indígena",29,"Tortura",18
"3896","Fem","Indígena",29,"Trabalho infantil",0
"3897","Fem","Indígena",29,"Tráfico",0
"3898","Fem","Indígena",30,"Física",356
"3899","Fem","Indígena",30,"Intervenção legal",2
"3900","Fem","Indígena",30,"Negligência",25
"3901","Fem","Indígena",30,"Outras",37
"3902","Fem","Indígena",30,"Psicológica",150
"3903","Fem","Indígena",30,"Sexual",26
"3904","Fem","Indígena",30,"Tortura",22
"3905","Fem","Indígena",30,"Trabalho infantil",0
"3906","Fem","Indígena",30,"Tráfico",1
"3907","Fem","Indígena",31,"Física",329
"3908","Fem","Indígena",31,"Intervenção legal",1
"3909","Fem","Indígena",31,"Negligência",12
"3910","Fem","Indígena",31,"Outras",35
"3911","Fem","Indígena",31,"Psicológica",130
"3912","Fem","Indígena",31,"Sexual",26
"3913","Fem","Indígena",31,"Tortura",17
"3914","Fem","Indígena",31,"Trabalho infantil",0
"3915","Fem","Indígena",31,"Tráfico",1
"3916","Fem","Indígena",32,"Física",315
"3917","Fem","Indígena",32,"Intervenção legal",1
"3918","Fem","Indígena",32,"Negligência",15
"3919","Fem","Indígena",32,"Outras",27
"3920","Fem","Indígena",32,"Psicológica",117
"3921","Fem","Indígena",32,"Sexual",22
"3922","Fem","Indígena",32,"Tortura",11
"3923","Fem","Indígena",32,"Trabalho infantil",0
"3924","Fem","Indígena",32,"Tráfico",0
"3925","Fem","Indígena",33,"Física",296
"3926","Fem","Indígena",33,"Intervenção legal",0
"3927","Fem","Indígena",33,"Negligência",13
"3928","Fem","Indígena",33,"Outras",25
"3929","Fem","Indígena",33,"Psicológica",111
"3930","Fem","Indígena",33,"Sexual",22
"3931","Fem","Indígena",33,"Tortura",16
"3932","Fem","Indígena",33,"Trabalho infantil",0
"3933","Fem","Indígena",33,"Tráfico",0
"3934","Fem","Indígena",34,"Física",282
"3935","Fem","Indígena",34,"Intervenção legal",1
"3936","Fem","Indígena",34,"Negligência",8
"3937","Fem","Indígena",34,"Outras",29
"3938","Fem","Indígena",34,"Psicológica",101
"3939","Fem","Indígena",34,"Sexual",26
"3940","Fem","Indígena",34,"Tortura",14
"3941","Fem","Indígena",34,"Trabalho infantil",0
"3942","Fem","Indígena",34,"Tráfico",0
"3943","Fem","Indígena",35,"Física",269
"3944","Fem","Indígena",35,"Intervenção legal",1
"3945","Fem","Indígena",35,"Negligência",12
"3946","Fem","Indígena",35,"Outras",31
"3947","Fem","Indígena",35,"Psicológica",118
"3948","Fem","Indígena",35,"Sexual",25
"3949","Fem","Indígena",35,"Tortura",14
"3950","Fem","Indígena",35,"Trabalho infantil",0
"3951","Fem","Indígena",35,"Tráfico",0
"3952","Fem","Indígena",36,"Física",253
"3953","Fem","Indígena",36,"Intervenção legal",0
"3954","Fem","Indígena",36,"Negligência",7
"3955","Fem","Indígena",36,"Outras",31
"3956","Fem","Indígena",36,"Psicológica",101
"3957","Fem","Indígena",36,"Sexual",16
"3958","Fem","Indígena",36,"Tortura",8
"3959","Fem","Indígena",36,"Trabalho infantil",0
"3960","Fem","Indígena",36,"Tráfico",0
"3961","Fem","Indígena",37,"Física",260
"3962","Fem","Indígena",37,"Intervenção legal",0
"3963","Fem","Indígena",37,"Negligência",10
"3964","Fem","Indígena",37,"Outras",36
"3965","Fem","Indígena",37,"Psicológica",101
"3966","Fem","Indígena",37,"Sexual",20
"3967","Fem","Indígena",37,"Tortura",19
"3968","Fem","Indígena",37,"Trabalho infantil",0
"3969","Fem","Indígena",37,"Tráfico",0
"3970","Fem","Indígena",38,"Física",230
"3971","Fem","Indígena",38,"Intervenção legal",2
"3972","Fem","Indígena",38,"Negligência",11
"3973","Fem","Indígena",38,"Outras",22
"3974","Fem","Indígena",38,"Psicológica",87
"3975","Fem","Indígena",38,"Sexual",7
"3976","Fem","Indígena",38,"Tortura",8
"3977","Fem","Indígena",38,"Trabalho infantil",0
"3978","Fem","Indígena",38,"Tráfico",0
"3979","Fem","Indígena",39,"Física",232
"3980","Fem","Indígena",39,"Intervenção legal",2
"3981","Fem","Indígena",39,"Negligência",11
"3982","Fem","Indígena",39,"Outras",25
"3983","Fem","Indígena",39,"Psicológica",96
"3984","Fem","Indígena",39,"Sexual",16
"3985","Fem","Indígena",39,"Tortura",13
"3986","Fem","Indígena",39,"Trabalho infantil",0
"3987","Fem","Indígena",39,"Tráfico",0
"3988","Fem","Indígena",40,"Física",226
"3989","Fem","Indígena",40,"Intervenção legal",0
"3990","Fem","Indígena",40,"Negligência",7
"3991","Fem","Indígena",40,"Outras",23
"3992","Fem","Indígena",40,"Psicológica",96
"3993","Fem","Indígena",40,"Sexual",8
"3994","Fem","Indígena",40,"Tortura",7
"3995","Fem","Indígena",40,"Trabalho infantil",0
"3996","Fem","Indígena",40,"Tráfico",0
"3997","Fem","Indígena",41,"Física",196
"3998","Fem","Indígena",41,"Intervenção legal",0
"3999","Fem","Indígena",41,"Negligência",10
"4000","Fem","Indígena",41,"Outras",28
"4001","Fem","Indígena",41,"Psicológica",73
"4002","Fem","Indígena",41,"Sexual",15
"4003","Fem","Indígena",41,"Tortura",7
"4004","Fem","Indígena",41,"Trabalho infantil",0
"4005","Fem","Indígena",41,"Tráfico",0
"4006","Fem","Indígena",42,"Física",175
"4007","Fem","Indígena",42,"Intervenção legal",0
"4008","Fem","Indígena",42,"Negligência",5
"4009","Fem","Indígena",42,"Outras",23
"4010","Fem","Indígena",42,"Psicológica",81
"4011","Fem","Indígena",42,"Sexual",12
"4012","Fem","Indígena",42,"Tortura",6
"4013","Fem","Indígena",42,"Trabalho infantil",0
"4014","Fem","Indígena",42,"Tráfico",0
"4015","Fem","Indígena",43,"Física",183
"4016","Fem","Indígena",43,"Intervenção legal",0
"4017","Fem","Indígena",43,"Negligência",3
"4018","Fem","Indígena",43,"Outras",16
"4019","Fem","Indígena",43,"Psicológica",67
"4020","Fem","Indígena",43,"Sexual",6
"4021","Fem","Indígena",43,"Tortura",8
"4022","Fem","Indígena",43,"Trabalho infantil",0
"4023","Fem","Indígena",43,"Tráfico",1
"4024","Fem","Indígena",44,"Física",156
"4025","Fem","Indígena",44,"Intervenção legal",1
"4026","Fem","Indígena",44,"Negligência",4
"4027","Fem","Indígena",44,"Outras",22
"4028","Fem","Indígena",44,"Psicológica",64
"4029","Fem","Indígena",44,"Sexual",10
"4030","Fem","Indígena",44,"Tortura",7
"4031","Fem","Indígena",44,"Trabalho infantil",0
"4032","Fem","Indígena",44,"Tráfico",0
"4033","Fem","Indígena",45,"Física",161
"4034","Fem","Indígena",45,"Intervenção legal",0
"4035","Fem","Indígena",45,"Negligência",3
"4036","Fem","Indígena",45,"Outras",18
"4037","Fem","Indígena",45,"Psicológica",64
"4038","Fem","Indígena",45,"Sexual",10
"4039","Fem","Indígena",45,"Tortura",6
"4040","Fem","Indígena",45,"Trabalho infantil",0
"4041","Fem","Indígena",45,"Tráfico",0
"4042","Fem","Indígena",46,"Física",136
"4043","Fem","Indígena",46,"Intervenção legal",1
"4044","Fem","Indígena",46,"Negligência",3
"4045","Fem","Indígena",46,"Outras",14
"4046","Fem","Indígena",46,"Psicológica",57
"4047","Fem","Indígena",46,"Sexual",15
"4048","Fem","Indígena",46,"Tortura",5
"4049","Fem","Indígena",46,"Trabalho infantil",0
"4050","Fem","Indígena",46,"Tráfico",0
"4051","Fem","Indígena",47,"Física",121
"4052","Fem","Indígena",47,"Intervenção legal",0
"4053","Fem","Indígena",47,"Negligência",0
"4054","Fem","Indígena",47,"Outras",8
"4055","Fem","Indígena",47,"Psicológica",43
"4056","Fem","Indígena",47,"Sexual",9
"4057","Fem","Indígena",47,"Tortura",7
"4058","Fem","Indígena",47,"Trabalho infantil",0
"4059","Fem","Indígena",47,"Tráfico",0
"4060","Fem","Indígena",48,"Física",125
"4061","Fem","Indígena",48,"Intervenção legal",0
"4062","Fem","Indígena",48,"Negligência",3
"4063","Fem","Indígena",48,"Outras",13
"4064","Fem","Indígena",48,"Psicológica",44
"4065","Fem","Indígena",48,"Sexual",5
"4066","Fem","Indígena",48,"Tortura",5
"4067","Fem","Indígena",48,"Trabalho infantil",0
"4068","Fem","Indígena",48,"Tráfico",1
"4069","Fem","Indígena",49,"Física",105
"4070","Fem","Indígena",49,"Intervenção legal",0
"4071","Fem","Indígena",49,"Negligência",1
"4072","Fem","Indígena",49,"Outras",7
"4073","Fem","Indígena",49,"Psicológica",29
"4074","Fem","Indígena",49,"Sexual",5
"4075","Fem","Indígena",49,"Tortura",2
"4076","Fem","Indígena",49,"Trabalho infantil",0
"4077","Fem","Indígena",49,"Tráfico",0
"4078","Fem","Indígena",50,"Física",92
"4079","Fem","Indígena",50,"Intervenção legal",0
"4080","Fem","Indígena",50,"Negligência",5
"4081","Fem","Indígena",50,"Outras",15
"4082","Fem","Indígena",50,"Psicológica",45
"4083","Fem","Indígena",50,"Sexual",7
"4084","Fem","Indígena",50,"Tortura",2
"4085","Fem","Indígena",50,"Trabalho infantil",0
"4086","Fem","Indígena",50,"Tráfico",0
"4087","Fem","Indígena",51,"Física",82
"4088","Fem","Indígena",51,"Intervenção legal",1
"4089","Fem","Indígena",51,"Negligência",2
"4090","Fem","Indígena",51,"Outras",8
"4091","Fem","Indígena",51,"Psicológica",24
"4092","Fem","Indígena",51,"Sexual",5
"4093","Fem","Indígena",51,"Tortura",2
"4094","Fem","Indígena",51,"Trabalho infantil",1
"4095","Fem","Indígena",51,"Tráfico",0
"4096","Fem","Indígena",52,"Física",67
"4097","Fem","Indígena",52,"Intervenção legal",0
"4098","Fem","Indígena",52,"Negligência",1
"4099","Fem","Indígena",52,"Outras",10
"4100","Fem","Indígena",52,"Psicológica",31
"4101","Fem","Indígena",52,"Sexual",6
"4102","Fem","Indígena",52,"Tortura",5
"4103","Fem","Indígena",52,"Trabalho infantil",0
"4104","Fem","Indígena",52,"Tráfico",0
"4105","Fem","Indígena",53,"Física",60
"4106","Fem","Indígena",53,"Intervenção legal",0
"4107","Fem","Indígena",53,"Negligência",2
"4108","Fem","Indígena",53,"Outras",5
"4109","Fem","Indígena",53,"Psicológica",14
"4110","Fem","Indígena",53,"Sexual",8
"4111","Fem","Indígena",53,"Tortura",2
"4112","Fem","Indígena",53,"Trabalho infantil",0
"4113","Fem","Indígena",53,"Tráfico",0
"4114","Fem","Indígena",54,"Física",46
"4115","Fem","Indígena",54,"Intervenção legal",0
"4116","Fem","Indígena",54,"Negligência",2
"4117","Fem","Indígena",54,"Outras",9
"4118","Fem","Indígena",54,"Psicológica",34
"4119","Fem","Indígena",54,"Sexual",6
"4120","Fem","Indígena",54,"Tortura",5
"4121","Fem","Indígena",54,"Trabalho infantil",0
"4122","Fem","Indígena",54,"Tráfico",0
"4123","Fem","Indígena",55,"Física",65
"4124","Fem","Indígena",55,"Intervenção legal",0
"4125","Fem","Indígena",55,"Negligência",1
"4126","Fem","Indígena",55,"Outras",4
"4127","Fem","Indígena",55,"Psicológica",21
"4128","Fem","Indígena",55,"Sexual",3
"4129","Fem","Indígena",55,"Tortura",3
"4130","Fem","Indígena",55,"Trabalho infantil",0
"4131","Fem","Indígena",55,"Tráfico",0
"4132","Fem","Indígena",56,"Física",47
"4133","Fem","Indígena",56,"Intervenção legal",0
"4134","Fem","Indígena",56,"Negligência",2
"4135","Fem","Indígena",56,"Outras",3
"4136","Fem","Indígena",56,"Psicológica",20
"4137","Fem","Indígena",56,"Sexual",7
"4138","Fem","Indígena",56,"Tortura",0
"4139","Fem","Indígena",56,"Trabalho infantil",0
"4140","Fem","Indígena",56,"Tráfico",0
"4141","Fem","Indígena",57,"Física",34
"4142","Fem","Indígena",57,"Intervenção legal",0
"4143","Fem","Indígena",57,"Negligência",4
"4144","Fem","Indígena",57,"Outras",4
"4145","Fem","Indígena",57,"Psicológica",17
"4146","Fem","Indígena",57,"Sexual",1
"4147","Fem","Indígena",57,"Tortura",2
"4148","Fem","Indígena",57,"Trabalho infantil",0
"4149","Fem","Indígena",57,"Tráfico",0
"4150","Fem","Indígena",58,"Física",49
"4151","Fem","Indígena",58,"Intervenção legal",0
"4152","Fem","Indígena",58,"Negligência",1
"4153","Fem","Indígena",58,"Outras",2
"4154","Fem","Indígena",58,"Psicológica",14
"4155","Fem","Indígena",58,"Sexual",1
"4156","Fem","Indígena",58,"Tortura",2
"4157","Fem","Indígena",58,"Trabalho infantil",0
"4158","Fem","Indígena",58,"Tráfico",0
"4159","Fem","Indígena",59,"Física",43
"4160","Fem","Indígena",59,"Intervenção legal",0
"4161","Fem","Indígena",59,"Negligência",0
"4162","Fem","Indígena",59,"Outras",6
"4163","Fem","Indígena",59,"Psicológica",20
"4164","Fem","Indígena",59,"Sexual",3
"4165","Fem","Indígena",59,"Tortura",1
"4166","Fem","Indígena",59,"Trabalho infantil",0
"4167","Fem","Indígena",59,"Tráfico",0
"4168","Fem","Indígena",60,"Física",33
"4169","Fem","Indígena",60,"Intervenção legal",0
"4170","Fem","Indígena",60,"Negligência",4
"4171","Fem","Indígena",60,"Outras",9
"4172","Fem","Indígena",60,"Psicológica",17
"4173","Fem","Indígena",60,"Sexual",2
"4174","Fem","Indígena",60,"Tortura",2
"4175","Fem","Indígena",60,"Trabalho infantil",0
"4176","Fem","Indígena",60,"Tráfico",0
"4177","Fem","Indígena",61,"Física",39
"4178","Fem","Indígena",61,"Intervenção legal",0
"4179","Fem","Indígena",61,"Negligência",3
"4180","Fem","Indígena",61,"Outras",4
"4181","Fem","Indígena",61,"Psicológica",23
"4182","Fem","Indígena",61,"Sexual",3
"4183","Fem","Indígena",61,"Tortura",4
"4184","Fem","Indígena",61,"Trabalho infantil",0
"4185","Fem","Indígena",61,"Tráfico",0
"4186","Fem","Indígena",62,"Física",27
"4187","Fem","Indígena",62,"Intervenção legal",0
"4188","Fem","Indígena",62,"Negligência",1
"4189","Fem","Indígena",62,"Outras",3
"4190","Fem","Indígena",62,"Psicológica",15
"4191","Fem","Indígena",62,"Sexual",5
"4192","Fem","Indígena",62,"Tortura",4
"4193","Fem","Indígena",62,"Trabalho infantil",0
"4194","Fem","Indígena",62,"Tráfico",0
"4195","Fem","Indígena",63,"Física",24
"4196","Fem","Indígena",63,"Intervenção legal",0
"4197","Fem","Indígena",63,"Negligência",3
"4198","Fem","Indígena",63,"Outras",5
"4199","Fem","Indígena",63,"Psicológica",10
"4200","Fem","Indígena",63,"Sexual",2
"4201","Fem","Indígena",63,"Tortura",1
"4202","Fem","Indígena",63,"Trabalho infantil",0
"4203","Fem","Indígena",63,"Tráfico",0
"4204","Fem","Indígena",64,"Física",24
"4205","Fem","Indígena",64,"Intervenção legal",1
"4206","Fem","Indígena",64,"Negligência",6
"4207","Fem","Indígena",64,"Outras",6
"4208","Fem","Indígena",64,"Psicológica",13
"4209","Fem","Indígena",64,"Sexual",3
"4210","Fem","Indígena",64,"Tortura",3
"4211","Fem","Indígena",64,"Trabalho infantil",0
"4212","Fem","Indígena",64,"Tráfico",0
"4213","Fem","Indígena",65,"Física",24
"4214","Fem","Indígena",65,"Intervenção legal",0
"4215","Fem","Indígena",65,"Negligência",7
"4216","Fem","Indígena",65,"Outras",0
"4217","Fem","Indígena",65,"Psicológica",4
"4218","Fem","Indígena",65,"Sexual",1
"4219","Fem","Indígena",65,"Tortura",0
"4220","Fem","Indígena",65,"Trabalho infantil",0
"4221","Fem","Indígena",65,"Tráfico",0
"4222","Fem","Indígena",66,"Física",29
"4223","Fem","Indígena",66,"Intervenção legal",0
"4224","Fem","Indígena",66,"Negligência",3
"4225","Fem","Indígena",66,"Outras",5
"4226","Fem","Indígena",66,"Psicológica",15
"4227","Fem","Indígena",66,"Sexual",1
"4228","Fem","Indígena",66,"Tortura",0
"4229","Fem","Indígena",66,"Trabalho infantil",0
"4230","Fem","Indígena",66,"Tráfico",0
"4231","Fem","Indígena",67,"Física",21
"4232","Fem","Indígena",67,"Intervenção legal",1
"4233","Fem","Indígena",67,"Negligência",5
"4234","Fem","Indígena",67,"Outras",5
"4235","Fem","Indígena",67,"Psicológica",12
"4236","Fem","Indígena",67,"Sexual",2
"4237","Fem","Indígena",67,"Tortura",1
"4238","Fem","Indígena",67,"Trabalho infantil",0
"4239","Fem","Indígena",67,"Tráfico",0
"4240","Fem","Indígena",68,"Física",28
"4241","Fem","Indígena",68,"Intervenção legal",1
"4242","Fem","Indígena",68,"Negligência",5
"4243","Fem","Indígena",68,"Outras",3
"4244","Fem","Indígena",68,"Psicológica",14
"4245","Fem","Indígena",68,"Sexual",4
"4246","Fem","Indígena",68,"Tortura",0
"4247","Fem","Indígena",68,"Trabalho infantil",0
"4248","Fem","Indígena",68,"Tráfico",0
"4249","Fem","Indígena",69,"Física",15
"4250","Fem","Indígena",69,"Intervenção legal",0
"4251","Fem","Indígena",69,"Negligência",7
"4252","Fem","Indígena",69,"Outras",5
"4253","Fem","Indígena",69,"Psicológica",11
"4254","Fem","Indígena",69,"Sexual",2
"4255","Fem","Indígena",69,"Tortura",0
"4256","Fem","Indígena",69,"Trabalho infantil",0
"4257","Fem","Indígena",69,"Tráfico",0
"4258","Fem","Indígena",70,"Física",23
"4259","Fem","Indígena",70,"Intervenção legal",0
"4260","Fem","Indígena",70,"Negligência",10
"4261","Fem","Indígena",70,"Outras",6
"4262","Fem","Indígena",70,"Psicológica",13
"4263","Fem","Indígena",70,"Sexual",0
"4264","Fem","Indígena",70,"Tortura",2
"4265","Fem","Indígena",70,"Trabalho infantil",0
"4266","Fem","Indígena",70,"Tráfico",0
"4267","Fem","Indígena",71,"Física",12
"4268","Fem","Indígena",71,"Intervenção legal",0
"4269","Fem","Indígena",71,"Negligência",5
"4270","Fem","Indígena",71,"Outras",2
"4271","Fem","Indígena",71,"Psicológica",3
"4272","Fem","Indígena",71,"Sexual",1
"4273","Fem","Indígena",71,"Tortura",0
"4274","Fem","Indígena",71,"Trabalho infantil",0
"4275","Fem","Indígena",71,"Tráfico",0
"4276","Fem","Indígena",72,"Física",20
"4277","Fem","Indígena",72,"Intervenção legal",0
"4278","Fem","Indígena",72,"Negligência",7
"4279","Fem","Indígena",72,"Outras",4
"4280","Fem","Indígena",72,"Psicológica",12
"4281","Fem","Indígena",72,"Sexual",0
"4282","Fem","Indígena",72,"Tortura",1
"4283","Fem","Indígena",72,"Trabalho infantil",0
"4284","Fem","Indígena",72,"Tráfico",0
"4285","Fem","Indígena",73,"Física",12
"4286","Fem","Indígena",73,"Intervenção legal",0
"4287","Fem","Indígena",73,"Negligência",6
"4288","Fem","Indígena",73,"Outras",2
"4289","Fem","Indígena",73,"Psicológica",7
"4290","Fem","Indígena",73,"Sexual",1
"4291","Fem","Indígena",73,"Tortura",0
"4292","Fem","Indígena",73,"Trabalho infantil",0
"4293","Fem","Indígena",73,"Tráfico",0
"4294","Fem","Indígena",74,"Física",17
"4295","Fem","Indígena",74,"Intervenção legal",1
"4296","Fem","Indígena",74,"Negligência",4
"4297","Fem","Indígena",74,"Outras",3
"4298","Fem","Indígena",74,"Psicológica",1
"4299","Fem","Indígena",74,"Sexual",2
"4300","Fem","Indígena",74,"Tortura",0
"4301","Fem","Indígena",74,"Trabalho infantil",0
"4302","Fem","Indígena",74,"Tráfico",0
"4303","Fem","Indígena",75,"Física",12
"4304","Fem","Indígena",75,"Intervenção legal",0
"4305","Fem","Indígena",75,"Negligência",7
"4306","Fem","Indígena",75,"Outras",5
"4307","Fem","Indígena",75,"Psicológica",6
"4308","Fem","Indígena",75,"Sexual",0
"4309","Fem","Indígena",75,"Tortura",1
"4310","Fem","Indígena",75,"Trabalho infantil",0
"4311","Fem","Indígena",75,"Tráfico",0
"4312","Fem","Indígena",76,"Física",19
"4313","Fem","Indígena",76,"Intervenção legal",0
"4314","Fem","Indígena",76,"Negligência",14
"4315","Fem","Indígena",76,"Outras",4
"4316","Fem","Indígena",76,"Psicológica",7
"4317","Fem","Indígena",76,"Sexual",0
"4318","Fem","Indígena",76,"Tortura",0
"4319","Fem","Indígena",76,"Trabalho infantil",0
"4320","Fem","Indígena",76,"Tráfico",0
"4321","Fem","Indígena",77,"Física",18
"4322","Fem","Indígena",77,"Intervenção legal",0
"4323","Fem","Indígena",77,"Negligência",7
"4324","Fem","Indígena",77,"Outras",8
"4325","Fem","Indígena",77,"Psicológica",8
"4326","Fem","Indígena",77,"Sexual",0
"4327","Fem","Indígena",77,"Tortura",3
"4328","Fem","Indígena",77,"Trabalho infantil",0
"4329","Fem","Indígena",77,"Tráfico",0
"4330","Fem","Indígena",78,"Física",13
"4331","Fem","Indígena",78,"Intervenção legal",0
"4332","Fem","Indígena",78,"Negligência",7
"4333","Fem","Indígena",78,"Outras",4
"4334","Fem","Indígena",78,"Psicológica",7
"4335","Fem","Indígena",78,"Sexual",0
"4336","Fem","Indígena",78,"Tortura",0
"4337","Fem","Indígena",78,"Trabalho infantil",0
"4338","Fem","Indígena",78,"Tráfico",0
"4339","Fem","Indígena",79,"Física",9
"4340","Fem","Indígena",79,"Intervenção legal",0
"4341","Fem","Indígena",79,"Negligência",8
"4342","Fem","Indígena",79,"Outras",1
"4343","Fem","Indígena",79,"Psicológica",5
"4344","Fem","Indígena",79,"Sexual",2
"4345","Fem","Indígena",79,"Tortura",1
"4346","Fem","Indígena",79,"Trabalho infantil",0
"4347","Fem","Indígena",79,"Tráfico",0
"4348","Fem","Indígena",80,"Física",17
"4349","Fem","Indígena",80,"Intervenção legal",0
"4350","Fem","Indígena",80,"Negligência",5
"4351","Fem","Indígena",80,"Outras",1
"4352","Fem","Indígena",80,"Psicológica",5
"4353","Fem","Indígena",80,"Sexual",1
"4354","Fem","Indígena",80,"Tortura",0
"4355","Fem","Indígena",80,"Trabalho infantil",0
"4356","Fem","Indígena",80,"Tráfico",0
"4357","Fem","Indígena",81,"Física",6
"4358","Fem","Indígena",81,"Intervenção legal",0
"4359","Fem","Indígena",81,"Negligência",8
"4360","Fem","Indígena",81,"Outras",2
"4361","Fem","Indígena",81,"Psicológica",3
"4362","Fem","Indígena",81,"Sexual",1
"4363","Fem","Indígena",81,"Tortura",0
"4364","Fem","Indígena",81,"Trabalho infantil",0
"4365","Fem","Indígena",81,"Tráfico",0
"4366","Fem","Indígena",82,"Física",4
"4367","Fem","Indígena",82,"Intervenção legal",0
"4368","Fem","Indígena",82,"Negligência",8
"4369","Fem","Indígena",82,"Outras",3
"4370","Fem","Indígena",82,"Psicológica",5
"4371","Fem","Indígena",82,"Sexual",1
"4372","Fem","Indígena",82,"Tortura",0
"4373","Fem","Indígena",82,"Trabalho infantil",0
"4374","Fem","Indígena",82,"Tráfico",0
"4375","Fem","Indígena",83,"Física",8
"4376","Fem","Indígena",83,"Intervenção legal",0
"4377","Fem","Indígena",83,"Negligência",6
"4378","Fem","Indígena",83,"Outras",4
"4379","Fem","Indígena",83,"Psicológica",5
"4380","Fem","Indígena",83,"Sexual",0
"4381","Fem","Indígena",83,"Tortura",0
"4382","Fem","Indígena",83,"Trabalho infantil",0
"4383","Fem","Indígena",83,"Tráfico",0
"4384","Fem","Indígena",84,"Física",8
"4385","Fem","Indígena",84,"Intervenção legal",0
"4386","Fem","Indígena",84,"Negligência",10
"4387","Fem","Indígena",84,"Outras",6
"4388","Fem","Indígena",84,"Psicológica",5
"4389","Fem","Indígena",84,"Sexual",2
"4390","Fem","Indígena",84,"Tortura",0
"4391","Fem","Indígena",84,"Trabalho infantil",0
"4392","Fem","Indígena",84,"Tráfico",0
"4393","Fem","Indígena",85,"Física",7
"4394","Fem","Indígena",85,"Intervenção legal",0
"4395","Fem","Indígena",85,"Negligência",5
"4396","Fem","Indígena",85,"Outras",3
"4397","Fem","Indígena",85,"Psicológica",5
"4398","Fem","Indígena",85,"Sexual",0
"4399","Fem","Indígena",85,"Tortura",1
"4400","Fem","Indígena",85,"Trabalho infantil",0
"4401","Fem","Indígena",85,"Tráfico",0
"4402","Fem","Indígena",86,"Física",3
"4403","Fem","Indígena",86,"Intervenção legal",0
"4404","Fem","Indígena",86,"Negligência",6
"4405","Fem","Indígena",86,"Outras",1
"4406","Fem","Indígena",86,"Psicológica",1
"4407","Fem","Indígena",86,"Sexual",1
"4408","Fem","Indígena",86,"Tortura",0
"4409","Fem","Indígena",86,"Trabalho infantil",0
"4410","Fem","Indígena",86,"Tráfico",0
"4411","Fem","Indígena",87,"Física",5
"4412","Fem","Indígena",87,"Intervenção legal",0
"4413","Fem","Indígena",87,"Negligência",2
"4414","Fem","Indígena",87,"Outras",0
"4415","Fem","Indígena",87,"Psicológica",1
"4416","Fem","Indígena",87,"Sexual",2
"4417","Fem","Indígena",87,"Tortura",1
"4418","Fem","Indígena",87,"Trabalho infantil",0
"4419","Fem","Indígena",87,"Tráfico",0
"4420","Fem","Indígena",88,"Física",2
"4421","Fem","Indígena",88,"Intervenção legal",0
"4422","Fem","Indígena",88,"Negligência",5
"4423","Fem","Indígena",88,"Outras",2
"4424","Fem","Indígena",88,"Psicológica",2
"4425","Fem","Indígena",88,"Sexual",0
"4426","Fem","Indígena",88,"Tortura",0
"4427","Fem","Indígena",88,"Trabalho infantil",0
"4428","Fem","Indígena",88,"Tráfico",0
"4429","Fem","Indígena",89,"Física",3
"4430","Fem","Indígena",89,"Intervenção legal",0
"4431","Fem","Indígena",89,"Negligência",5
"4432","Fem","Indígena",89,"Outras",0
"4433","Fem","Indígena",89,"Psicológica",1
"4434","Fem","Indígena",89,"Sexual",1
"4435","Fem","Indígena",89,"Tortura",0
"4436","Fem","Indígena",89,"Trabalho infantil",0
"4437","Fem","Indígena",89,"Tráfico",0
"4438","Fem","Indígena",90,"Física",3
"4439","Fem","Indígena",90,"Intervenção legal",0
"4440","Fem","Indígena",90,"Negligência",0
"4441","Fem","Indígena",90,"Outras",0
"4442","Fem","Indígena",90,"Psicológica",1
"4443","Fem","Indígena",90,"Sexual",0
"4444","Fem","Indígena",90,"Tortura",1
"4445","Fem","Indígena",90,"Trabalho infantil",0
"4446","Fem","Indígena",90,"Tráfico",0
"4447","Fem","Indígena",91,"Física",2
"4448","Fem","Indígena",91,"Intervenção legal",0
"4449","Fem","Indígena",91,"Negligência",4
"4450","Fem","Indígena",91,"Outras",2
"4451","Fem","Indígena",91,"Psicológica",3
"4452","Fem","Indígena",91,"Sexual",0
"4453","Fem","Indígena",91,"Tortura",0
"4454","Fem","Indígena",91,"Trabalho infantil",0
"4455","Fem","Indígena",91,"Tráfico",0
"4456","Fem","Indígena",92,"Física",1
"4457","Fem","Indígena",92,"Intervenção legal",0
"4458","Fem","Indígena",92,"Negligência",2
"4459","Fem","Indígena",92,"Outras",1
"4460","Fem","Indígena",92,"Psicológica",1
"4461","Fem","Indígena",92,"Sexual",0
"4462","Fem","Indígena",92,"Tortura",0
"4463","Fem","Indígena",92,"Trabalho infantil",0
"4464","Fem","Indígena",92,"Tráfico",0
"4465","Fem","Indígena",93,"Física",4
"4466","Fem","Indígena",93,"Intervenção legal",0
"4467","Fem","Indígena",93,"Negligência",2
"4468","Fem","Indígena",93,"Outras",1
"4469","Fem","Indígena",93,"Psicológica",1
"4470","Fem","Indígena",93,"Sexual",0
"4471","Fem","Indígena",93,"Tortura",2
"4472","Fem","Indígena",93,"Trabalho infantil",0
"4473","Fem","Indígena",93,"Tráfico",0
"4474","Fem","Indígena",94,"Física",1
"4475","Fem","Indígena",94,"Intervenção legal",0
"4476","Fem","Indígena",94,"Negligência",1
"4477","Fem","Indígena",94,"Outras",0
"4478","Fem","Indígena",94,"Psicológica",0
"4479","Fem","Indígena",94,"Sexual",0
"4480","Fem","Indígena",94,"Tortura",0
"4481","Fem","Indígena",94,"Trabalho infantil",0
"4482","Fem","Indígena",94,"Tráfico",0
"4483","Fem","Indígena",95,"Física",2
"4484","Fem","Indígena",95,"Intervenção legal",0
"4485","Fem","Indígena",95,"Negligência",2
"4486","Fem","Indígena",95,"Outras",0
"4487","Fem","Indígena",95,"Psicológica",2
"4488","Fem","Indígena",95,"Sexual",0
"4489","Fem","Indígena",95,"Tortura",0
"4490","Fem","Indígena",95,"Trabalho infantil",0
"4491","Fem","Indígena",95,"Tráfico",0
"4492","Fem","Indígena",96,"Física",3
"4493","Fem","Indígena",96,"Intervenção legal",0
"4494","Fem","Indígena",96,"Negligência",2
"4495","Fem","Indígena",96,"Outras",2
"4496","Fem","Indígena",96,"Psicológica",2
"4497","Fem","Indígena",96,"Sexual",0
"4498","Fem","Indígena",96,"Tortura",1
"4499","Fem","Indígena",96,"Trabalho infantil",0
"4500","Fem","Indígena",96,"Tráfico",0
"4501","Fem","Indígena",97,"Física",3
"4502","Fem","Indígena",97,"Intervenção legal",0
"4503","Fem","Indígena",97,"Negligência",3
"4504","Fem","Indígena",97,"Outras",2
"4505","Fem","Indígena",97,"Psicológica",2
"4506","Fem","Indígena",97,"Sexual",1
"4507","Fem","Indígena",97,"Tortura",1
"4508","Fem","Indígena",97,"Trabalho infantil",0
"4509","Fem","Indígena",97,"Tráfico",0
"4510","Fem","Indígena",98,"Física",3
"4511","Fem","Indígena",98,"Intervenção legal",0
"4512","Fem","Indígena",98,"Negligência",1
"4513","Fem","Indígena",98,"Outras",1
"4514","Fem","Indígena",98,"Psicológica",0
"4515","Fem","Indígena",98,"Sexual",0
"4516","Fem","Indígena",98,"Tortura",0
"4517","Fem","Indígena",98,"Trabalho infantil",0
"4518","Fem","Indígena",98,"Tráfico",0
"4519","Fem","Indígena",99,"Física",3
"4520","Fem","Indígena",99,"Intervenção legal",0
"4521","Fem","Indígena",99,"Negligência",5
"4522","Fem","Indígena",99,"Outras",1
"4523","Fem","Indígena",99,"Psicológica",1
"4524","Fem","Indígena",99,"Sexual",1
"4525","Fem","Indígena",99,"Tortura",0
"4526","Fem","Indígena",99,"Trabalho infantil",0
"4527","Fem","Indígena",99,"Tráfico",0
"4528","Fem","Indígena",100,"Física",2
"4529","Fem","Indígena",100,"Intervenção legal",0
"4530","Fem","Indígena",100,"Negligência",1
"4531","Fem","Indígena",100,"Outras",0
"4532","Fem","Indígena",100,"Psicológica",1
"4533","Fem","Indígena",100,"Sexual",0
"4534","Fem","Indígena",100,"Tortura",1
"4535","Fem","Indígena",100,"Trabalho infantil",0
"4536","Fem","Indígena",100,"Tráfico",0
"4537","Fem","Amarela",1,"Física",24
"4538","Fem","Amarela",1,"Intervenção legal",0
"4539","Fem","Amarela",1,"Negligência",96
"4540","Fem","Amarela",1,"Outras",8
"4541","Fem","Amarela",1,"Psicológica",7
"4542","Fem","Amarela",1,"Sexual",28
"4543","Fem","Amarela",1,"Tortura",0
"4544","Fem","Amarela",1,"Trabalho infantil",0
"4545","Fem","Amarela",1,"Tráfico",0
"4546","Fem","Amarela",2,"Física",24
"4547","Fem","Amarela",2,"Intervenção legal",0
"4548","Fem","Amarela",2,"Negligência",58
"4549","Fem","Amarela",2,"Outras",7
"4550","Fem","Amarela",2,"Psicológica",11
"4551","Fem","Amarela",2,"Sexual",58
"4552","Fem","Amarela",2,"Tortura",2
"4553","Fem","Amarela",2,"Trabalho infantil",0
"4554","Fem","Amarela",2,"Tráfico",1
"4555","Fem","Amarela",3,"Física",32
"4556","Fem","Amarela",3,"Intervenção legal",0
"4557","Fem","Amarela",3,"Negligência",49
"4558","Fem","Amarela",3,"Outras",5
"4559","Fem","Amarela",3,"Psicológica",23
"4560","Fem","Amarela",3,"Sexual",85
"4561","Fem","Amarela",3,"Tortura",1
"4562","Fem","Amarela",3,"Trabalho infantil",0
"4563","Fem","Amarela",3,"Tráfico",0
"4564","Fem","Amarela",4,"Física",44
"4565","Fem","Amarela",4,"Intervenção legal",0
"4566","Fem","Amarela",4,"Negligência",41
"4567","Fem","Amarela",4,"Outras",9
"4568","Fem","Amarela",4,"Psicológica",27
"4569","Fem","Amarela",4,"Sexual",71
"4570","Fem","Amarela",4,"Tortura",1
"4571","Fem","Amarela",4,"Trabalho infantil",1
"4572","Fem","Amarela",4,"Tráfico",0
"4573","Fem","Amarela",5,"Física",28
"4574","Fem","Amarela",5,"Intervenção legal",0
"4575","Fem","Amarela",5,"Negligência",39
"4576","Fem","Amarela",5,"Outras",3
"4577","Fem","Amarela",5,"Psicológica",26
"4578","Fem","Amarela",5,"Sexual",77
"4579","Fem","Amarela",5,"Tortura",3
"4580","Fem","Amarela",5,"Trabalho infantil",1
"4581","Fem","Amarela",5,"Tráfico",0
"4582","Fem","Amarela",6,"Física",44
"4583","Fem","Amarela",6,"Intervenção legal",0
"4584","Fem","Amarela",6,"Negligência",34
"4585","Fem","Amarela",6,"Outras",6
"4586","Fem","Amarela",6,"Psicológica",28
"4587","Fem","Amarela",6,"Sexual",68
"4588","Fem","Amarela",6,"Tortura",6
"4589","Fem","Amarela",6,"Trabalho infantil",2
"4590","Fem","Amarela",6,"Tráfico",0
"4591","Fem","Amarela",7,"Física",28
"4592","Fem","Amarela",7,"Intervenção legal",0
"4593","Fem","Amarela",7,"Negligência",33
"4594","Fem","Amarela",7,"Outras",3
"4595","Fem","Amarela",7,"Psicológica",20
"4596","Fem","Amarela",7,"Sexual",54
"4597","Fem","Amarela",7,"Tortura",0
"4598","Fem","Amarela",7,"Trabalho infantil",0
"4599","Fem","Amarela",7,"Tráfico",0
"4600","Fem","Amarela",8,"Física",34
"4601","Fem","Amarela",8,"Intervenção legal",1
"4602","Fem","Amarela",8,"Negligência",20
"4603","Fem","Amarela",8,"Outras",7
"4604","Fem","Amarela",8,"Psicológica",37
"4605","Fem","Amarela",8,"Sexual",64
"4606","Fem","Amarela",8,"Tortura",2
"4607","Fem","Amarela",8,"Trabalho infantil",3
"4608","Fem","Amarela",8,"Tráfico",0
"4609","Fem","Amarela",9,"Física",39
"4610","Fem","Amarela",9,"Intervenção legal",0
"4611","Fem","Amarela",9,"Negligência",29
"4612","Fem","Amarela",9,"Outras",11
"4613","Fem","Amarela",9,"Psicológica",36
"4614","Fem","Amarela",9,"Sexual",71
"4615","Fem","Amarela",9,"Tortura",4
"4616","Fem","Amarela",9,"Trabalho infantil",3
"4617","Fem","Amarela",9,"Tráfico",0
"4618","Fem","Amarela",10,"Física",54
"4619","Fem","Amarela",10,"Intervenção legal",0
"4620","Fem","Amarela",10,"Negligência",30
"4621","Fem","Amarela",10,"Outras",7
"4622","Fem","Amarela",10,"Psicológica",55
"4623","Fem","Amarela",10,"Sexual",106
"4624","Fem","Amarela",10,"Tortura",5
"4625","Fem","Amarela",10,"Trabalho infantil",3
"4626","Fem","Amarela",10,"Tráfico",0
"4627","Fem","Amarela",11,"Física",89
"4628","Fem","Amarela",11,"Intervenção legal",0
"4629","Fem","Amarela",11,"Negligência",44
"4630","Fem","Amarela",11,"Outras",35
"4631","Fem","Amarela",11,"Psicológica",83
"4632","Fem","Amarela",11,"Sexual",154
"4633","Fem","Amarela",11,"Tortura",10
"4634","Fem","Amarela",11,"Trabalho infantil",3
"4635","Fem","Amarela",11,"Tráfico",0
"4636","Fem","Amarela",12,"Física",143
"4637","Fem","Amarela",12,"Intervenção legal",1
"4638","Fem","Amarela",12,"Negligência",48
"4639","Fem","Amarela",12,"Outras",118
"4640","Fem","Amarela",12,"Psicológica",97
"4641","Fem","Amarela",12,"Sexual",271
"4642","Fem","Amarela",12,"Tortura",11
"4643","Fem","Amarela",12,"Trabalho infantil",5
"4644","Fem","Amarela",12,"Tráfico",1
"4645","Fem","Amarela",13,"Física",197
"4646","Fem","Amarela",13,"Intervenção legal",1
"4647","Fem","Amarela",13,"Negligência",53
"4648","Fem","Amarela",13,"Outras",178
"4649","Fem","Amarela",13,"Psicológica",120
"4650","Fem","Amarela",13,"Sexual",365
"4651","Fem","Amarela",13,"Tortura",5
"4652","Fem","Amarela",13,"Trabalho infantil",8
"4653","Fem","Amarela",13,"Tráfico",1
"4654","Fem","Amarela",14,"Física",257
"4655","Fem","Amarela",14,"Intervenção legal",2
"4656","Fem","Amarela",14,"Negligência",53
"4657","Fem","Amarela",14,"Outras",273
"4658","Fem","Amarela",14,"Psicológica",115
"4659","Fem","Amarela",14,"Sexual",251
"4660","Fem","Amarela",14,"Tortura",16
"4661","Fem","Amarela",14,"Trabalho infantil",1
"4662","Fem","Amarela",14,"Tráfico",0
"4663","Fem","Amarela",15,"Física",261
"4664","Fem","Amarela",15,"Intervenção legal",0
"4665","Fem","Amarela",15,"Negligência",65
"4666","Fem","Amarela",15,"Outras",243
"4667","Fem","Amarela",15,"Psicológica",112
"4668","Fem","Amarela",15,"Sexual",144
"4669","Fem","Amarela",15,"Tortura",13
"4670","Fem","Amarela",15,"Trabalho infantil",2
"4671","Fem","Amarela",15,"Tráfico",1
"4672","Fem","Amarela",16,"Física",302
"4673","Fem","Amarela",16,"Intervenção legal",0
"4674","Fem","Amarela",16,"Negligência",31
"4675","Fem","Amarela",16,"Outras",251
"4676","Fem","Amarela",16,"Psicológica",105
"4677","Fem","Amarela",16,"Sexual",134
"4678","Fem","Amarela",16,"Tortura",10
"4679","Fem","Amarela",16,"Trabalho infantil",4
"4680","Fem","Amarela",16,"Tráfico",1
"4681","Fem","Amarela",17,"Física",292
"4682","Fem","Amarela",17,"Intervenção legal",0
"4683","Fem","Amarela",17,"Negligência",38
"4684","Fem","Amarela",17,"Outras",237
"4685","Fem","Amarela",17,"Psicológica",96
"4686","Fem","Amarela",17,"Sexual",99
"4687","Fem","Amarela",17,"Tortura",17
"4688","Fem","Amarela",17,"Trabalho infantil",0
"4689","Fem","Amarela",17,"Tráfico",0
"4690","Fem","Amarela",18,"Física",284
"4691","Fem","Amarela",18,"Intervenção legal",2
"4692","Fem","Amarela",18,"Negligência",9
"4693","Fem","Amarela",18,"Outras",216
"4694","Fem","Amarela",18,"Psicológica",110
"4695","Fem","Amarela",18,"Sexual",76
"4696","Fem","Amarela",18,"Tortura",16
"4697","Fem","Amarela",18,"Trabalho infantil",0
"4698","Fem","Amarela",18,"Tráfico",0
"4699","Fem","Amarela",19,"Física",347
"4700","Fem","Amarela",19,"Intervenção legal",0
"4701","Fem","Amarela",19,"Negligência",5
"4702","Fem","Amarela",19,"Outras",185
"4703","Fem","Amarela",19,"Psicológica",127
"4704","Fem","Amarela",19,"Sexual",63
"4705","Fem","Amarela",19,"Tortura",13
"4706","Fem","Amarela",19,"Trabalho infantil",0
"4707","Fem","Amarela",19,"Tráfico",0
"4708","Fem","Amarela",20,"Física",343
"4709","Fem","Amarela",20,"Intervenção legal",0
"4710","Fem","Amarela",20,"Negligência",5
"4711","Fem","Amarela",20,"Outras",178
"4712","Fem","Amarela",20,"Psicológica",123
"4713","Fem","Amarela",20,"Sexual",65
"4714","Fem","Amarela",20,"Tortura",16
"4715","Fem","Amarela",20,"Trabalho infantil",0
"4716","Fem","Amarela",20,"Tráfico",1
"4717","Fem","Amarela",21,"Física",357
"4718","Fem","Amarela",21,"Intervenção legal",0
"4719","Fem","Amarela",21,"Negligência",2
"4720","Fem","Amarela",21,"Outras",179
"4721","Fem","Amarela",21,"Psicológica",163
"4722","Fem","Amarela",21,"Sexual",75
"4723","Fem","Amarela",21,"Tortura",17
"4724","Fem","Amarela",21,"Trabalho infantil",0
"4725","Fem","Amarela",21,"Tráfico",0
"4726","Fem","Amarela",22,"Física",338
"4727","Fem","Amarela",22,"Intervenção legal",0
"4728","Fem","Amarela",22,"Negligência",7
"4729","Fem","Amarela",22,"Outras",165
"4730","Fem","Amarela",22,"Psicológica",123
"4731","Fem","Amarela",22,"Sexual",68
"4732","Fem","Amarela",22,"Tortura",16
"4733","Fem","Amarela",22,"Trabalho infantil",0
"4734","Fem","Amarela",22,"Tráfico",0
"4735","Fem","Amarela",23,"Física",357
"4736","Fem","Amarela",23,"Intervenção legal",4
"4737","Fem","Amarela",23,"Negligência",6
"4738","Fem","Amarela",23,"Outras",171
"4739","Fem","Amarela",23,"Psicológica",132
"4740","Fem","Amarela",23,"Sexual",56
"4741","Fem","Amarela",23,"Tortura",11
"4742","Fem","Amarela",23,"Trabalho infantil",0
"4743","Fem","Amarela",23,"Tráfico",1
"4744","Fem","Amarela",24,"Física",405
"4745","Fem","Amarela",24,"Intervenção legal",0
"4746","Fem","Amarela",24,"Negligência",5
"4747","Fem","Amarela",24,"Outras",173
"4748","Fem","Amarela",24,"Psicológica",169
"4749","Fem","Amarela",24,"Sexual",67
"4750","Fem","Amarela",24,"Tortura",20
"4751","Fem","Amarela",24,"Trabalho infantil",0
"4752","Fem","Amarela",24,"Tráfico",0
"4753","Fem","Amarela",25,"Física",385
"4754","Fem","Amarela",25,"Intervenção legal",1
"4755","Fem","Amarela",25,"Negligência",7
"4756","Fem","Amarela",25,"Outras",147
"4757","Fem","Amarela",25,"Psicológica",170
"4758","Fem","Amarela",25,"Sexual",42
"4759","Fem","Amarela",25,"Tortura",13
"4760","Fem","Amarela",25,"Trabalho infantil",0
"4761","Fem","Amarela",25,"Tráfico",0
"4762","Fem","Amarela",26,"Física",389
"4763","Fem","Amarela",26,"Intervenção legal",0
"4764","Fem","Amarela",26,"Negligência",6
"4765","Fem","Amarela",26,"Outras",159
"4766","Fem","Amarela",26,"Psicológica",176
"4767","Fem","Amarela",26,"Sexual",65
"4768","Fem","Amarela",26,"Tortura",20
"4769","Fem","Amarela",26,"Trabalho infantil",0
"4770","Fem","Amarela",26,"Tráfico",0
"4771","Fem","Amarela",27,"Física",348
"4772","Fem","Amarela",27,"Intervenção legal",2
"4773","Fem","Amarela",27,"Negligência",6
"4774","Fem","Amarela",27,"Outras",157
"4775","Fem","Amarela",27,"Psicológica",155
"4776","Fem","Amarela",27,"Sexual",54
"4777","Fem","Amarela",27,"Tortura",20
"4778","Fem","Amarela",27,"Trabalho infantil",0
"4779","Fem","Amarela",27,"Tráfico",0
"4780","Fem","Amarela",28,"Física",368
"4781","Fem","Amarela",28,"Intervenção legal",4
"4782","Fem","Amarela",28,"Negligência",3
"4783","Fem","Amarela",28,"Outras",152
"4784","Fem","Amarela",28,"Psicológica",168
"4785","Fem","Amarela",28,"Sexual",61
"4786","Fem","Amarela",28,"Tortura",18
"4787","Fem","Amarela",28,"Trabalho infantil",1
"4788","Fem","Amarela",28,"Tráfico",1
"4789","Fem","Amarela",29,"Física",379
"4790","Fem","Amarela",29,"Intervenção legal",2
"4791","Fem","Amarela",29,"Negligência",1
"4792","Fem","Amarela",29,"Outras",135
"4793","Fem","Amarela",29,"Psicológica",146
"4794","Fem","Amarela",29,"Sexual",51
"4795","Fem","Amarela",29,"Tortura",14
"4796","Fem","Amarela",29,"Trabalho infantil",1
"4797","Fem","Amarela",29,"Tráfico",1
"4798","Fem","Amarela",30,"Física",346
"4799","Fem","Amarela",30,"Intervenção legal",0
"4800","Fem","Amarela",30,"Negligência",3
"4801","Fem","Amarela",30,"Outras",129
"4802","Fem","Amarela",30,"Psicológica",144
"4803","Fem","Amarela",30,"Sexual",32
"4804","Fem","Amarela",30,"Tortura",15
"4805","Fem","Amarela",30,"Trabalho infantil",0
"4806","Fem","Amarela",30,"Tráfico",0
"4807","Fem","Amarela",31,"Física",363
"4808","Fem","Amarela",31,"Intervenção legal",0
"4809","Fem","Amarela",31,"Negligência",1
"4810","Fem","Amarela",31,"Outras",110
"4811","Fem","Amarela",31,"Psicológica",161
"4812","Fem","Amarela",31,"Sexual",43
"4813","Fem","Amarela",31,"Tortura",18
"4814","Fem","Amarela",31,"Trabalho infantil",0
"4815","Fem","Amarela",31,"Tráfico",1
"4816","Fem","Amarela",32,"Física",312
"4817","Fem","Amarela",32,"Intervenção legal",0
"4818","Fem","Amarela",32,"Negligência",3
"4819","Fem","Amarela",32,"Outras",115
"4820","Fem","Amarela",32,"Psicológica",141
"4821","Fem","Amarela",32,"Sexual",34
"4822","Fem","Amarela",32,"Tortura",18
"4823","Fem","Amarela",32,"Trabalho infantil",0
"4824","Fem","Amarela",32,"Tráfico",0
"4825","Fem","Amarela",33,"Física",321
"4826","Fem","Amarela",33,"Intervenção legal",1
"4827","Fem","Amarela",33,"Negligência",3
"4828","Fem","Amarela",33,"Outras",108
"4829","Fem","Amarela",33,"Psicológica",138
"4830","Fem","Amarela",33,"Sexual",42
"4831","Fem","Amarela",33,"Tortura",16
"4832","Fem","Amarela",33,"Trabalho infantil",0
"4833","Fem","Amarela",33,"Tráfico",0
"4834","Fem","Amarela",34,"Física",333
"4835","Fem","Amarela",34,"Intervenção legal",1
"4836","Fem","Amarela",34,"Negligência",1
"4837","Fem","Amarela",34,"Outras",115
"4838","Fem","Amarela",34,"Psicológica",142
"4839","Fem","Amarela",34,"Sexual",40
"4840","Fem","Amarela",34,"Tortura",13
"4841","Fem","Amarela",34,"Trabalho infantil",1
"4842","Fem","Amarela",34,"Tráfico",0
"4843","Fem","Amarela",35,"Física",305
"4844","Fem","Amarela",35,"Intervenção legal",1
"4845","Fem","Amarela",35,"Negligência",9
"4846","Fem","Amarela",35,"Outras",103
"4847","Fem","Amarela",35,"Psicológica",150
"4848","Fem","Amarela",35,"Sexual",34
"4849","Fem","Amarela",35,"Tortura",12
"4850","Fem","Amarela",35,"Trabalho infantil",0
"4851","Fem","Amarela",35,"Tráfico",1
"4852","Fem","Amarela",36,"Física",292
"4853","Fem","Amarela",36,"Intervenção legal",0
"4854","Fem","Amarela",36,"Negligência",2
"4855","Fem","Amarela",36,"Outras",100
"4856","Fem","Amarela",36,"Psicológica",146
"4857","Fem","Amarela",36,"Sexual",38
"4858","Fem","Amarela",36,"Tortura",15
"4859","Fem","Amarela",36,"Trabalho infantil",0
"4860","Fem","Amarela",36,"Tráfico",0
"4861","Fem","Amarela",37,"Física",316
"4862","Fem","Amarela",37,"Intervenção legal",1
"4863","Fem","Amarela",37,"Negligência",3
"4864","Fem","Amarela",37,"Outras",121
"4865","Fem","Amarela",37,"Psicológica",154
"4866","Fem","Amarela",37,"Sexual",28
"4867","Fem","Amarela",37,"Tortura",15
"4868","Fem","Amarela",37,"Trabalho infantil",0
"4869","Fem","Amarela",37,"Tráfico",0
"4870","Fem","Amarela",38,"Física",285
"4871","Fem","Amarela",38,"Intervenção legal",0
"4872","Fem","Amarela",38,"Negligência",1
"4873","Fem","Amarela",38,"Outras",107
"4874","Fem","Amarela",38,"Psicológica",133
"4875","Fem","Amarela",38,"Sexual",32
"4876","Fem","Amarela",38,"Tortura",18
"4877","Fem","Amarela",38,"Trabalho infantil",0
"4878","Fem","Amarela",38,"Tráfico",0
"4879","Fem","Amarela",39,"Física",288
"4880","Fem","Amarela",39,"Intervenção legal",0
"4881","Fem","Amarela",39,"Negligência",3
"4882","Fem","Amarela",39,"Outras",91
"4883","Fem","Amarela",39,"Psicológica",141
"4884","Fem","Amarela",39,"Sexual",22
"4885","Fem","Amarela",39,"Tortura",16
"4886","Fem","Amarela",39,"Trabalho infantil",0
"4887","Fem","Amarela",39,"Tráfico",0
"4888","Fem","Amarela",40,"Física",273
"4889","Fem","Amarela",40,"Intervenção legal",2
"4890","Fem","Amarela",40,"Negligência",2
"4891","Fem","Amarela",40,"Outras",97
"4892","Fem","Amarela",40,"Psicológica",120
"4893","Fem","Amarela",40,"Sexual",27
"4894","Fem","Amarela",40,"Tortura",16
"4895","Fem","Amarela",40,"Trabalho infantil",0
"4896","Fem","Amarela",40,"Tráfico",0
"4897","Fem","Amarela",41,"Física",252
"4898","Fem","Amarela",41,"Intervenção legal",0
"4899","Fem","Amarela",41,"Negligência",5
"4900","Fem","Amarela",41,"Outras",92
"4901","Fem","Amarela",41,"Psicológica",109
"4902","Fem","Amarela",41,"Sexual",15
"4903","Fem","Amarela",41,"Tortura",10
"4904","Fem","Amarela",41,"Trabalho infantil",0
"4905","Fem","Amarela",41,"Tráfico",0
"4906","Fem","Amarela",42,"Física",229
"4907","Fem","Amarela",42,"Intervenção legal",1
"4908","Fem","Amarela",42,"Negligência",2
"4909","Fem","Amarela",42,"Outras",100
"4910","Fem","Amarela",42,"Psicológica",134
"4911","Fem","Amarela",42,"Sexual",18
"4912","Fem","Amarela",42,"Tortura",10
"4913","Fem","Amarela",42,"Trabalho infantil",0
"4914","Fem","Amarela",42,"Tráfico",0
"4915","Fem","Amarela",43,"Física",212
"4916","Fem","Amarela",43,"Intervenção legal",1
"4917","Fem","Amarela",43,"Negligência",6
"4918","Fem","Amarela",43,"Outras",78
"4919","Fem","Amarela",43,"Psicológica",94
"4920","Fem","Amarela",43,"Sexual",22
"4921","Fem","Amarela",43,"Tortura",8
"4922","Fem","Amarela",43,"Trabalho infantil",0
"4923","Fem","Amarela",43,"Tráfico",0
"4924","Fem","Amarela",44,"Física",200
"4925","Fem","Amarela",44,"Intervenção legal",1
"4926","Fem","Amarela",44,"Negligência",1
"4927","Fem","Amarela",44,"Outras",68
"4928","Fem","Amarela",44,"Psicológica",80
"4929","Fem","Amarela",44,"Sexual",13
"4930","Fem","Amarela",44,"Tortura",4
"4931","Fem","Amarela",44,"Trabalho infantil",0
"4932","Fem","Amarela",44,"Tráfico",0
"4933","Fem","Amarela",45,"Física",165
"4934","Fem","Amarela",45,"Intervenção legal",0
"4935","Fem","Amarela",45,"Negligência",4
"4936","Fem","Amarela",45,"Outras",49
"4937","Fem","Amarela",45,"Psicológica",72
"4938","Fem","Amarela",45,"Sexual",26
"4939","Fem","Amarela",45,"Tortura",8
"4940","Fem","Amarela",45,"Trabalho infantil",0
"4941","Fem","Amarela",45,"Tráfico",0
"4942","Fem","Amarela",46,"Física",205
"4943","Fem","Amarela",46,"Intervenção legal",0
"4944","Fem","Amarela",46,"Negligência",3
"4945","Fem","Amarela",46,"Outras",57
"4946","Fem","Amarela",46,"Psicológica",88
"4947","Fem","Amarela",46,"Sexual",24
"4948","Fem","Amarela",46,"Tortura",12
"4949","Fem","Amarela",46,"Trabalho infantil",0
"4950","Fem","Amarela",46,"Tráfico",1
"4951","Fem","Amarela",47,"Física",150
"4952","Fem","Amarela",47,"Intervenção legal",0
"4953","Fem","Amarela",47,"Negligência",6
"4954","Fem","Amarela",47,"Outras",83
"4955","Fem","Amarela",47,"Psicológica",74
"4956","Fem","Amarela",47,"Sexual",23
"4957","Fem","Amarela",47,"Tortura",7
"4958","Fem","Amarela",47,"Trabalho infantil",0
"4959","Fem","Amarela",47,"Tráfico",0
"4960","Fem","Amarela",48,"Física",159
"4961","Fem","Amarela",48,"Intervenção legal",0
"4962","Fem","Amarela",48,"Negligência",3
"4963","Fem","Amarela",48,"Outras",54
"4964","Fem","Amarela",48,"Psicológica",76
"4965","Fem","Amarela",48,"Sexual",17
"4966","Fem","Amarela",48,"Tortura",9
"4967","Fem","Amarela",48,"Trabalho infantil",0
"4968","Fem","Amarela",48,"Tráfico",1
"4969","Fem","Amarela",49,"Física",113
"4970","Fem","Amarela",49,"Intervenção legal",0
"4971","Fem","Amarela",49,"Negligência",3
"4972","Fem","Amarela",49,"Outras",49
"4973","Fem","Amarela",49,"Psicológica",61
"4974","Fem","Amarela",49,"Sexual",6
"4975","Fem","Amarela",49,"Tortura",8
"4976","Fem","Amarela",49,"Trabalho infantil",0
"4977","Fem","Amarela",49,"Tráfico",0
"4978","Fem","Amarela",50,"Física",113
"4979","Fem","Amarela",50,"Intervenção legal",1
"4980","Fem","Amarela",50,"Negligência",1
"4981","Fem","Amarela",50,"Outras",39
"4982","Fem","Amarela",50,"Psicológica",42
"4983","Fem","Amarela",50,"Sexual",14
"4984","Fem","Amarela",50,"Tortura",7
"4985","Fem","Amarela",50,"Trabalho infantil",0
"4986","Fem","Amarela",50,"Tráfico",0
"4987","Fem","Amarela",51,"Física",100
"4988","Fem","Amarela",51,"Intervenção legal",0
"4989","Fem","Amarela",51,"Negligência",2
"4990","Fem","Amarela",51,"Outras",44
"4991","Fem","Amarela",51,"Psicológica",65
"4992","Fem","Amarela",51,"Sexual",7
"4993","Fem","Amarela",51,"Tortura",2
"4994","Fem","Amarela",51,"Trabalho infantil",0
"4995","Fem","Amarela",51,"Tráfico",0
"4996","Fem","Amarela",52,"Física",97
"4997","Fem","Amarela",52,"Intervenção legal",0
"4998","Fem","Amarela",52,"Negligência",3
"4999","Fem","Amarela",52,"Outras",36
"5000","Fem","Amarela",52,"Psicológica",46
"5001","Fem","Amarela",52,"Sexual",5
"5002","Fem","Amarela",52,"Tortura",3
"5003","Fem","Amarela",52,"Trabalho infantil",0
"5004","Fem","Amarela",52,"Tráfico",0
"5005","Fem","Amarela",53,"Física",97
"5006","Fem","Amarela",53,"Intervenção legal",0
"5007","Fem","Amarela",53,"Negligência",3
"5008","Fem","Amarela",53,"Outras",34
"5009","Fem","Amarela",53,"Psicológica",41
"5010","Fem","Amarela",53,"Sexual",8
"5011","Fem","Amarela",53,"Tortura",5
"5012","Fem","Amarela",53,"Trabalho infantil",0
"5013","Fem","Amarela",53,"Tráfico",0
"5014","Fem","Amarela",54,"Física",83
"5015","Fem","Amarela",54,"Intervenção legal",2
"5016","Fem","Amarela",54,"Negligência",5
"5017","Fem","Amarela",54,"Outras",30
"5018","Fem","Amarela",54,"Psicológica",36
"5019","Fem","Amarela",54,"Sexual",4
"5020","Fem","Amarela",54,"Tortura",0
"5021","Fem","Amarela",54,"Trabalho infantil",0
"5022","Fem","Amarela",54,"Tráfico",0
"5023","Fem","Amarela",55,"Física",65
"5024","Fem","Amarela",55,"Intervenção legal",0
"5025","Fem","Amarela",55,"Negligência",4
"5026","Fem","Amarela",55,"Outras",31
"5027","Fem","Amarela",55,"Psicológica",36
"5028","Fem","Amarela",55,"Sexual",6
"5029","Fem","Amarela",55,"Tortura",4
"5030","Fem","Amarela",55,"Trabalho infantil",0
"5031","Fem","Amarela",55,"Tráfico",0
"5032","Fem","Amarela",56,"Física",56
"5033","Fem","Amarela",56,"Intervenção legal",0
"5034","Fem","Amarela",56,"Negligência",4
"5035","Fem","Amarela",56,"Outras",25
"5036","Fem","Amarela",56,"Psicológica",40
"5037","Fem","Amarela",56,"Sexual",3
"5038","Fem","Amarela",56,"Tortura",2
"5039","Fem","Amarela",56,"Trabalho infantil",0
"5040","Fem","Amarela",56,"Tráfico",0
"5041","Fem","Amarela",57,"Física",57
"5042","Fem","Amarela",57,"Intervenção legal",0
"5043","Fem","Amarela",57,"Negligência",3
"5044","Fem","Amarela",57,"Outras",25
"5045","Fem","Amarela",57,"Psicológica",35
"5046","Fem","Amarela",57,"Sexual",4
"5047","Fem","Amarela",57,"Tortura",2
"5048","Fem","Amarela",57,"Trabalho infantil",0
"5049","Fem","Amarela",57,"Tráfico",0
"5050","Fem","Amarela",58,"Física",51
"5051","Fem","Amarela",58,"Intervenção legal",1
"5052","Fem","Amarela",58,"Negligência",1
"5053","Fem","Amarela",58,"Outras",21
"5054","Fem","Amarela",58,"Psicológica",25
"5055","Fem","Amarela",58,"Sexual",5
"5056","Fem","Amarela",58,"Tortura",4
"5057","Fem","Amarela",58,"Trabalho infantil",0
"5058","Fem","Amarela",58,"Tráfico",0
"5059","Fem","Amarela",59,"Física",51
"5060","Fem","Amarela",59,"Intervenção legal",0
"5061","Fem","Amarela",59,"Negligência",6
"5062","Fem","Amarela",59,"Outras",16
"5063","Fem","Amarela",59,"Psicológica",23
"5064","Fem","Amarela",59,"Sexual",3
"5065","Fem","Amarela",59,"Tortura",3
"5066","Fem","Amarela",59,"Trabalho infantil",0
"5067","Fem","Amarela",59,"Tráfico",0
"5068","Fem","Amarela",60,"Física",39
"5069","Fem","Amarela",60,"Intervenção legal",0
"5070","Fem","Amarela",60,"Negligência",4
"5071","Fem","Amarela",60,"Outras",18
"5072","Fem","Amarela",60,"Psicológica",22
"5073","Fem","Amarela",60,"Sexual",6
"5074","Fem","Amarela",60,"Tortura",1
"5075","Fem","Amarela",60,"Trabalho infantil",0
"5076","Fem","Amarela",60,"Tráfico",0
"5077","Fem","Amarela",61,"Física",39
"5078","Fem","Amarela",61,"Intervenção legal",0
"5079","Fem","Amarela",61,"Negligência",7
"5080","Fem","Amarela",61,"Outras",20
"5081","Fem","Amarela",61,"Psicológica",23
"5082","Fem","Amarela",61,"Sexual",4
"5083","Fem","Amarela",61,"Tortura",2
"5084","Fem","Amarela",61,"Trabalho infantil",0
"5085","Fem","Amarela",61,"Tráfico",0
"5086","Fem","Amarela",62,"Física",32
"5087","Fem","Amarela",62,"Intervenção legal",0
"5088","Fem","Amarela",62,"Negligência",6
"5089","Fem","Amarela",62,"Outras",11
"5090","Fem","Amarela",62,"Psicológica",22
"5091","Fem","Amarela",62,"Sexual",2
"5092","Fem","Amarela",62,"Tortura",1
"5093","Fem","Amarela",62,"Trabalho infantil",0
"5094","Fem","Amarela",62,"Tráfico",0
"5095","Fem","Amarela",63,"Física",43
"5096","Fem","Amarela",63,"Intervenção legal",0
"5097","Fem","Amarela",63,"Negligência",6
"5098","Fem","Amarela",63,"Outras",11
"5099","Fem","Amarela",63,"Psicológica",23
"5100","Fem","Amarela",63,"Sexual",4
"5101","Fem","Amarela",63,"Tortura",0
"5102","Fem","Amarela",63,"Trabalho infantil",0
"5103","Fem","Amarela",63,"Tráfico",0
"5104","Fem","Amarela",64,"Física",35
"5105","Fem","Amarela",64,"Intervenção legal",0
"5106","Fem","Amarela",64,"Negligência",8
"5107","Fem","Amarela",64,"Outras",8
"5108","Fem","Amarela",64,"Psicológica",17
"5109","Fem","Amarela",64,"Sexual",1
"5110","Fem","Amarela",64,"Tortura",1
"5111","Fem","Amarela",64,"Trabalho infantil",0
"5112","Fem","Amarela",64,"Tráfico",0
"5113","Fem","Amarela",65,"Física",19
"5114","Fem","Amarela",65,"Intervenção legal",0
"5115","Fem","Amarela",65,"Negligência",7
"5116","Fem","Amarela",65,"Outras",15
"5117","Fem","Amarela",65,"Psicológica",13
"5118","Fem","Amarela",65,"Sexual",1
"5119","Fem","Amarela",65,"Tortura",1
"5120","Fem","Amarela",65,"Trabalho infantil",0
"5121","Fem","Amarela",65,"Tráfico",0
"5122","Fem","Amarela",66,"Física",23
"5123","Fem","Amarela",66,"Intervenção legal",0
"5124","Fem","Amarela",66,"Negligência",12
"5125","Fem","Amarela",66,"Outras",12
"5126","Fem","Amarela",66,"Psicológica",24
"5127","Fem","Amarela",66,"Sexual",2
"5128","Fem","Amarela",66,"Tortura",2
"5129","Fem","Amarela",66,"Trabalho infantil",0
"5130","Fem","Amarela",66,"Tráfico",0
"5131","Fem","Amarela",67,"Física",31
"5132","Fem","Amarela",67,"Intervenção legal",0
"5133","Fem","Amarela",67,"Negligência",12
"5134","Fem","Amarela",67,"Outras",17
"5135","Fem","Amarela",67,"Psicológica",19
"5136","Fem","Amarela",67,"Sexual",0
"5137","Fem","Amarela",67,"Tortura",1
"5138","Fem","Amarela",67,"Trabalho infantil",0
"5139","Fem","Amarela",67,"Tráfico",0
"5140","Fem","Amarela",68,"Física",17
"5141","Fem","Amarela",68,"Intervenção legal",0
"5142","Fem","Amarela",68,"Negligência",5
"5143","Fem","Amarela",68,"Outras",11
"5144","Fem","Amarela",68,"Psicológica",11
"5145","Fem","Amarela",68,"Sexual",1
"5146","Fem","Amarela",68,"Tortura",2
"5147","Fem","Amarela",68,"Trabalho infantil",0
"5148","Fem","Amarela",68,"Tráfico",0
"5149","Fem","Amarela",69,"Física",22
"5150","Fem","Amarela",69,"Intervenção legal",0
"5151","Fem","Amarela",69,"Negligência",10
"5152","Fem","Amarela",69,"Outras",9
"5153","Fem","Amarela",69,"Psicológica",15
"5154","Fem","Amarela",69,"Sexual",2
"5155","Fem","Amarela",69,"Tortura",3
"5156","Fem","Amarela",69,"Trabalho infantil",0
"5157","Fem","Amarela",69,"Tráfico",0
"5158","Fem","Amarela",70,"Física",21
"5159","Fem","Amarela",70,"Intervenção legal",0
"5160","Fem","Amarela",70,"Negligência",10
"5161","Fem","Amarela",70,"Outras",10
"5162","Fem","Amarela",70,"Psicológica",23
"5163","Fem","Amarela",70,"Sexual",2
"5164","Fem","Amarela",70,"Tortura",0
"5165","Fem","Amarela",70,"Trabalho infantil",0
"5166","Fem","Amarela",70,"Tráfico",0
"5167","Fem","Amarela",71,"Física",20
"5168","Fem","Amarela",71,"Intervenção legal",0
"5169","Fem","Amarela",71,"Negligência",10
"5170","Fem","Amarela",71,"Outras",7
"5171","Fem","Amarela",71,"Psicológica",16
"5172","Fem","Amarela",71,"Sexual",1
"5173","Fem","Amarela",71,"Tortura",1
"5174","Fem","Amarela",71,"Trabalho infantil",0
"5175","Fem","Amarela",71,"Tráfico",0
"5176","Fem","Amarela",72,"Física",25
"5177","Fem","Amarela",72,"Intervenção legal",0
"5178","Fem","Amarela",72,"Negligência",14
"5179","Fem","Amarela",72,"Outras",7
"5180","Fem","Amarela",72,"Psicológica",9
"5181","Fem","Amarela",72,"Sexual",0
"5182","Fem","Amarela",72,"Tortura",0
"5183","Fem","Amarela",72,"Trabalho infantil",0
"5184","Fem","Amarela",72,"Tráfico",0
"5185","Fem","Amarela",73,"Física",15
"5186","Fem","Amarela",73,"Intervenção legal",0
"5187","Fem","Amarela",73,"Negligência",9
"5188","Fem","Amarela",73,"Outras",8
"5189","Fem","Amarela",73,"Psicológica",8
"5190","Fem","Amarela",73,"Sexual",2
"5191","Fem","Amarela",73,"Tortura",0
"5192","Fem","Amarela",73,"Trabalho infantil",0
"5193","Fem","Amarela",73,"Tráfico",0
"5194","Fem","Amarela",74,"Física",17
"5195","Fem","Amarela",74,"Intervenção legal",0
"5196","Fem","Amarela",74,"Negligência",11
"5197","Fem","Amarela",74,"Outras",6
"5198","Fem","Amarela",74,"Psicológica",8
"5199","Fem","Amarela",74,"Sexual",4
"5200","Fem","Amarela",74,"Tortura",1
"5201","Fem","Amarela",74,"Trabalho infantil",0
"5202","Fem","Amarela",74,"Tráfico",0
"5203","Fem","Amarela",75,"Física",17
"5204","Fem","Amarela",75,"Intervenção legal",0
"5205","Fem","Amarela",75,"Negligência",12
"5206","Fem","Amarela",75,"Outras",4
"5207","Fem","Amarela",75,"Psicológica",8
"5208","Fem","Amarela",75,"Sexual",1
"5209","Fem","Amarela",75,"Tortura",0
"5210","Fem","Amarela",75,"Trabalho infantil",0
"5211","Fem","Amarela",75,"Tráfico",0
"5212","Fem","Amarela",76,"Física",12
"5213","Fem","Amarela",76,"Intervenção legal",0
"5214","Fem","Amarela",76,"Negligência",12
"5215","Fem","Amarela",76,"Outras",11
"5216","Fem","Amarela",76,"Psicológica",14
"5217","Fem","Amarela",76,"Sexual",0
"5218","Fem","Amarela",76,"Tortura",1
"5219","Fem","Amarela",76,"Trabalho infantil",0
"5220","Fem","Amarela",76,"Tráfico",0
"5221","Fem","Amarela",77,"Física",14
"5222","Fem","Amarela",77,"Intervenção legal",0
"5223","Fem","Amarela",77,"Negligência",13
"5224","Fem","Amarela",77,"Outras",6
"5225","Fem","Amarela",77,"Psicológica",11
"5226","Fem","Amarela",77,"Sexual",0
"5227","Fem","Amarela",77,"Tortura",1
"5228","Fem","Amarela",77,"Trabalho infantil",0
"5229","Fem","Amarela",77,"Tráfico",0
"5230","Fem","Amarela",78,"Física",9
"5231","Fem","Amarela",78,"Intervenção legal",0
"5232","Fem","Amarela",78,"Negligência",15
"5233","Fem","Amarela",78,"Outras",5
"5234","Fem","Amarela",78,"Psicológica",9
"5235","Fem","Amarela",78,"Sexual",1
"5236","Fem","Amarela",78,"Tortura",0
"5237","Fem","Amarela",78,"Trabalho infantil",0
"5238","Fem","Amarela",78,"Tráfico",0
"5239","Fem","Amarela",79,"Física",12
"5240","Fem","Amarela",79,"Intervenção legal",0
"5241","Fem","Amarela",79,"Negligência",16
"5242","Fem","Amarela",79,"Outras",4
"5243","Fem","Amarela",79,"Psicológica",12
"5244","Fem","Amarela",79,"Sexual",1
"5245","Fem","Amarela",79,"Tortura",1
"5246","Fem","Amarela",79,"Trabalho infantil",0
"5247","Fem","Amarela",79,"Tráfico",0
"5248","Fem","Amarela",80,"Física",23
"5249","Fem","Amarela",80,"Intervenção legal",0
"5250","Fem","Amarela",80,"Negligência",12
"5251","Fem","Amarela",80,"Outras",5
"5252","Fem","Amarela",80,"Psicológica",8
"5253","Fem","Amarela",80,"Sexual",1
"5254","Fem","Amarela",80,"Tortura",0
"5255","Fem","Amarela",80,"Trabalho infantil",0
"5256","Fem","Amarela",80,"Tráfico",0
"5257","Fem","Amarela",81,"Física",8
"5258","Fem","Amarela",81,"Intervenção legal",0
"5259","Fem","Amarela",81,"Negligência",12
"5260","Fem","Amarela",81,"Outras",9
"5261","Fem","Amarela",81,"Psicológica",6
"5262","Fem","Amarela",81,"Sexual",0
"5263","Fem","Amarela",81,"Tortura",0
"5264","Fem","Amarela",81,"Trabalho infantil",0
"5265","Fem","Amarela",81,"Tráfico",0
"5266","Fem","Amarela",82,"Física",10
"5267","Fem","Amarela",82,"Intervenção legal",0
"5268","Fem","Amarela",82,"Negligência",8
"5269","Fem","Amarela",82,"Outras",5
"5270","Fem","Amarela",82,"Psicológica",7
"5271","Fem","Amarela",82,"Sexual",1
"5272","Fem","Amarela",82,"Tortura",1
"5273","Fem","Amarela",82,"Trabalho infantil",0
"5274","Fem","Amarela",82,"Tráfico",0
"5275","Fem","Amarela",83,"Física",5
"5276","Fem","Amarela",83,"Intervenção legal",0
"5277","Fem","Amarela",83,"Negligência",8
"5278","Fem","Amarela",83,"Outras",3
"5279","Fem","Amarela",83,"Psicológica",4
"5280","Fem","Amarela",83,"Sexual",0
"5281","Fem","Amarela",83,"Tortura",0
"5282","Fem","Amarela",83,"Trabalho infantil",0
"5283","Fem","Amarela",83,"Tráfico",0
"5284","Fem","Amarela",84,"Física",5
"5285","Fem","Amarela",84,"Intervenção legal",0
"5286","Fem","Amarela",84,"Negligência",10
"5287","Fem","Amarela",84,"Outras",0
"5288","Fem","Amarela",84,"Psicológica",2
"5289","Fem","Amarela",84,"Sexual",0
"5290","Fem","Amarela",84,"Tortura",0
"5291","Fem","Amarela",84,"Trabalho infantil",0
"5292","Fem","Amarela",84,"Tráfico",0
"5293","Fem","Amarela",85,"Física",9
"5294","Fem","Amarela",85,"Intervenção legal",0
"5295","Fem","Amarela",85,"Negligência",11
"5296","Fem","Amarela",85,"Outras",6
"5297","Fem","Amarela",85,"Psicológica",3
"5298","Fem","Amarela",85,"Sexual",0
"5299","Fem","Amarela",85,"Tortura",1
"5300","Fem","Amarela",85,"Trabalho infantil",0
"5301","Fem","Amarela",85,"Tráfico",0
"5302","Fem","Amarela",86,"Física",2
"5303","Fem","Amarela",86,"Intervenção legal",0
"5304","Fem","Amarela",86,"Negligência",9
"5305","Fem","Amarela",86,"Outras",5
"5306","Fem","Amarela",86,"Psicológica",4
"5307","Fem","Amarela",86,"Sexual",0
"5308","Fem","Amarela",86,"Tortura",0
"5309","Fem","Amarela",86,"Trabalho infantil",0
"5310","Fem","Amarela",86,"Tráfico",0
"5311","Fem","Amarela",87,"Física",3
"5312","Fem","Amarela",87,"Intervenção legal",0
"5313","Fem","Amarela",87,"Negligência",12
"5314","Fem","Amarela",87,"Outras",0
"5315","Fem","Amarela",87,"Psicológica",2
"5316","Fem","Amarela",87,"Sexual",0
"5317","Fem","Amarela",87,"Tortura",0
"5318","Fem","Amarela",87,"Trabalho infantil",0
"5319","Fem","Amarela",87,"Tráfico",0
"5320","Fem","Amarela",88,"Física",5
"5321","Fem","Amarela",88,"Intervenção legal",0
"5322","Fem","Amarela",88,"Negligência",6
"5323","Fem","Amarela",88,"Outras",1
"5324","Fem","Amarela",88,"Psicológica",5
"5325","Fem","Amarela",88,"Sexual",0
"5326","Fem","Amarela",88,"Tortura",0
"5327","Fem","Amarela",88,"Trabalho infantil",0
"5328","Fem","Amarela",88,"Tráfico",0
"5329","Fem","Amarela",89,"Física",4
"5330","Fem","Amarela",89,"Intervenção legal",0
"5331","Fem","Amarela",89,"Negligência",4
"5332","Fem","Amarela",89,"Outras",3
"5333","Fem","Amarela",89,"Psicológica",2
"5334","Fem","Amarela",89,"Sexual",1
"5335","Fem","Amarela",89,"Tortura",0
"5336","Fem","Amarela",89,"Trabalho infantil",0
"5337","Fem","Amarela",89,"Tráfico",0
"5338","Fem","Amarela",90,"Física",2
"5339","Fem","Amarela",90,"Intervenção legal",0
"5340","Fem","Amarela",90,"Negligência",3
"5341","Fem","Amarela",90,"Outras",3
"5342","Fem","Amarela",90,"Psicológica",3
"5343","Fem","Amarela",90,"Sexual",0
"5344","Fem","Amarela",90,"Tortura",0
"5345","Fem","Amarela",90,"Trabalho infantil",0
"5346","Fem","Amarela",90,"Tráfico",0
"5347","Fem","Amarela",91,"Física",1
"5348","Fem","Amarela",91,"Intervenção legal",0
"5349","Fem","Amarela",91,"Negligência",4
"5350","Fem","Amarela",91,"Outras",2
"5351","Fem","Amarela",91,"Psicológica",0
"5352","Fem","Amarela",91,"Sexual",0
"5353","Fem","Amarela",91,"Tortura",0
"5354","Fem","Amarela",91,"Trabalho infantil",0
"5355","Fem","Amarela",91,"Tráfico",0
"5356","Fem","Amarela",92,"Física",3
"5357","Fem","Amarela",92,"Intervenção legal",0
"5358","Fem","Amarela",92,"Negligência",4
"5359","Fem","Amarela",92,"Outras",0
"5360","Fem","Amarela",92,"Psicológica",1
"5361","Fem","Amarela",92,"Sexual",1
"5362","Fem","Amarela",92,"Tortura",0
"5363","Fem","Amarela",92,"Trabalho infantil",0
"5364","Fem","Amarela",92,"Tráfico",0
"5365","Fem","Amarela",93,"Física",1
"5366","Fem","Amarela",93,"Intervenção legal",0
"5367","Fem","Amarela",93,"Negligência",3
"5368","Fem","Amarela",93,"Outras",0
"5369","Fem","Amarela",93,"Psicológica",1
"5370","Fem","Amarela",93,"Sexual",0
"5371","Fem","Amarela",93,"Tortura",0
"5372","Fem","Amarela",93,"Trabalho infantil",0
"5373","Fem","Amarela",93,"Tráfico",0
"5374","Fem","Amarela",94,"Física",3
"5375","Fem","Amarela",94,"Intervenção legal",0
"5376","Fem","Amarela",94,"Negligência",1
"5377","Fem","Amarela",94,"Outras",0
"5378","Fem","Amarela",94,"Psicológica",1
"5379","Fem","Amarela",94,"Sexual",0
"5380","Fem","Amarela",94,"Tortura",0
"5381","Fem","Amarela",94,"Trabalho infantil",0
"5382","Fem","Amarela",94,"Tráfico",0
"5383","Fem","Amarela",95,"Física",3
"5384","Fem","Amarela",95,"Intervenção legal",0
"5385","Fem","Amarela",95,"Negligência",7
"5386","Fem","Amarela",95,"Outras",2
"5387","Fem","Amarela",95,"Psicológica",3
"5388","Fem","Amarela",95,"Sexual",0
"5389","Fem","Amarela",95,"Tortura",1
"5390","Fem","Amarela",95,"Trabalho infantil",0
"5391","Fem","Amarela",95,"Tráfico",0
"5392","Fem","Amarela",96,"Física",1
"5393","Fem","Amarela",96,"Intervenção legal",0
"5394","Fem","Amarela",96,"Negligência",1
"5395","Fem","Amarela",96,"Outras",1
"5396","Fem","Amarela",96,"Psicológica",0
"5397","Fem","Amarela",96,"Sexual",0
"5398","Fem","Amarela",96,"Tortura",0
"5399","Fem","Amarela",96,"Trabalho infantil",0
"5400","Fem","Amarela",96,"Tráfico",0
"5401","Fem","Amarela",97,"Física",3
"5402","Fem","Amarela",97,"Intervenção legal",0
"5403","Fem","Amarela",97,"Negligência",2
"5404","Fem","Amarela",97,"Outras",1
"5405","Fem","Amarela",97,"Psicológica",0
"5406","Fem","Amarela",97,"Sexual",0
"5407","Fem","Amarela",97,"Tortura",0
"5408","Fem","Amarela",97,"Trabalho infantil",0
"5409","Fem","Amarela",97,"Tráfico",0
"5410","Masc","Parda",0,"Física",9
"5411","Masc","Parda",0,"Intervenção legal",0
"5412","Masc","Parda",0,"Negligência",47
"5413","Masc","Parda",0,"Outras",1
"5414","Masc","Parda",0,"Psicológica",5
"5415","Masc","Parda",0,"Sexual",3
"5416","Masc","Parda",0,"Tortura",0
"5417","Masc","Parda",0,"Trabalho infantil",0
"5418","Masc","Parda",0,"Tráfico",1
"5419","Masc","Parda",1,"Física",2246
"5420","Masc","Parda",1,"Intervenção legal",17
"5421","Masc","Parda",1,"Negligência",13028
"5422","Masc","Parda",1,"Outras",560
"5423","Masc","Parda",1,"Psicológica",583
"5424","Masc","Parda",1,"Sexual",483
"5425","Masc","Parda",1,"Tortura",106
"5426","Masc","Parda",1,"Trabalho infantil",53
"5427","Masc","Parda",1,"Tráfico",5
"5428","Masc","Parda",2,"Física",2165
"5429","Masc","Parda",2,"Intervenção legal",22
"5430","Masc","Parda",2,"Negligência",9467
"5431","Masc","Parda",2,"Outras",422
"5432","Masc","Parda",2,"Psicológica",741
"5433","Masc","Parda",2,"Sexual",1064
"5434","Masc","Parda",2,"Tortura",111
"5435","Masc","Parda",2,"Trabalho infantil",42
"5436","Masc","Parda",2,"Tráfico",4
"5437","Masc","Parda",3,"Física",2166
"5438","Masc","Parda",3,"Intervenção legal",12
"5439","Masc","Parda",3,"Negligência",7385
"5440","Masc","Parda",3,"Outras",392
"5441","Masc","Parda",3,"Psicológica",963
"5442","Masc","Parda",3,"Sexual",1589
"5443","Masc","Parda",3,"Tortura",113
"5444","Masc","Parda",3,"Trabalho infantil",65
"5445","Masc","Parda",3,"Tráfico",1
"5446","Masc","Parda",4,"Física",2372
"5447","Masc","Parda",4,"Intervenção legal",15
"5448","Masc","Parda",4,"Negligência",5679
"5449","Masc","Parda",4,"Outras",314
"5450","Masc","Parda",4,"Psicológica",1271
"5451","Masc","Parda",4,"Sexual",1823
"5452","Masc","Parda",4,"Tortura",128
"5453","Masc","Parda",4,"Trabalho infantil",50
"5454","Masc","Parda",4,"Tráfico",6
"5455","Masc","Parda",5,"Física",2242
"5456","Masc","Parda",5,"Intervenção legal",19
"5457","Masc","Parda",5,"Negligência",4626
"5458","Masc","Parda",5,"Outras",323
"5459","Masc","Parda",5,"Psicológica",1360
"5460","Masc","Parda",5,"Sexual",1837
"5461","Masc","Parda",5,"Tortura",144
"5462","Masc","Parda",5,"Trabalho infantil",49
"5463","Masc","Parda",5,"Tráfico",6
"5464","Masc","Parda",6,"Física",2499
"5465","Masc","Parda",6,"Intervenção legal",21
"5466","Masc","Parda",6,"Negligência",3932
"5467","Masc","Parda",6,"Outras",310
"5468","Masc","Parda",6,"Psicológica",1469
"5469","Masc","Parda",6,"Sexual",1816
"5470","Masc","Parda",6,"Tortura",146
"5471","Masc","Parda",6,"Trabalho infantil",76
"5472","Masc","Parda",6,"Tráfico",1
"5473","Masc","Parda",7,"Física",2619
"5474","Masc","Parda",7,"Intervenção legal",14
"5475","Masc","Parda",7,"Negligência",3537
"5476","Masc","Parda",7,"Outras",314
"5477","Masc","Parda",7,"Psicológica",1561
"5478","Masc","Parda",7,"Sexual",1664
"5479","Masc","Parda",7,"Tortura",140
"5480","Masc","Parda",7,"Trabalho infantil",69
"5481","Masc","Parda",7,"Tráfico",5
"5482","Masc","Parda",8,"Física",2549
"5483","Masc","Parda",8,"Intervenção legal",8
"5484","Masc","Parda",8,"Negligência",3161
"5485","Masc","Parda",8,"Outras",324
"5486","Masc","Parda",8,"Psicológica",1463
"5487","Masc","Parda",8,"Sexual",1482
"5488","Masc","Parda",8,"Tortura",139
"5489","Masc","Parda",8,"Trabalho infantil",109
"5490","Masc","Parda",8,"Tráfico",2
"5491","Masc","Parda",9,"Física",2810
"5492","Masc","Parda",9,"Intervenção legal",14
"5493","Masc","Parda",9,"Negligência",2989
"5494","Masc","Parda",9,"Outras",337
"5495","Masc","Parda",9,"Psicológica",1470
"5496","Masc","Parda",9,"Sexual",1324
"5497","Masc","Parda",9,"Tortura",151
"5498","Masc","Parda",9,"Trabalho infantil",142
"5499","Masc","Parda",9,"Tráfico",7
"5500","Masc","Parda",10,"Física",2952
"5501","Masc","Parda",10,"Intervenção legal",18
"5502","Masc","Parda",10,"Negligência",2636
"5503","Masc","Parda",10,"Outras",397
"5504","Masc","Parda",10,"Psicológica",1517
"5505","Masc","Parda",10,"Sexual",1155
"5506","Masc","Parda",10,"Tortura",160
"5507","Masc","Parda",10,"Trabalho infantil",207
"5508","Masc","Parda",10,"Tráfico",1
"5509","Masc","Parda",11,"Física",3457
"5510","Masc","Parda",11,"Intervenção legal",16
"5511","Masc","Parda",11,"Negligência",2505
"5512","Masc","Parda",11,"Outras",541
"5513","Masc","Parda",11,"Psicológica",1622
"5514","Masc","Parda",11,"Sexual",1080
"5515","Masc","Parda",11,"Tortura",148
"5516","Masc","Parda",11,"Trabalho infantil",274
"5517","Masc","Parda",11,"Tráfico",1
"5518","Masc","Parda",12,"Física",3868
"5519","Masc","Parda",12,"Intervenção legal",17
"5520","Masc","Parda",12,"Negligência",2400
"5521","Masc","Parda",12,"Outras",673
"5522","Masc","Parda",12,"Psicológica",1626
"5523","Masc","Parda",12,"Sexual",1048
"5524","Masc","Parda",12,"Tortura",160
"5525","Masc","Parda",12,"Trabalho infantil",348
"5526","Masc","Parda",12,"Tráfico",7
"5527","Masc","Parda",13,"Física",4776
"5528","Masc","Parda",13,"Intervenção legal",26
"5529","Masc","Parda",13,"Negligência",2188
"5530","Masc","Parda",13,"Outras",944
"5531","Masc","Parda",13,"Psicológica",1658
"5532","Masc","Parda",13,"Sexual",1110
"5533","Masc","Parda",13,"Tortura",184
"5534","Masc","Parda",13,"Trabalho infantil",383
"5535","Masc","Parda",13,"Tráfico",1
"5536","Masc","Parda",14,"Física",6167
"5537","Masc","Parda",14,"Intervenção legal",48
"5538","Masc","Parda",14,"Negligência",2176
"5539","Masc","Parda",14,"Outras",1471
"5540","Masc","Parda",14,"Psicológica",1600
"5541","Masc","Parda",14,"Sexual",762
"5542","Masc","Parda",14,"Tortura",177
"5543","Masc","Parda",14,"Trabalho infantil",404
"5544","Masc","Parda",14,"Tráfico",9
"5545","Masc","Parda",15,"Física",8601
"5546","Masc","Parda",15,"Intervenção legal",84
"5547","Masc","Parda",15,"Negligência",2335
"5548","Masc","Parda",15,"Outras",2092
"5549","Masc","Parda",15,"Psicológica",1663
"5550","Masc","Parda",15,"Sexual",549
"5551","Masc","Parda",15,"Tortura",224
"5552","Masc","Parda",15,"Trabalho infantil",381
"5553","Masc","Parda",15,"Tráfico",4
"5554","Masc","Parda",16,"Física",11660
"5555","Masc","Parda",16,"Intervenção legal",160
"5556","Masc","Parda",16,"Negligência",2406
"5557","Masc","Parda",16,"Outras",2784
"5558","Masc","Parda",16,"Psicológica",1790
"5559","Masc","Parda",16,"Sexual",437
"5560","Masc","Parda",16,"Tortura",254
"5561","Masc","Parda",16,"Trabalho infantil",357
"5562","Masc","Parda",16,"Tráfico",8
"5563","Masc","Parda",17,"Física",13862
"5564","Masc","Parda",17,"Intervenção legal",193
"5565","Masc","Parda",17,"Negligência",2449
"5566","Masc","Parda",17,"Outras",3157
"5567","Masc","Parda",17,"Psicológica",1824
"5568","Masc","Parda",17,"Sexual",368
"5569","Masc","Parda",17,"Tortura",293
"5570","Masc","Parda",17,"Trabalho infantil",207
"5571","Masc","Parda",17,"Tráfico",9
"5572","Masc","Parda",18,"Física",9886
"5573","Masc","Parda",18,"Intervenção legal",171
"5574","Masc","Parda",18,"Negligência",324
"5575","Masc","Parda",18,"Outras",2971
"5576","Masc","Parda",18,"Psicológica",1114
"5577","Masc","Parda",18,"Sexual",218
"5578","Masc","Parda",18,"Tortura",189
"5579","Masc","Parda",18,"Trabalho infantil",9
"5580","Masc","Parda",18,"Tráfico",3
"5581","Masc","Parda",19,"Física",9879
"5582","Masc","Parda",19,"Intervenção legal",139
"5583","Masc","Parda",19,"Negligência",264
"5584","Masc","Parda",19,"Outras",3219
"5585","Masc","Parda",19,"Psicológica",1065
"5586","Masc","Parda",19,"Sexual",191
"5587","Masc","Parda",19,"Tortura",203
"5588","Masc","Parda",19,"Trabalho infantil",0
"5589","Masc","Parda",19,"Tráfico",3
"5590","Masc","Parda",20,"Física",5324
"5591","Masc","Parda",20,"Intervenção legal",147
"5592","Masc","Parda",20,"Negligência",73
"5593","Masc","Parda",20,"Outras",3230
"5594","Masc","Parda",20,"Psicológica",761
"5595","Masc","Parda",20,"Sexual",176
"5596","Masc","Parda",20,"Tortura",173
"5597","Masc","Parda",20,"Trabalho infantil",4
"5598","Masc","Parda",20,"Tráfico",10
"5599","Masc","Parda",21,"Física",5449
"5600","Masc","Parda",21,"Intervenção legal",126
"5601","Masc","Parda",21,"Negligência",72
"5602","Masc","Parda",21,"Outras",3078
"5603","Masc","Parda",21,"Psicológica",789
"5604","Masc","Parda",21,"Sexual",148
"5605","Masc","Parda",21,"Tortura",171
"5606","Masc","Parda",21,"Trabalho infantil",0
"5607","Masc","Parda",21,"Tráfico",8
"5608","Masc","Parda",22,"Física",5705
"5609","Masc","Parda",22,"Intervenção legal",109
"5610","Masc","Parda",22,"Negligência",62
"5611","Masc","Parda",22,"Outras",3014
"5612","Masc","Parda",22,"Psicológica",793
"5613","Masc","Parda",22,"Sexual",147
"5614","Masc","Parda",22,"Tortura",185
"5615","Masc","Parda",22,"Trabalho infantil",0
"5616","Masc","Parda",22,"Tráfico",9
"5617","Masc","Parda",23,"Física",5631
"5618","Masc","Parda",23,"Intervenção legal",120
"5619","Masc","Parda",23,"Negligência",58
"5620","Masc","Parda",23,"Outras",2953
"5621","Masc","Parda",23,"Psicológica",790
"5622","Masc","Parda",23,"Sexual",155
"5623","Masc","Parda",23,"Tortura",157
"5624","Masc","Parda",23,"Trabalho infantil",0
"5625","Masc","Parda",23,"Tráfico",9
"5626","Masc","Parda",24,"Física",5647
"5627","Masc","Parda",24,"Intervenção legal",135
"5628","Masc","Parda",24,"Negligência",54
"5629","Masc","Parda",24,"Outras",2927
"5630","Masc","Parda",24,"Psicológica",845
"5631","Masc","Parda",24,"Sexual",145
"5632","Masc","Parda",24,"Tortura",185
"5633","Masc","Parda",24,"Trabalho infantil",1
"5634","Masc","Parda",24,"Tráfico",3
"5635","Masc","Parda",25,"Física",5450
"5636","Masc","Parda",25,"Intervenção legal",123
"5637","Masc","Parda",25,"Negligência",41
"5638","Masc","Parda",25,"Outras",2700
"5639","Masc","Parda",25,"Psicológica",729
"5640","Masc","Parda",25,"Sexual",131
"5641","Masc","Parda",25,"Tortura",165
"5642","Masc","Parda",25,"Trabalho infantil",0
"5643","Masc","Parda",25,"Tráfico",8
"5644","Masc","Parda",26,"Física",5172
"5645","Masc","Parda",26,"Intervenção legal",87
"5646","Masc","Parda",26,"Negligência",43
"5647","Masc","Parda",26,"Outras",2549
"5648","Masc","Parda",26,"Psicológica",741
"5649","Masc","Parda",26,"Sexual",120
"5650","Masc","Parda",26,"Tortura",153
"5651","Masc","Parda",26,"Trabalho infantil",0
"5652","Masc","Parda",26,"Tráfico",6
"5653","Masc","Parda",27,"Física",5191
"5654","Masc","Parda",27,"Intervenção legal",86
"5655","Masc","Parda",27,"Negligência",49
"5656","Masc","Parda",27,"Outras",2421
"5657","Masc","Parda",27,"Psicológica",723
"5658","Masc","Parda",27,"Sexual",115
"5659","Masc","Parda",27,"Tortura",147
"5660","Masc","Parda",27,"Trabalho infantil",1
"5661","Masc","Parda",27,"Tráfico",9
"5662","Masc","Parda",28,"Física",5242
"5663","Masc","Parda",28,"Intervenção legal",98
"5664","Masc","Parda",28,"Negligência",38
"5665","Masc","Parda",28,"Outras",2336
"5666","Masc","Parda",28,"Psicológica",709
"5667","Masc","Parda",28,"Sexual",98
"5668","Masc","Parda",28,"Tortura",165
"5669","Masc","Parda",28,"Trabalho infantil",0
"5670","Masc","Parda",28,"Tráfico",7
"5671","Masc","Parda",29,"Física",4971
"5672","Masc","Parda",29,"Intervenção legal",80
"5673","Masc","Parda",29,"Negligência",37
"5674","Masc","Parda",29,"Outras",2165
"5675","Masc","Parda",29,"Psicológica",705
"5676","Masc","Parda",29,"Sexual",103
"5677","Masc","Parda",29,"Tortura",131
"5678","Masc","Parda",29,"Trabalho infantil",4
"5679","Masc","Parda",29,"Tráfico",6
"5680","Masc","Parda",30,"Física",4848
"5681","Masc","Parda",30,"Intervenção legal",71
"5682","Masc","Parda",30,"Negligência",29
"5683","Masc","Parda",30,"Outras",2064
"5684","Masc","Parda",30,"Psicológica",686
"5685","Masc","Parda",30,"Sexual",74
"5686","Masc","Parda",30,"Tortura",143
"5687","Masc","Parda",30,"Trabalho infantil",1
"5688","Masc","Parda",30,"Tráfico",5
"5689","Masc","Parda",31,"Física",4677
"5690","Masc","Parda",31,"Intervenção legal",66
"5691","Masc","Parda",31,"Negligência",38
"5692","Masc","Parda",31,"Outras",1892
"5693","Masc","Parda",31,"Psicológica",641
"5694","Masc","Parda",31,"Sexual",69
"5695","Masc","Parda",31,"Tortura",146
"5696","Masc","Parda",31,"Trabalho infantil",1
"5697","Masc","Parda",31,"Tráfico",6
"5698","Masc","Parda",32,"Física",4760
"5699","Masc","Parda",32,"Intervenção legal",51
"5700","Masc","Parda",32,"Negligência",39
"5701","Masc","Parda",32,"Outras",1906
"5702","Masc","Parda",32,"Psicológica",643
"5703","Masc","Parda",32,"Sexual",55
"5704","Masc","Parda",32,"Tortura",135
"5705","Masc","Parda",32,"Trabalho infantil",1
"5706","Masc","Parda",32,"Tráfico",2
"5707","Masc","Parda",33,"Física",4524
"5708","Masc","Parda",33,"Intervenção legal",55
"5709","Masc","Parda",33,"Negligência",45
"5710","Masc","Parda",33,"Outras",1889
"5711","Masc","Parda",33,"Psicológica",613
"5712","Masc","Parda",33,"Sexual",56
"5713","Masc","Parda",33,"Tortura",143
"5714","Masc","Parda",33,"Trabalho infantil",0
"5715","Masc","Parda",33,"Tráfico",4
"5716","Masc","Parda",34,"Física",4509
"5717","Masc","Parda",34,"Intervenção legal",52
"5718","Masc","Parda",34,"Negligência",37
"5719","Masc","Parda",34,"Outras",1778
"5720","Masc","Parda",34,"Psicológica",659
"5721","Masc","Parda",34,"Sexual",67
"5722","Masc","Parda",34,"Tortura",136
"5723","Masc","Parda",34,"Trabalho infantil",1
"5724","Masc","Parda",34,"Tráfico",9
"5725","Masc","Parda",35,"Física",4400
"5726","Masc","Parda",35,"Intervenção legal",67
"5727","Masc","Parda",35,"Negligência",40
"5728","Masc","Parda",35,"Outras",1686
"5729","Masc","Parda",35,"Psicológica",648
"5730","Masc","Parda",35,"Sexual",46
"5731","Masc","Parda",35,"Tortura",140
"5732","Masc","Parda",35,"Trabalho infantil",0
"5733","Masc","Parda",35,"Tráfico",3
"5734","Masc","Parda",36,"Física",4334
"5735","Masc","Parda",36,"Intervenção legal",54
"5736","Masc","Parda",36,"Negligência",35
"5737","Masc","Parda",36,"Outras",1620
"5738","Masc","Parda",36,"Psicológica",640
"5739","Masc","Parda",36,"Sexual",50
"5740","Masc","Parda",36,"Tortura",117
"5741","Masc","Parda",36,"Trabalho infantil",1
"5742","Masc","Parda",36,"Tráfico",6
"5743","Masc","Parda",37,"Física",4184
"5744","Masc","Parda",37,"Intervenção legal",44
"5745","Masc","Parda",37,"Negligência",48
"5746","Masc","Parda",37,"Outras",1513
"5747","Masc","Parda",37,"Psicológica",612
"5748","Masc","Parda",37,"Sexual",42
"5749","Masc","Parda",37,"Tortura",113
"5750","Masc","Parda",37,"Trabalho infantil",1
"5751","Masc","Parda",37,"Tráfico",3
"5752","Masc","Parda",38,"Física",4046
"5753","Masc","Parda",38,"Intervenção legal",46
"5754","Masc","Parda",38,"Negligência",41
"5755","Masc","Parda",38,"Outras",1503
"5756","Masc","Parda",38,"Psicológica",575
"5757","Masc","Parda",38,"Sexual",45
"5758","Masc","Parda",38,"Tortura",118
"5759","Masc","Parda",38,"Trabalho infantil",1
"5760","Masc","Parda",38,"Tráfico",4
"5761","Masc","Parda",39,"Física",3866
"5762","Masc","Parda",39,"Intervenção legal",37
"5763","Masc","Parda",39,"Negligência",38
"5764","Masc","Parda",39,"Outras",1378
"5765","Masc","Parda",39,"Psicológica",548
"5766","Masc","Parda",39,"Sexual",39
"5767","Masc","Parda",39,"Tortura",123
"5768","Masc","Parda",39,"Trabalho infantil",0
"5769","Masc","Parda",39,"Tráfico",5
"5770","Masc","Parda",40,"Física",3766
"5771","Masc","Parda",40,"Intervenção legal",34
"5772","Masc","Parda",40,"Negligência",45
"5773","Masc","Parda",40,"Outras",1378
"5774","Masc","Parda",40,"Psicológica",543
"5775","Masc","Parda",40,"Sexual",40
"5776","Masc","Parda",40,"Tortura",107
"5777","Masc","Parda",40,"Trabalho infantil",0
"5778","Masc","Parda",40,"Tráfico",2
"5779","Masc","Parda",41,"Física",3657
"5780","Masc","Parda",41,"Intervenção legal",36
"5781","Masc","Parda",41,"Negligência",40
"5782","Masc","Parda",41,"Outras",1304
"5783","Masc","Parda",41,"Psicológica",555
"5784","Masc","Parda",41,"Sexual",40
"5785","Masc","Parda",41,"Tortura",115
"5786","Masc","Parda",41,"Trabalho infantil",1
"5787","Masc","Parda",41,"Tráfico",3
"5788","Masc","Parda",42,"Física",3409
"5789","Masc","Parda",42,"Intervenção legal",38
"5790","Masc","Parda",42,"Negligência",45
"5791","Masc","Parda",42,"Outras",1248
"5792","Masc","Parda",42,"Psicológica",509
"5793","Masc","Parda",42,"Sexual",31
"5794","Masc","Parda",42,"Tortura",112
"5795","Masc","Parda",42,"Trabalho infantil",0
"5796","Masc","Parda",42,"Tráfico",1
"5797","Masc","Parda",43,"Física",3169
"5798","Masc","Parda",43,"Intervenção legal",27
"5799","Masc","Parda",43,"Negligência",42
"5800","Masc","Parda",43,"Outras",1106
"5801","Masc","Parda",43,"Psicológica",475
"5802","Masc","Parda",43,"Sexual",25
"5803","Masc","Parda",43,"Tortura",86
"5804","Masc","Parda",43,"Trabalho infantil",0
"5805","Masc","Parda",43,"Tráfico",4
"5806","Masc","Parda",44,"Física",2995
"5807","Masc","Parda",44,"Intervenção legal",22
"5808","Masc","Parda",44,"Negligência",56
"5809","Masc","Parda",44,"Outras",1096
"5810","Masc","Parda",44,"Psicológica",445
"5811","Masc","Parda",44,"Sexual",21
"5812","Masc","Parda",44,"Tortura",71
"5813","Masc","Parda",44,"Trabalho infantil",1
"5814","Masc","Parda",44,"Tráfico",4
"5815","Masc","Parda",45,"Física",2937
"5816","Masc","Parda",45,"Intervenção legal",20
"5817","Masc","Parda",45,"Negligência",52
"5818","Masc","Parda",45,"Outras",992
"5819","Masc","Parda",45,"Psicológica",438
"5820","Masc","Parda",45,"Sexual",29
"5821","Masc","Parda",45,"Tortura",82
"5822","Masc","Parda",45,"Trabalho infantil",1
"5823","Masc","Parda",45,"Tráfico",1
"5824","Masc","Parda",46,"Física",2626
"5825","Masc","Parda",46,"Intervenção legal",15
"5826","Masc","Parda",46,"Negligência",46
"5827","Masc","Parda",46,"Outras",904
"5828","Masc","Parda",46,"Psicológica",395
"5829","Masc","Parda",46,"Sexual",34
"5830","Masc","Parda",46,"Tortura",80
"5831","Masc","Parda",46,"Trabalho infantil",0
"5832","Masc","Parda",46,"Tráfico",2
"5833","Masc","Parda",47,"Física",2532
"5834","Masc","Parda",47,"Intervenção legal",11
"5835","Masc","Parda",47,"Negligência",37
"5836","Masc","Parda",47,"Outras",848
"5837","Masc","Parda",47,"Psicológica",395
"5838","Masc","Parda",47,"Sexual",23
"5839","Masc","Parda",47,"Tortura",86
"5840","Masc","Parda",47,"Trabalho infantil",0
"5841","Masc","Parda",47,"Tráfico",1
"5842","Masc","Parda",48,"Física",2320
"5843","Masc","Parda",48,"Intervenção legal",21
"5844","Masc","Parda",48,"Negligência",52
"5845","Masc","Parda",48,"Outras",730
"5846","Masc","Parda",48,"Psicológica",340
"5847","Masc","Parda",48,"Sexual",28
"5848","Masc","Parda",48,"Tortura",68
"5849","Masc","Parda",48,"Trabalho infantil",1
"5850","Masc","Parda",48,"Tráfico",2
"5851","Masc","Parda",49,"Física",2130
"5852","Masc","Parda",49,"Intervenção legal",13
"5853","Masc","Parda",49,"Negligência",41
"5854","Masc","Parda",49,"Outras",682
"5855","Masc","Parda",49,"Psicológica",306
"5856","Masc","Parda",49,"Sexual",20
"5857","Masc","Parda",49,"Tortura",48
"5858","Masc","Parda",49,"Trabalho infantil",0
"5859","Masc","Parda",49,"Tráfico",1
"5860","Masc","Parda",50,"Física",2030
"5861","Masc","Parda",50,"Intervenção legal",14
"5862","Masc","Parda",50,"Negligência",56
"5863","Masc","Parda",50,"Outras",644
"5864","Masc","Parda",50,"Psicológica",309
"5865","Masc","Parda",50,"Sexual",16
"5866","Masc","Parda",50,"Tortura",59
"5867","Masc","Parda",50,"Trabalho infantil",1
"5868","Masc","Parda",50,"Tráfico",2
"5869","Masc","Parda",51,"Física",1965
"5870","Masc","Parda",51,"Intervenção legal",9
"5871","Masc","Parda",51,"Negligência",61
"5872","Masc","Parda",51,"Outras",631
"5873","Masc","Parda",51,"Psicológica",319
"5874","Masc","Parda",51,"Sexual",22
"5875","Masc","Parda",51,"Tortura",75
"5876","Masc","Parda",51,"Trabalho infantil",0
"5877","Masc","Parda",51,"Tráfico",3
"5878","Masc","Parda",52,"Física",1782
"5879","Masc","Parda",52,"Intervenção legal",15
"5880","Masc","Parda",52,"Negligência",66
"5881","Masc","Parda",52,"Outras",607
"5882","Masc","Parda",52,"Psicológica",270
"5883","Masc","Parda",52,"Sexual",12
"5884","Masc","Parda",52,"Tortura",63
"5885","Masc","Parda",52,"Trabalho infantil",0
"5886","Masc","Parda",52,"Tráfico",0
"5887","Masc","Parda",53,"Física",1682
"5888","Masc","Parda",53,"Intervenção legal",16
"5889","Masc","Parda",53,"Negligência",54
"5890","Masc","Parda",53,"Outras",568
"5891","Masc","Parda",53,"Psicológica",276
"5892","Masc","Parda",53,"Sexual",21
"5893","Masc","Parda",53,"Tortura",50
"5894","Masc","Parda",53,"Trabalho infantil",0
"5895","Masc","Parda",53,"Tráfico",0
"5896","Masc","Parda",54,"Física",1450
"5897","Masc","Parda",54,"Intervenção legal",12
"5898","Masc","Parda",54,"Negligência",65
"5899","Masc","Parda",54,"Outras",524
"5900","Masc","Parda",54,"Psicológica",242
"5901","Masc","Parda",54,"Sexual",19
"5902","Masc","Parda",54,"Tortura",52
"5903","Masc","Parda",54,"Trabalho infantil",2
"5904","Masc","Parda",54,"Tráfico",1
"5905","Masc","Parda",55,"Física",1433
"5906","Masc","Parda",55,"Intervenção legal",11
"5907","Masc","Parda",55,"Negligência",67
"5908","Masc","Parda",55,"Outras",399
"5909","Masc","Parda",55,"Psicológica",240
"5910","Masc","Parda",55,"Sexual",10
"5911","Masc","Parda",55,"Tortura",48
"5912","Masc","Parda",55,"Trabalho infantil",0
"5913","Masc","Parda",55,"Tráfico",0
"5914","Masc","Parda",56,"Física",1343
"5915","Masc","Parda",56,"Intervenção legal",12
"5916","Masc","Parda",56,"Negligência",79
"5917","Masc","Parda",56,"Outras",412
"5918","Masc","Parda",56,"Psicológica",229
"5919","Masc","Parda",56,"Sexual",12
"5920","Masc","Parda",56,"Tortura",41
"5921","Masc","Parda",56,"Trabalho infantil",0
"5922","Masc","Parda",56,"Tráfico",1
"5923","Masc","Parda",57,"Física",1285
"5924","Masc","Parda",57,"Intervenção legal",11
"5925","Masc","Parda",57,"Negligência",78
"5926","Masc","Parda",57,"Outras",392
"5927","Masc","Parda",57,"Psicológica",224
"5928","Masc","Parda",57,"Sexual",16
"5929","Masc","Parda",57,"Tortura",53
"5930","Masc","Parda",57,"Trabalho infantil",0
"5931","Masc","Parda",57,"Tráfico",2
"5932","Masc","Parda",58,"Física",1195
"5933","Masc","Parda",58,"Intervenção legal",5
"5934","Masc","Parda",58,"Negligência",72
"5935","Masc","Parda",58,"Outras",371
"5936","Masc","Parda",58,"Psicológica",205
"5937","Masc","Parda",58,"Sexual",17
"5938","Masc","Parda",58,"Tortura",43
"5939","Masc","Parda",58,"Trabalho infantil",0
"5940","Masc","Parda",58,"Tráfico",0
"5941","Masc","Parda",59,"Física",1062
"5942","Masc","Parda",59,"Intervenção legal",9
"5943","Masc","Parda",59,"Negligência",111
"5944","Masc","Parda",59,"Outras",312
"5945","Masc","Parda",59,"Psicológica",201
"5946","Masc","Parda",59,"Sexual",9
"5947","Masc","Parda",59,"Tortura",41
"5948","Masc","Parda",59,"Trabalho infantil",0
"5949","Masc","Parda",59,"Tráfico",1
"5950","Masc","Parda",60,"Física",2235
"5951","Masc","Parda",60,"Intervenção legal",7
"5952","Masc","Parda",60,"Negligência",424
"5953","Masc","Parda",60,"Outras",371
"5954","Masc","Parda",60,"Psicológica",350
"5955","Masc","Parda",60,"Sexual",15
"5956","Masc","Parda",60,"Tortura",54
"5957","Masc","Parda",60,"Trabalho infantil",2
"5958","Masc","Parda",60,"Tráfico",1
"5959","Masc","Parda",61,"Física",2103
"5960","Masc","Parda",61,"Intervenção legal",7
"5961","Masc","Parda",61,"Negligência",485
"5962","Masc","Parda",61,"Outras",333
"5963","Masc","Parda",61,"Psicológica",320
"5964","Masc","Parda",61,"Sexual",12
"5965","Masc","Parda",61,"Tortura",44
"5966","Masc","Parda",61,"Trabalho infantil",0
"5967","Masc","Parda",61,"Tráfico",0
"5968","Masc","Parda",62,"Física",1964
"5969","Masc","Parda",62,"Intervenção legal",2
"5970","Masc","Parda",62,"Negligência",491
"5971","Masc","Parda",62,"Outras",310
"5972","Masc","Parda",62,"Psicológica",310
"5973","Masc","Parda",62,"Sexual",10
"5974","Masc","Parda",62,"Tortura",52
"5975","Masc","Parda",62,"Trabalho infantil",1
"5976","Masc","Parda",62,"Tráfico",3
"5977","Masc","Parda",63,"Física",1817
"5978","Masc","Parda",63,"Intervenção legal",6
"5979","Masc","Parda",63,"Negligência",451
"5980","Masc","Parda",63,"Outras",296
"5981","Masc","Parda",63,"Psicológica",303
"5982","Masc","Parda",63,"Sexual",7
"5983","Masc","Parda",63,"Tortura",45
"5984","Masc","Parda",63,"Trabalho infantil",0
"5985","Masc","Parda",63,"Tráfico",1
"5986","Masc","Parda",64,"Física",1706
"5987","Masc","Parda",64,"Intervenção legal",6
"5988","Masc","Parda",64,"Negligência",509
"5989","Masc","Parda",64,"Outras",290
"5990","Masc","Parda",64,"Psicológica",301
"5991","Masc","Parda",64,"Sexual",3
"5992","Masc","Parda",64,"Tortura",59
"5993","Masc","Parda",64,"Trabalho infantil",0
"5994","Masc","Parda",64,"Tráfico",1
"5995","Masc","Parda",65,"Física",1509
"5996","Masc","Parda",65,"Intervenção legal",3
"5997","Masc","Parda",65,"Negligência",519
"5998","Masc","Parda",65,"Outras",247
"5999","Masc","Parda",65,"Psicológica",266
"6000","Masc","Parda",65,"Sexual",11
"6001","Masc","Parda",65,"Tortura",30
"6002","Masc","Parda",65,"Trabalho infantil",0
"6003","Masc","Parda",65,"Tráfico",1
"6004","Masc","Parda",66,"Física",1393
"6005","Masc","Parda",66,"Intervenção legal",4
"6006","Masc","Parda",66,"Negligência",548
"6007","Masc","Parda",66,"Outras",256
"6008","Masc","Parda",66,"Psicológica",275
"6009","Masc","Parda",66,"Sexual",10
"6010","Masc","Parda",66,"Tortura",38
"6011","Masc","Parda",66,"Trabalho infantil",0
"6012","Masc","Parda",66,"Tráfico",3
"6013","Masc","Parda",67,"Física",1251
"6014","Masc","Parda",67,"Intervenção legal",4
"6015","Masc","Parda",67,"Negligência",535
"6016","Masc","Parda",67,"Outras",230
"6017","Masc","Parda",67,"Psicológica",254
"6018","Masc","Parda",67,"Sexual",6
"6019","Masc","Parda",67,"Tortura",35
"6020","Masc","Parda",67,"Trabalho infantil",0
"6021","Masc","Parda",67,"Tráfico",1
"6022","Masc","Parda",68,"Física",1170
"6023","Masc","Parda",68,"Intervenção legal",6
"6024","Masc","Parda",68,"Negligência",514
"6025","Masc","Parda",68,"Outras",250
"6026","Masc","Parda",68,"Psicológica",221
"6027","Masc","Parda",68,"Sexual",10
"6028","Masc","Parda",68,"Tortura",30
"6029","Masc","Parda",68,"Trabalho infantil",2
"6030","Masc","Parda",68,"Tráfico",2
"6031","Masc","Parda",69,"Física",1107
"6032","Masc","Parda",69,"Intervenção legal",4
"6033","Masc","Parda",69,"Negligência",501
"6034","Masc","Parda",69,"Outras",215
"6035","Masc","Parda",69,"Psicológica",199
"6036","Masc","Parda",69,"Sexual",5
"6037","Masc","Parda",69,"Tortura",36
"6038","Masc","Parda",69,"Trabalho infantil",1
"6039","Masc","Parda",69,"Tráfico",2
"6040","Masc","Parda",70,"Física",980
"6041","Masc","Parda",70,"Intervenção legal",2
"6042","Masc","Parda",70,"Negligência",618
"6043","Masc","Parda",70,"Outras",214
"6044","Masc","Parda",70,"Psicológica",218
"6045","Masc","Parda",70,"Sexual",4
"6046","Masc","Parda",70,"Tortura",36
"6047","Masc","Parda",70,"Trabalho infantil",0
"6048","Masc","Parda",70,"Tráfico",0
"6049","Masc","Parda",71,"Física",863
"6050","Masc","Parda",71,"Intervenção legal",3
"6051","Masc","Parda",71,"Negligência",576
"6052","Masc","Parda",71,"Outras",161
"6053","Masc","Parda",71,"Psicológica",188
"6054","Masc","Parda",71,"Sexual",7
"6055","Masc","Parda",71,"Tortura",32
"6056","Masc","Parda",71,"Trabalho infantil",0
"6057","Masc","Parda",71,"Tráfico",0
"6058","Masc","Parda",72,"Física",780
"6059","Masc","Parda",72,"Intervenção legal",2
"6060","Masc","Parda",72,"Negligência",541
"6061","Masc","Parda",72,"Outras",155
"6062","Masc","Parda",72,"Psicológica",186
"6063","Masc","Parda",72,"Sexual",6
"6064","Masc","Parda",72,"Tortura",36
"6065","Masc","Parda",72,"Trabalho infantil",0
"6066","Masc","Parda",72,"Tráfico",0
"6067","Masc","Parda",73,"Física",745
"6068","Masc","Parda",73,"Intervenção legal",2
"6069","Masc","Parda",73,"Negligência",528
"6070","Masc","Parda",73,"Outras",167
"6071","Masc","Parda",73,"Psicológica",151
"6072","Masc","Parda",73,"Sexual",4
"6073","Masc","Parda",73,"Tortura",35
"6074","Masc","Parda",73,"Trabalho infantil",0
"6075","Masc","Parda",73,"Tráfico",0
"6076","Masc","Parda",74,"Física",674
"6077","Masc","Parda",74,"Intervenção legal",5
"6078","Masc","Parda",74,"Negligência",519
"6079","Masc","Parda",74,"Outras",162
"6080","Masc","Parda",74,"Psicológica",172
"6081","Masc","Parda",74,"Sexual",3
"6082","Masc","Parda",74,"Tortura",35
"6083","Masc","Parda",74,"Trabalho infantil",0
"6084","Masc","Parda",74,"Tráfico",0
"6085","Masc","Parda",75,"Física",592
"6086","Masc","Parda",75,"Intervenção legal",2
"6087","Masc","Parda",75,"Negligência",516
"6088","Masc","Parda",75,"Outras",149
"6089","Masc","Parda",75,"Psicológica",151
"6090","Masc","Parda",75,"Sexual",6
"6091","Masc","Parda",75,"Tortura",22
"6092","Masc","Parda",75,"Trabalho infantil",0
"6093","Masc","Parda",75,"Tráfico",0
"6094","Masc","Parda",76,"Física",557
"6095","Masc","Parda",76,"Intervenção legal",2
"6096","Masc","Parda",76,"Negligência",529
"6097","Masc","Parda",76,"Outras",162
"6098","Masc","Parda",76,"Psicológica",146
"6099","Masc","Parda",76,"Sexual",5
"6100","Masc","Parda",76,"Tortura",24
"6101","Masc","Parda",76,"Trabalho infantil",0
"6102","Masc","Parda",76,"Tráfico",0
"6103","Masc","Parda",77,"Física",527
"6104","Masc","Parda",77,"Intervenção legal",3
"6105","Masc","Parda",77,"Negligência",487
"6106","Masc","Parda",77,"Outras",126
"6107","Masc","Parda",77,"Psicológica",141
"6108","Masc","Parda",77,"Sexual",3
"6109","Masc","Parda",77,"Tortura",27
"6110","Masc","Parda",77,"Trabalho infantil",0
"6111","Masc","Parda",77,"Tráfico",1
"6112","Masc","Parda",78,"Física",484
"6113","Masc","Parda",78,"Intervenção legal",2
"6114","Masc","Parda",78,"Negligência",507
"6115","Masc","Parda",78,"Outras",100
"6116","Masc","Parda",78,"Psicológica",122
"6117","Masc","Parda",78,"Sexual",2
"6118","Masc","Parda",78,"Tortura",22
"6119","Masc","Parda",78,"Trabalho infantil",1
"6120","Masc","Parda",78,"Tráfico",0
"6121","Masc","Parda",79,"Física",416
"6122","Masc","Parda",79,"Intervenção legal",2
"6123","Masc","Parda",79,"Negligência",450
"6124","Masc","Parda",79,"Outras",128
"6125","Masc","Parda",79,"Psicológica",107
"6126","Masc","Parda",79,"Sexual",0
"6127","Masc","Parda",79,"Tortura",20
"6128","Masc","Parda",79,"Trabalho infantil",2
"6129","Masc","Parda",79,"Tráfico",1
"6130","Masc","Parda",80,"Física",378
"6131","Masc","Parda",80,"Intervenção legal",0
"6132","Masc","Parda",80,"Negligência",470
"6133","Masc","Parda",80,"Outras",122
"6134","Masc","Parda",80,"Psicológica",103
"6135","Masc","Parda",80,"Sexual",0
"6136","Masc","Parda",80,"Tortura",18
"6137","Masc","Parda",80,"Trabalho infantil",0
"6138","Masc","Parda",80,"Tráfico",0
"6139","Masc","Parda",81,"Física",357
"6140","Masc","Parda",81,"Intervenção legal",1
"6141","Masc","Parda",81,"Negligência",423
"6142","Masc","Parda",81,"Outras",96
"6143","Masc","Parda",81,"Psicológica",101
"6144","Masc","Parda",81,"Sexual",2
"6145","Masc","Parda",81,"Tortura",16
"6146","Masc","Parda",81,"Trabalho infantil",0
"6147","Masc","Parda",81,"Tráfico",1
"6148","Masc","Parda",82,"Física",308
"6149","Masc","Parda",82,"Intervenção legal",1
"6150","Masc","Parda",82,"Negligência",381
"6151","Masc","Parda",82,"Outras",72
"6152","Masc","Parda",82,"Psicológica",82
"6153","Masc","Parda",82,"Sexual",3
"6154","Masc","Parda",82,"Tortura",19
"6155","Masc","Parda",82,"Trabalho infantil",0
"6156","Masc","Parda",82,"Tráfico",0
"6157","Masc","Parda",83,"Física",246
"6158","Masc","Parda",83,"Intervenção legal",1
"6159","Masc","Parda",83,"Negligência",371
"6160","Masc","Parda",83,"Outras",87
"6161","Masc","Parda",83,"Psicológica",70
"6162","Masc","Parda",83,"Sexual",8
"6163","Masc","Parda",83,"Tortura",12
"6164","Masc","Parda",83,"Trabalho infantil",1
"6165","Masc","Parda",83,"Tráfico",2
"6166","Masc","Parda",84,"Física",187
"6167","Masc","Parda",84,"Intervenção legal",1
"6168","Masc","Parda",84,"Negligência",347
"6169","Masc","Parda",84,"Outras",84
"6170","Masc","Parda",84,"Psicológica",70
"6171","Masc","Parda",84,"Sexual",3
"6172","Masc","Parda",84,"Tortura",16
"6173","Masc","Parda",84,"Trabalho infantil",1
"6174","Masc","Parda",84,"Tráfico",0
"6175","Masc","Parda",85,"Física",198
"6176","Masc","Parda",85,"Intervenção legal",0
"6177","Masc","Parda",85,"Negligência",311
"6178","Masc","Parda",85,"Outras",67
"6179","Masc","Parda",85,"Psicológica",69
"6180","Masc","Parda",85,"Sexual",0
"6181","Masc","Parda",85,"Tortura",9
"6182","Masc","Parda",85,"Trabalho infantil",0
"6183","Masc","Parda",85,"Tráfico",0
"6184","Masc","Parda",86,"Física",130
"6185","Masc","Parda",86,"Intervenção legal",0
"6186","Masc","Parda",86,"Negligência",248
"6187","Masc","Parda",86,"Outras",50
"6188","Masc","Parda",86,"Psicológica",49
"6189","Masc","Parda",86,"Sexual",1
"6190","Masc","Parda",86,"Tortura",9
"6191","Masc","Parda",86,"Trabalho infantil",0
"6192","Masc","Parda",86,"Tráfico",0
"6193","Masc","Parda",87,"Física",130
"6194","Masc","Parda",87,"Intervenção legal",1
"6195","Masc","Parda",87,"Negligência",266
"6196","Masc","Parda",87,"Outras",47
"6197","Masc","Parda",87,"Psicológica",56
"6198","Masc","Parda",87,"Sexual",1
"6199","Masc","Parda",87,"Tortura",14
"6200","Masc","Parda",87,"Trabalho infantil",0
"6201","Masc","Parda",87,"Tráfico",0
"6202","Masc","Parda",88,"Física",100
"6203","Masc","Parda",88,"Intervenção legal",0
"6204","Masc","Parda",88,"Negligência",232
"6205","Masc","Parda",88,"Outras",43
"6206","Masc","Parda",88,"Psicológica",36
"6207","Masc","Parda",88,"Sexual",1
"6208","Masc","Parda",88,"Tortura",13
"6209","Masc","Parda",88,"Trabalho infantil",0
"6210","Masc","Parda",88,"Tráfico",0
"6211","Masc","Parda",89,"Física",73
"6212","Masc","Parda",89,"Intervenção legal",0
"6213","Masc","Parda",89,"Negligência",180
"6214","Masc","Parda",89,"Outras",25
"6215","Masc","Parda",89,"Psicológica",32
"6216","Masc","Parda",89,"Sexual",0
"6217","Masc","Parda",89,"Tortura",4
"6218","Masc","Parda",89,"Trabalho infantil",0
"6219","Masc","Parda",89,"Tráfico",0
"6220","Masc","Parda",90,"Física",80
"6221","Masc","Parda",90,"Intervenção legal",1
"6222","Masc","Parda",90,"Negligência",158
"6223","Masc","Parda",90,"Outras",37
"6224","Masc","Parda",90,"Psicológica",26
"6225","Masc","Parda",90,"Sexual",0
"6226","Masc","Parda",90,"Tortura",5
"6227","Masc","Parda",90,"Trabalho infantil",0
"6228","Masc","Parda",90,"Tráfico",0
"6229","Masc","Parda",91,"Física",63
"6230","Masc","Parda",91,"Intervenção legal",0
"6231","Masc","Parda",91,"Negligência",134
"6232","Masc","Parda",91,"Outras",22
"6233","Masc","Parda",91,"Psicológica",22
"6234","Masc","Parda",91,"Sexual",0
"6235","Masc","Parda",91,"Tortura",4
"6236","Masc","Parda",91,"Trabalho infantil",0
"6237","Masc","Parda",91,"Tráfico",0
"6238","Masc","Parda",92,"Física",51
"6239","Masc","Parda",92,"Intervenção legal",0
"6240","Masc","Parda",92,"Negligência",137
"6241","Masc","Parda",92,"Outras",18
"6242","Masc","Parda",92,"Psicológica",25
"6243","Masc","Parda",92,"Sexual",2
"6244","Masc","Parda",92,"Tortura",5
"6245","Masc","Parda",92,"Trabalho infantil",0
"6246","Masc","Parda",92,"Tráfico",0
"6247","Masc","Parda",93,"Física",36
"6248","Masc","Parda",93,"Intervenção legal",1
"6249","Masc","Parda",93,"Negligência",97
"6250","Masc","Parda",93,"Outras",10
"6251","Masc","Parda",93,"Psicológica",13
"6252","Masc","Parda",93,"Sexual",1
"6253","Masc","Parda",93,"Tortura",4
"6254","Masc","Parda",93,"Trabalho infantil",0
"6255","Masc","Parda",93,"Tráfico",0
"6256","Masc","Parda",94,"Física",25
"6257","Masc","Parda",94,"Intervenção legal",0
"6258","Masc","Parda",94,"Negligência",86
"6259","Masc","Parda",94,"Outras",10
"6260","Masc","Parda",94,"Psicológica",11
"6261","Masc","Parda",94,"Sexual",0
"6262","Masc","Parda",94,"Tortura",1
"6263","Masc","Parda",94,"Trabalho infantil",0
"6264","Masc","Parda",94,"Tráfico",0
"6265","Masc","Parda",95,"Física",27
"6266","Masc","Parda",95,"Intervenção legal",0
"6267","Masc","Parda",95,"Negligência",60
"6268","Masc","Parda",95,"Outras",7
"6269","Masc","Parda",95,"Psicológica",11
"6270","Masc","Parda",95,"Sexual",0
"6271","Masc","Parda",95,"Tortura",1
"6272","Masc","Parda",95,"Trabalho infantil",0
"6273","Masc","Parda",95,"Tráfico",0
"6274","Masc","Parda",96,"Física",16
"6275","Masc","Parda",96,"Intervenção legal",0
"6276","Masc","Parda",96,"Negligência",40
"6277","Masc","Parda",96,"Outras",7
"6278","Masc","Parda",96,"Psicológica",8
"6279","Masc","Parda",96,"Sexual",0
"6280","Masc","Parda",96,"Tortura",1
"6281","Masc","Parda",96,"Trabalho infantil",0
"6282","Masc","Parda",96,"Tráfico",0
"6283","Masc","Parda",97,"Física",18
"6284","Masc","Parda",97,"Intervenção legal",0
"6285","Masc","Parda",97,"Negligência",33
"6286","Masc","Parda",97,"Outras",5
"6287","Masc","Parda",97,"Psicológica",10
"6288","Masc","Parda",97,"Sexual",0
"6289","Masc","Parda",97,"Tortura",2
"6290","Masc","Parda",97,"Trabalho infantil",0
"6291","Masc","Parda",97,"Tráfico",0
"6292","Masc","Parda",98,"Física",11
"6293","Masc","Parda",98,"Intervenção legal",0
"6294","Masc","Parda",98,"Negligência",25
"6295","Masc","Parda",98,"Outras",7
"6296","Masc","Parda",98,"Psicológica",5
"6297","Masc","Parda",98,"Sexual",0
"6298","Masc","Parda",98,"Tortura",2
"6299","Masc","Parda",98,"Trabalho infantil",0
"6300","Masc","Parda",98,"Tráfico",0
"6301","Masc","Parda",99,"Física",9
"6302","Masc","Parda",99,"Intervenção legal",0
"6303","Masc","Parda",99,"Negligência",16
"6304","Masc","Parda",99,"Outras",2
"6305","Masc","Parda",99,"Psicológica",3
"6306","Masc","Parda",99,"Sexual",0
"6307","Masc","Parda",99,"Tortura",0
"6308","Masc","Parda",99,"Trabalho infantil",0
"6309","Masc","Parda",99,"Tráfico",0
"6310","Masc","Parda",100,"Física",7
"6311","Masc","Parda",100,"Intervenção legal",0
"6312","Masc","Parda",100,"Negligência",8
"6313","Masc","Parda",100,"Outras",1
"6314","Masc","Parda",100,"Psicológica",1
"6315","Masc","Parda",100,"Sexual",0
"6316","Masc","Parda",100,"Tortura",0
"6317","Masc","Parda",100,"Trabalho infantil",0
"6318","Masc","Parda",100,"Tráfico",0
"6319","Masc","Branca",0,"Física",3
"6320","Masc","Branca",0,"Intervenção legal",0
"6321","Masc","Branca",0,"Negligência",16
"6322","Masc","Branca",0,"Outras",3
"6323","Masc","Branca",0,"Psicológica",1
"6324","Masc","Branca",0,"Sexual",0
"6325","Masc","Branca",0,"Tortura",1
"6326","Masc","Branca",0,"Trabalho infantil",0
"6327","Masc","Branca",0,"Tráfico",0
"6328","Masc","Branca",1,"Física",1851
"6329","Masc","Branca",1,"Intervenção legal",6
"6330","Masc","Branca",1,"Negligência",10626
"6331","Masc","Branca",1,"Outras",360
"6332","Masc","Branca",1,"Psicológica",534
"6333","Masc","Branca",1,"Sexual",438
"6334","Masc","Branca",1,"Tortura",73
"6335","Masc","Branca",1,"Trabalho infantil",37
"6336","Masc","Branca",1,"Tráfico",6
"6337","Masc","Branca",2,"Física",1722
"6338","Masc","Branca",2,"Intervenção legal",9
"6339","Masc","Branca",2,"Negligência",6558
"6340","Masc","Branca",2,"Outras",258
"6341","Masc","Branca",2,"Psicológica",703
"6342","Masc","Branca",2,"Sexual",1028
"6343","Masc","Branca",2,"Tortura",74
"6344","Masc","Branca",2,"Trabalho infantil",21
"6345","Masc","Branca",2,"Tráfico",2
"6346","Masc","Branca",3,"Física",1909
"6347","Masc","Branca",3,"Intervenção legal",7
"6348","Masc","Branca",3,"Negligência",4769
"6349","Masc","Branca",3,"Outras",185
"6350","Masc","Branca",3,"Psicológica",1006
"6351","Masc","Branca",3,"Sexual",1792
"6352","Masc","Branca",3,"Tortura",83
"6353","Masc","Branca",3,"Trabalho infantil",30
"6354","Masc","Branca",3,"Tráfico",0
"6355","Masc","Branca",4,"Física",2161
"6356","Masc","Branca",4,"Intervenção legal",10
"6357","Masc","Branca",4,"Negligência",3765
"6358","Masc","Branca",4,"Outras",203
"6359","Masc","Branca",4,"Psicológica",1225
"6360","Masc","Branca",4,"Sexual",1932
"6361","Masc","Branca",4,"Tortura",102
"6362","Masc","Branca",4,"Trabalho infantil",32
"6363","Masc","Branca",4,"Tráfico",1
"6364","Masc","Branca",5,"Física",2181
"6365","Masc","Branca",5,"Intervenção legal",7
"6366","Masc","Branca",5,"Negligência",3035
"6367","Masc","Branca",5,"Outras",173
"6368","Masc","Branca",5,"Psicológica",1345
"6369","Masc","Branca",5,"Sexual",1802
"6370","Masc","Branca",5,"Tortura",95
"6371","Masc","Branca",5,"Trabalho infantil",37
"6372","Masc","Branca",5,"Tráfico",1
"6373","Masc","Branca",6,"Física",2298
"6374","Masc","Branca",6,"Intervenção legal",11
"6375","Masc","Branca",6,"Negligência",2723
"6376","Masc","Branca",6,"Outras",197
"6377","Masc","Branca",6,"Psicológica",1449
"6378","Masc","Branca",6,"Sexual",1679
"6379","Masc","Branca",6,"Tortura",115
"6380","Masc","Branca",6,"Trabalho infantil",67
"6381","Masc","Branca",6,"Tráfico",3
"6382","Masc","Branca",7,"Física",2172
"6383","Masc","Branca",7,"Intervenção legal",5
"6384","Masc","Branca",7,"Negligência",2528
"6385","Masc","Branca",7,"Outras",196
"6386","Masc","Branca",7,"Psicológica",1406
"6387","Masc","Branca",7,"Sexual",1565
"6388","Masc","Branca",7,"Tortura",117
"6389","Masc","Branca",7,"Trabalho infantil",57
"6390","Masc","Branca",7,"Tráfico",1
"6391","Masc","Branca",8,"Física",2194
"6392","Masc","Branca",8,"Intervenção legal",4
"6393","Masc","Branca",8,"Negligência",2360
"6394","Masc","Branca",8,"Outras",201
"6395","Masc","Branca",8,"Psicológica",1447
"6396","Masc","Branca",8,"Sexual",1375
"6397","Masc","Branca",8,"Tortura",93
"6398","Masc","Branca",8,"Trabalho infantil",71
"6399","Masc","Branca",8,"Tráfico",2
"6400","Masc","Branca",9,"Física",2297
"6401","Masc","Branca",9,"Intervenção legal",8
"6402","Masc","Branca",9,"Negligência",2219
"6403","Masc","Branca",9,"Outras",263
"6404","Masc","Branca",9,"Psicológica",1463
"6405","Masc","Branca",9,"Sexual",1175
"6406","Masc","Branca",9,"Tortura",91
"6407","Masc","Branca",9,"Trabalho infantil",124
"6408","Masc","Branca",9,"Tráfico",1
"6409","Masc","Branca",10,"Física",2460
"6410","Masc","Branca",10,"Intervenção legal",9
"6411","Masc","Branca",10,"Negligência",1976
"6412","Masc","Branca",10,"Outras",360
"6413","Masc","Branca",10,"Psicológica",1443
"6414","Masc","Branca",10,"Sexual",993
"6415","Masc","Branca",10,"Tortura",81
"6416","Masc","Branca",10,"Trabalho infantil",129
"6417","Masc","Branca",10,"Tráfico",4
"6418","Masc","Branca",11,"Física",2784
"6419","Masc","Branca",11,"Intervenção legal",10
"6420","Masc","Branca",11,"Negligência",1807
"6421","Masc","Branca",11,"Outras",479
"6422","Masc","Branca",11,"Psicológica",1484
"6423","Masc","Branca",11,"Sexual",881
"6424","Masc","Branca",11,"Tortura",91
"6425","Masc","Branca",11,"Trabalho infantil",163
"6426","Masc","Branca",11,"Tráfico",3
"6427","Masc","Branca",12,"Física",2944
"6428","Masc","Branca",12,"Intervenção legal",9
"6429","Masc","Branca",12,"Negligência",1776
"6430","Masc","Branca",12,"Outras",688
"6431","Masc","Branca",12,"Psicológica",1416
"6432","Masc","Branca",12,"Sexual",847
"6433","Masc","Branca",12,"Tortura",93
"6434","Masc","Branca",12,"Trabalho infantil",192
"6435","Masc","Branca",12,"Tráfico",3
"6436","Masc","Branca",13,"Física",3322
"6437","Masc","Branca",13,"Intervenção legal",13
"6438","Masc","Branca",13,"Negligência",1666
"6439","Masc","Branca",13,"Outras",1083
"6440","Masc","Branca",13,"Psicológica",1456
"6441","Masc","Branca",13,"Sexual",806
"6442","Masc","Branca",13,"Tortura",93
"6443","Masc","Branca",13,"Trabalho infantil",259
"6444","Masc","Branca",13,"Tráfico",2
"6445","Masc","Branca",14,"Física",4191
"6446","Masc","Branca",14,"Intervenção legal",18
"6447","Masc","Branca",14,"Negligência",1711
"6448","Masc","Branca",14,"Outras",1833
"6449","Masc","Branca",14,"Psicológica",1415
"6450","Masc","Branca",14,"Sexual",563
"6451","Masc","Branca",14,"Tortura",113
"6452","Masc","Branca",14,"Trabalho infantil",264
"6453","Masc","Branca",14,"Tráfico",4
"6454","Masc","Branca",15,"Física",5583
"6455","Masc","Branca",15,"Intervenção legal",31
"6456","Masc","Branca",15,"Negligência",1564
"6457","Masc","Branca",15,"Outras",2623
"6458","Masc","Branca",15,"Psicológica",1516
"6459","Masc","Branca",15,"Sexual",469
"6460","Masc","Branca",15,"Tortura",139
"6461","Masc","Branca",15,"Trabalho infantil",292
"6462","Masc","Branca",15,"Tráfico",11
"6463","Masc","Branca",16,"Física",6753
"6464","Masc","Branca",16,"Intervenção legal",63
"6465","Masc","Branca",16,"Negligência",1575
"6466","Masc","Branca",16,"Outras",3201
"6467","Masc","Branca",16,"Psicológica",1453
"6468","Masc","Branca",16,"Sexual",372
"6469","Masc","Branca",16,"Tortura",161
"6470","Masc","Branca",16,"Trabalho infantil",293
"6471","Masc","Branca",16,"Tráfico",12
"6472","Masc","Branca",17,"Física",7956
"6473","Masc","Branca",17,"Intervenção legal",68
"6474","Masc","Branca",17,"Negligência",1562
"6475","Masc","Branca",17,"Outras",3732
"6476","Masc","Branca",17,"Psicológica",1415
"6477","Masc","Branca",17,"Sexual",343
"6478","Masc","Branca",17,"Tortura",176
"6479","Masc","Branca",17,"Trabalho infantil",166
"6480","Masc","Branca",17,"Tráfico",15
"6481","Masc","Branca",18,"Física",5606
"6482","Masc","Branca",18,"Intervenção legal",41
"6483","Masc","Branca",18,"Negligência",118
"6484","Masc","Branca",18,"Outras",3477
"6485","Masc","Branca",18,"Psicológica",820
"6486","Masc","Branca",18,"Sexual",202
"6487","Masc","Branca",18,"Tortura",129
"6488","Masc","Branca",18,"Trabalho infantil",3
"6489","Masc","Branca",18,"Tráfico",9
"6490","Masc","Branca",19,"Física",5665
"6491","Masc","Branca",19,"Intervenção legal",38
"6492","Masc","Branca",19,"Negligência",88
"6493","Masc","Branca",19,"Outras",3917
"6494","Masc","Branca",19,"Psicológica",872
"6495","Masc","Branca",19,"Sexual",188
"6496","Masc","Branca",19,"Tortura",119
"6497","Masc","Branca",19,"Trabalho infantil",0
"6498","Masc","Branca",19,"Tráfico",10
"6499","Masc","Branca",20,"Física",4099
"6500","Masc","Branca",20,"Intervenção legal",25
"6501","Masc","Branca",20,"Negligência",53
"6502","Masc","Branca",20,"Outras",3728
"6503","Masc","Branca",20,"Psicológica",706
"6504","Masc","Branca",20,"Sexual",180
"6505","Masc","Branca",20,"Tortura",117
"6506","Masc","Branca",20,"Trabalho infantil",1
"6507","Masc","Branca",20,"Tráfico",6
"6508","Masc","Branca",21,"Física",3974
"6509","Masc","Branca",21,"Intervenção legal",29
"6510","Masc","Branca",21,"Negligência",58
"6511","Masc","Branca",21,"Outras",3647
"6512","Masc","Branca",21,"Psicológica",677
"6513","Masc","Branca",21,"Sexual",148
"6514","Masc","Branca",21,"Tortura",86
"6515","Masc","Branca",21,"Trabalho infantil",0
"6516","Masc","Branca",21,"Tráfico",4
"6517","Masc","Branca",22,"Física",4075
"6518","Masc","Branca",22,"Intervenção legal",33
"6519","Masc","Branca",22,"Negligência",38
"6520","Masc","Branca",22,"Outras",3590
"6521","Masc","Branca",22,"Psicológica",623
"6522","Masc","Branca",22,"Sexual",157
"6523","Masc","Branca",22,"Tortura",89
"6524","Masc","Branca",22,"Trabalho infantil",1
"6525","Masc","Branca",22,"Tráfico",7
"6526","Masc","Branca",23,"Física",4128
"6527","Masc","Branca",23,"Intervenção legal",26
"6528","Masc","Branca",23,"Negligência",59
"6529","Masc","Branca",23,"Outras",3373
"6530","Masc","Branca",23,"Psicológica",684
"6531","Masc","Branca",23,"Sexual",143
"6532","Masc","Branca",23,"Tortura",100
"6533","Masc","Branca",23,"Trabalho infantil",0
"6534","Masc","Branca",23,"Tráfico",6
"6535","Masc","Branca",24,"Física",4038
"6536","Masc","Branca",24,"Intervenção legal",24
"6537","Masc","Branca",24,"Negligência",57
"6538","Masc","Branca",24,"Outras",3150
"6539","Masc","Branca",24,"Psicológica",690
"6540","Masc","Branca",24,"Sexual",157
"6541","Masc","Branca",24,"Tortura",87
"6542","Masc","Branca",24,"Trabalho infantil",1
"6543","Masc","Branca",24,"Tráfico",6
"6544","Masc","Branca",25,"Física",3873
"6545","Masc","Branca",25,"Intervenção legal",31
"6546","Masc","Branca",25,"Negligência",49
"6547","Masc","Branca",25,"Outras",2858
"6548","Masc","Branca",25,"Psicológica",664
"6549","Masc","Branca",25,"Sexual",161
"6550","Masc","Branca",25,"Tortura",100
"6551","Masc","Branca",25,"Trabalho infantil",2
"6552","Masc","Branca",25,"Tráfico",6
"6553","Masc","Branca",26,"Física",3962
"6554","Masc","Branca",26,"Intervenção legal",26
"6555","Masc","Branca",26,"Negligência",48
"6556","Masc","Branca",26,"Outras",2953
"6557","Masc","Branca",26,"Psicológica",692
"6558","Masc","Branca",26,"Sexual",104
"6559","Masc","Branca",26,"Tortura",103
"6560","Masc","Branca",26,"Trabalho infantil",0
"6561","Masc","Branca",26,"Tráfico",4
"6562","Masc","Branca",27,"Física",3698
"6563","Masc","Branca",27,"Intervenção legal",24
"6564","Masc","Branca",27,"Negligência",43
"6565","Masc","Branca",27,"Outras",2712
"6566","Masc","Branca",27,"Psicológica",643
"6567","Masc","Branca",27,"Sexual",111
"6568","Masc","Branca",27,"Tortura",101
"6569","Masc","Branca",27,"Trabalho infantil",2
"6570","Masc","Branca",27,"Tráfico",4
"6571","Masc","Branca",28,"Física",3627
"6572","Masc","Branca",28,"Intervenção legal",17
"6573","Masc","Branca",28,"Negligência",47
"6574","Masc","Branca",28,"Outras",2540
"6575","Masc","Branca",28,"Psicológica",635
"6576","Masc","Branca",28,"Sexual",100
"6577","Masc","Branca",28,"Tortura",87
"6578","Masc","Branca",28,"Trabalho infantil",2
"6579","Masc","Branca",28,"Tráfico",3
"6580","Masc","Branca",29,"Física",3484
"6581","Masc","Branca",29,"Intervenção legal",29
"6582","Masc","Branca",29,"Negligência",44
"6583","Masc","Branca",29,"Outras",2485
"6584","Masc","Branca",29,"Psicológica",579
"6585","Masc","Branca",29,"Sexual",95
"6586","Masc","Branca",29,"Tortura",97
"6587","Masc","Branca",29,"Trabalho infantil",1
"6588","Masc","Branca",29,"Tráfico",5
"6589","Masc","Branca",30,"Física",3652
"6590","Masc","Branca",30,"Intervenção legal",26
"6591","Masc","Branca",30,"Negligência",36
"6592","Masc","Branca",30,"Outras",2361
"6593","Masc","Branca",30,"Psicológica",582
"6594","Masc","Branca",30,"Sexual",87
"6595","Masc","Branca",30,"Tortura",78
"6596","Masc","Branca",30,"Trabalho infantil",1
"6597","Masc","Branca",30,"Tráfico",4
"6598","Masc","Branca",31,"Física",3462
"6599","Masc","Branca",31,"Intervenção legal",26
"6600","Masc","Branca",31,"Negligência",35
"6601","Masc","Branca",31,"Outras",2326
"6602","Masc","Branca",31,"Psicológica",616
"6603","Masc","Branca",31,"Sexual",85
"6604","Masc","Branca",31,"Tortura",106
"6605","Masc","Branca",31,"Trabalho infantil",1
"6606","Masc","Branca",31,"Tráfico",4
"6607","Masc","Branca",32,"Física",3317
"6608","Masc","Branca",32,"Intervenção legal",26
"6609","Masc","Branca",32,"Negligência",41
"6610","Masc","Branca",32,"Outras",2140
"6611","Masc","Branca",32,"Psicológica",557
"6612","Masc","Branca",32,"Sexual",74
"6613","Masc","Branca",32,"Tortura",92
"6614","Masc","Branca",32,"Trabalho infantil",1
"6615","Masc","Branca",32,"Tráfico",3
"6616","Masc","Branca",33,"Física",3350
"6617","Masc","Branca",33,"Intervenção legal",17
"6618","Masc","Branca",33,"Negligência",38
"6619","Masc","Branca",33,"Outras",2057
"6620","Masc","Branca",33,"Psicológica",600
"6621","Masc","Branca",33,"Sexual",52
"6622","Masc","Branca",33,"Tortura",77
"6623","Masc","Branca",33,"Trabalho infantil",0
"6624","Masc","Branca",33,"Tráfico",3
"6625","Masc","Branca",34,"Física",3242
"6626","Masc","Branca",34,"Intervenção legal",23
"6627","Masc","Branca",34,"Negligência",28
"6628","Masc","Branca",34,"Outras",2009
"6629","Masc","Branca",34,"Psicológica",503
"6630","Masc","Branca",34,"Sexual",55
"6631","Masc","Branca",34,"Tortura",77
"6632","Masc","Branca",34,"Trabalho infantil",0
"6633","Masc","Branca",34,"Tráfico",1
"6634","Masc","Branca",35,"Física",3215
"6635","Masc","Branca",35,"Intervenção legal",12
"6636","Masc","Branca",35,"Negligência",39
"6637","Masc","Branca",35,"Outras",1941
"6638","Masc","Branca",35,"Psicológica",580
"6639","Masc","Branca",35,"Sexual",65
"6640","Masc","Branca",35,"Tortura",84
"6641","Masc","Branca",35,"Trabalho infantil",0
"6642","Masc","Branca",35,"Tráfico",3
"6643","Masc","Branca",36,"Física",3151
"6644","Masc","Branca",36,"Intervenção legal",30
"6645","Masc","Branca",36,"Negligência",27
"6646","Masc","Branca",36,"Outras",1804
"6647","Masc","Branca",36,"Psicológica",549
"6648","Masc","Branca",36,"Sexual",51
"6649","Masc","Branca",36,"Tortura",83
"6650","Masc","Branca",36,"Trabalho infantil",0
"6651","Masc","Branca",36,"Tráfico",5
"6652","Masc","Branca",37,"Física",3069
"6653","Masc","Branca",37,"Intervenção legal",16
"6654","Masc","Branca",37,"Negligência",32
"6655","Masc","Branca",37,"Outras",1733
"6656","Masc","Branca",37,"Psicológica",525
"6657","Masc","Branca",37,"Sexual",58
"6658","Masc","Branca",37,"Tortura",74
"6659","Masc","Branca",37,"Trabalho infantil",2
"6660","Masc","Branca",37,"Tráfico",3
"6661","Masc","Branca",38,"Física",2792
"6662","Masc","Branca",38,"Intervenção legal",17
"6663","Masc","Branca",38,"Negligência",42
"6664","Masc","Branca",38,"Outras",1639
"6665","Masc","Branca",38,"Psicológica",512
"6666","Masc","Branca",38,"Sexual",41
"6667","Masc","Branca",38,"Tortura",69
"6668","Masc","Branca",38,"Trabalho infantil",1
"6669","Masc","Branca",38,"Tráfico",3
"6670","Masc","Branca",39,"Física",2958
"6671","Masc","Branca",39,"Intervenção legal",11
"6672","Masc","Branca",39,"Negligência",46
"6673","Masc","Branca",39,"Outras",1760
"6674","Masc","Branca",39,"Psicológica",520
"6675","Masc","Branca",39,"Sexual",40
"6676","Masc","Branca",39,"Tortura",84
"6677","Masc","Branca",39,"Trabalho infantil",1
"6678","Masc","Branca",39,"Tráfico",3
"6679","Masc","Branca",40,"Física",2746
"6680","Masc","Branca",40,"Intervenção legal",17
"6681","Masc","Branca",40,"Negligência",39
"6682","Masc","Branca",40,"Outras",1691
"6683","Masc","Branca",40,"Psicológica",441
"6684","Masc","Branca",40,"Sexual",41
"6685","Masc","Branca",40,"Tortura",73
"6686","Masc","Branca",40,"Trabalho infantil",2
"6687","Masc","Branca",40,"Tráfico",1
"6688","Masc","Branca",41,"Física",2798
"6689","Masc","Branca",41,"Intervenção legal",13
"6690","Masc","Branca",41,"Negligência",37
"6691","Masc","Branca",41,"Outras",1611
"6692","Masc","Branca",41,"Psicológica",466
"6693","Masc","Branca",41,"Sexual",45
"6694","Masc","Branca",41,"Tortura",72
"6695","Masc","Branca",41,"Trabalho infantil",0
"6696","Masc","Branca",41,"Tráfico",2
"6697","Masc","Branca",42,"Física",2642
"6698","Masc","Branca",42,"Intervenção legal",15
"6699","Masc","Branca",42,"Negligência",35
"6700","Masc","Branca",42,"Outras",1408
"6701","Masc","Branca",42,"Psicológica",483
"6702","Masc","Branca",42,"Sexual",39
"6703","Masc","Branca",42,"Tortura",73
"6704","Masc","Branca",42,"Trabalho infantil",3
"6705","Masc","Branca",42,"Tráfico",1
"6706","Masc","Branca",43,"Física",2385
"6707","Masc","Branca",43,"Intervenção legal",10
"6708","Masc","Branca",43,"Negligência",42
"6709","Masc","Branca",43,"Outras",1323
"6710","Masc","Branca",43,"Psicológica",419
"6711","Masc","Branca",43,"Sexual",31
"6712","Masc","Branca",43,"Tortura",72
"6713","Masc","Branca",43,"Trabalho infantil",0
"6714","Masc","Branca",43,"Tráfico",1
"6715","Masc","Branca",44,"Física",2402
"6716","Masc","Branca",44,"Intervenção legal",8
"6717","Masc","Branca",44,"Negligência",55
"6718","Masc","Branca",44,"Outras",1369
"6719","Masc","Branca",44,"Psicológica",443
"6720","Masc","Branca",44,"Sexual",20
"6721","Masc","Branca",44,"Tortura",71
"6722","Masc","Branca",44,"Trabalho infantil",0
"6723","Masc","Branca",44,"Tráfico",0
"6724","Masc","Branca",45,"Física",2190
"6725","Masc","Branca",45,"Intervenção legal",9
"6726","Masc","Branca",45,"Negligência",52
"6727","Masc","Branca",45,"Outras",1224
"6728","Masc","Branca",45,"Psicológica",397
"6729","Masc","Branca",45,"Sexual",28
"6730","Masc","Branca",45,"Tortura",46
"6731","Masc","Branca",45,"Trabalho infantil",0
"6732","Masc","Branca",45,"Tráfico",1
"6733","Masc","Branca",46,"Física",2025
"6734","Masc","Branca",46,"Intervenção legal",10
"6735","Masc","Branca",46,"Negligência",46
"6736","Masc","Branca",46,"Outras",1175
"6737","Masc","Branca",46,"Psicológica",340
"6738","Masc","Branca",46,"Sexual",14
"6739","Masc","Branca",46,"Tortura",44
"6740","Masc","Branca",46,"Trabalho infantil",1
"6741","Masc","Branca",46,"Tráfico",5
"6742","Masc","Branca",47,"Física",1987
"6743","Masc","Branca",47,"Intervenção legal",7
"6744","Masc","Branca",47,"Negligência",36
"6745","Masc","Branca",47,"Outras",1065
"6746","Masc","Branca",47,"Psicológica",368
"6747","Masc","Branca",47,"Sexual",23
"6748","Masc","Branca",47,"Tortura",46
"6749","Masc","Branca",47,"Trabalho infantil",1
"6750","Masc","Branca",47,"Tráfico",2
"6751","Masc","Branca",48,"Física",2012
"6752","Masc","Branca",48,"Intervenção legal",9
"6753","Masc","Branca",48,"Negligência",67
"6754","Masc","Branca",48,"Outras",1020
"6755","Masc","Branca",48,"Psicológica",379
"6756","Masc","Branca",48,"Sexual",23
"6757","Masc","Branca",48,"Tortura",61
"6758","Masc","Branca",48,"Trabalho infantil",0
"6759","Masc","Branca",48,"Tráfico",0
"6760","Masc","Branca",49,"Física",1781
"6761","Masc","Branca",49,"Intervenção legal",8
"6762","Masc","Branca",49,"Negligência",60
"6763","Masc","Branca",49,"Outras",916
"6764","Masc","Branca",49,"Psicológica",322
"6765","Masc","Branca",49,"Sexual",14
"6766","Masc","Branca",49,"Tortura",37
"6767","Masc","Branca",49,"Trabalho infantil",0
"6768","Masc","Branca",49,"Tráfico",1
"6769","Masc","Branca",50,"Física",1798
"6770","Masc","Branca",50,"Intervenção legal",4
"6771","Masc","Branca",50,"Negligência",69
"6772","Masc","Branca",50,"Outras",957
"6773","Masc","Branca",50,"Psicológica",359
"6774","Masc","Branca",50,"Sexual",12
"6775","Masc","Branca",50,"Tortura",49
"6776","Masc","Branca",50,"Trabalho infantil",0
"6777","Masc","Branca",50,"Tráfico",1
"6778","Masc","Branca",51,"Física",1685
"6779","Masc","Branca",51,"Intervenção legal",6
"6780","Masc","Branca",51,"Negligência",63
"6781","Masc","Branca",51,"Outras",878
"6782","Masc","Branca",51,"Psicológica",304
"6783","Masc","Branca",51,"Sexual",15
"6784","Masc","Branca",51,"Tortura",36
"6785","Masc","Branca",51,"Trabalho infantil",0
"6786","Masc","Branca",51,"Tráfico",1
"6787","Masc","Branca",52,"Física",1654
"6788","Masc","Branca",52,"Intervenção legal",6
"6789","Masc","Branca",52,"Negligência",65
"6790","Masc","Branca",52,"Outras",813
"6791","Masc","Branca",52,"Psicológica",290
"6792","Masc","Branca",52,"Sexual",13
"6793","Masc","Branca",52,"Tortura",45
"6794","Masc","Branca",52,"Trabalho infantil",0
"6795","Masc","Branca",52,"Tráfico",0
"6796","Masc","Branca",53,"Física",1571
"6797","Masc","Branca",53,"Intervenção legal",4
"6798","Masc","Branca",53,"Negligência",85
"6799","Masc","Branca",53,"Outras",792
"6800","Masc","Branca",53,"Psicológica",302
"6801","Masc","Branca",53,"Sexual",16
"6802","Masc","Branca",53,"Tortura",48
"6803","Masc","Branca",53,"Trabalho infantil",0
"6804","Masc","Branca",53,"Tráfico",2
"6805","Masc","Branca",54,"Física",1375
"6806","Masc","Branca",54,"Intervenção legal",5
"6807","Masc","Branca",54,"Negligência",64
"6808","Masc","Branca",54,"Outras",737
"6809","Masc","Branca",54,"Psicológica",261
"6810","Masc","Branca",54,"Sexual",17
"6811","Masc","Branca",54,"Tortura",43
"6812","Masc","Branca",54,"Trabalho infantil",0
"6813","Masc","Branca",54,"Tráfico",0
"6814","Masc","Branca",55,"Física",1452
"6815","Masc","Branca",55,"Intervenção legal",2
"6816","Masc","Branca",55,"Negligência",87
"6817","Masc","Branca",55,"Outras",684
"6818","Masc","Branca",55,"Psicológica",263
"6819","Masc","Branca",55,"Sexual",8
"6820","Masc","Branca",55,"Tortura",41
"6821","Masc","Branca",55,"Trabalho infantil",0
"6822","Masc","Branca",55,"Tráfico",1
"6823","Masc","Branca",56,"Física",1371
"6824","Masc","Branca",56,"Intervenção legal",2
"6825","Masc","Branca",56,"Negligência",74
"6826","Masc","Branca",56,"Outras",685
"6827","Masc","Branca",56,"Psicológica",261
"6828","Masc","Branca",56,"Sexual",17
"6829","Masc","Branca",56,"Tortura",31
"6830","Masc","Branca",56,"Trabalho infantil",0
"6831","Masc","Branca",56,"Tráfico",1
"6832","Masc","Branca",57,"Física",1306
"6833","Masc","Branca",57,"Intervenção legal",6
"6834","Masc","Branca",57,"Negligência",89
"6835","Masc","Branca",57,"Outras",631
"6836","Masc","Branca",57,"Psicológica",244
"6837","Masc","Branca",57,"Sexual",17
"6838","Masc","Branca",57,"Tortura",29
"6839","Masc","Branca",57,"Trabalho infantil",2
"6840","Masc","Branca",57,"Tráfico",2
"6841","Masc","Branca",58,"Física",1197
"6842","Masc","Branca",58,"Intervenção legal",4
"6843","Masc","Branca",58,"Negligência",96
"6844","Masc","Branca",58,"Outras",569
"6845","Masc","Branca",58,"Psicológica",242
"6846","Masc","Branca",58,"Sexual",12
"6847","Masc","Branca",58,"Tortura",33
"6848","Masc","Branca",58,"Trabalho infantil",2
"6849","Masc","Branca",58,"Tráfico",1
"6850","Masc","Branca",59,"Física",1219
"6851","Masc","Branca",59,"Intervenção legal",2
"6852","Masc","Branca",59,"Negligência",124
"6853","Masc","Branca",59,"Outras",553
"6854","Masc","Branca",59,"Psicológica",254
"6855","Masc","Branca",59,"Sexual",17
"6856","Masc","Branca",59,"Tortura",44
"6857","Masc","Branca",59,"Trabalho infantil",1
"6858","Masc","Branca",59,"Tráfico",3
"6859","Masc","Branca",60,"Física",2055
"6860","Masc","Branca",60,"Intervenção legal",2
"6861","Masc","Branca",60,"Negligência",242
"6862","Masc","Branca",60,"Outras",541
"6863","Masc","Branca",60,"Psicológica",377
"6864","Masc","Branca",60,"Sexual",9
"6865","Masc","Branca",60,"Tortura",41
"6866","Masc","Branca",60,"Trabalho infantil",0
"6867","Masc","Branca",60,"Tráfico",0
"6868","Masc","Branca",61,"Física",2017
"6869","Masc","Branca",61,"Intervenção legal",3
"6870","Masc","Branca",61,"Negligência",291
"6871","Masc","Branca",61,"Outras",499
"6872","Masc","Branca",61,"Psicológica",384
"6873","Masc","Branca",61,"Sexual",8
"6874","Masc","Branca",61,"Tortura",45
"6875","Masc","Branca",61,"Trabalho infantil",0
"6876","Masc","Branca",61,"Tráfico",0
"6877","Masc","Branca",62,"Física",1873
"6878","Masc","Branca",62,"Intervenção legal",3
"6879","Masc","Branca",62,"Negligência",246
"6880","Masc","Branca",62,"Outras",448
"6881","Masc","Branca",62,"Psicológica",356
"6882","Masc","Branca",62,"Sexual",14
"6883","Masc","Branca",62,"Tortura",42
"6884","Masc","Branca",62,"Trabalho infantil",1
"6885","Masc","Branca",62,"Tráfico",2
"6886","Masc","Branca",63,"Física",1660
"6887","Masc","Branca",63,"Intervenção legal",2
"6888","Masc","Branca",63,"Negligência",282
"6889","Masc","Branca",63,"Outras",415
"6890","Masc","Branca",63,"Psicológica",330
"6891","Masc","Branca",63,"Sexual",7
"6892","Masc","Branca",63,"Tortura",44
"6893","Masc","Branca",63,"Trabalho infantil",0
"6894","Masc","Branca",63,"Tráfico",2
"6895","Masc","Branca",64,"Física",1632
"6896","Masc","Branca",64,"Intervenção legal",6
"6897","Masc","Branca",64,"Negligência",296
"6898","Masc","Branca",64,"Outras",422
"6899","Masc","Branca",64,"Psicológica",314
"6900","Masc","Branca",64,"Sexual",11
"6901","Masc","Branca",64,"Tortura",42
"6902","Masc","Branca",64,"Trabalho infantil",0
"6903","Masc","Branca",64,"Tráfico",0
"6904","Masc","Branca",65,"Física",1556
"6905","Masc","Branca",65,"Intervenção legal",1
"6906","Masc","Branca",65,"Negligência",279
"6907","Masc","Branca",65,"Outras",362
"6908","Masc","Branca",65,"Psicológica",336
"6909","Masc","Branca",65,"Sexual",9
"6910","Masc","Branca",65,"Tortura",42
"6911","Masc","Branca",65,"Trabalho infantil",0
"6912","Masc","Branca",65,"Tráfico",0
"6913","Masc","Branca",66,"Física",1403
"6914","Masc","Branca",66,"Intervenção legal",8
"6915","Masc","Branca",66,"Negligência",305
"6916","Masc","Branca",66,"Outras",354
"6917","Masc","Branca",66,"Psicológica",321
"6918","Masc","Branca",66,"Sexual",12
"6919","Masc","Branca",66,"Tortura",41
"6920","Masc","Branca",66,"Trabalho infantil",0
"6921","Masc","Branca",66,"Tráfico",0
"6922","Masc","Branca",67,"Física",1325
"6923","Masc","Branca",67,"Intervenção legal",3
"6924","Masc","Branca",67,"Negligência",333
"6925","Masc","Branca",67,"Outras",368
"6926","Masc","Branca",67,"Psicológica",290
"6927","Masc","Branca",67,"Sexual",8
"6928","Masc","Branca",67,"Tortura",37
"6929","Masc","Branca",67,"Trabalho infantil",2
"6930","Masc","Branca",67,"Tráfico",1
"6931","Masc","Branca",68,"Física",1210
"6932","Masc","Branca",68,"Intervenção legal",1
"6933","Masc","Branca",68,"Negligência",320
"6934","Masc","Branca",68,"Outras",300
"6935","Masc","Branca",68,"Psicológica",294
"6936","Masc","Branca",68,"Sexual",5
"6937","Masc","Branca",68,"Tortura",39
"6938","Masc","Branca",68,"Trabalho infantil",0
"6939","Masc","Branca",68,"Tráfico",0
"6940","Masc","Branca",69,"Física",1171
"6941","Masc","Branca",69,"Intervenção legal",2
"6942","Masc","Branca",69,"Negligência",348
"6943","Masc","Branca",69,"Outras",340
"6944","Masc","Branca",69,"Psicológica",277
"6945","Masc","Branca",69,"Sexual",3
"6946","Masc","Branca",69,"Tortura",35
"6947","Masc","Branca",69,"Trabalho infantil",0
"6948","Masc","Branca",69,"Tráfico",1
"6949","Masc","Branca",70,"Física",1134
"6950","Masc","Branca",70,"Intervenção legal",3
"6951","Masc","Branca",70,"Negligência",382
"6952","Masc","Branca",70,"Outras",314
"6953","Masc","Branca",70,"Psicológica",302
"6954","Masc","Branca",70,"Sexual",6
"6955","Masc","Branca",70,"Tortura",37
"6956","Masc","Branca",70,"Trabalho infantil",0
"6957","Masc","Branca",70,"Tráfico",0
"6958","Masc","Branca",71,"Física",1053
"6959","Masc","Branca",71,"Intervenção legal",3
"6960","Masc","Branca",71,"Negligência",379
"6961","Masc","Branca",71,"Outras",280
"6962","Masc","Branca",71,"Psicológica",270
"6963","Masc","Branca",71,"Sexual",5
"6964","Masc","Branca",71,"Tortura",41
"6965","Masc","Branca",71,"Trabalho infantil",0
"6966","Masc","Branca",71,"Tráfico",2
"6967","Masc","Branca",72,"Física",906
"6968","Masc","Branca",72,"Intervenção legal",1
"6969","Masc","Branca",72,"Negligência",382
"6970","Masc","Branca",72,"Outras",265
"6971","Masc","Branca",72,"Psicológica",273
"6972","Masc","Branca",72,"Sexual",2
"6973","Masc","Branca",72,"Tortura",25
"6974","Masc","Branca",72,"Trabalho infantil",0
"6975","Masc","Branca",72,"Tráfico",3
"6976","Masc","Branca",73,"Física",853
"6977","Masc","Branca",73,"Intervenção legal",4
"6978","Masc","Branca",73,"Negligência",376
"6979","Masc","Branca",73,"Outras",264
"6980","Masc","Branca",73,"Psicológica",224
"6981","Masc","Branca",73,"Sexual",6
"6982","Masc","Branca",73,"Tortura",39
"6983","Masc","Branca",73,"Trabalho infantil",0
"6984","Masc","Branca",73,"Tráfico",1
"6985","Masc","Branca",74,"Física",778
"6986","Masc","Branca",74,"Intervenção legal",3
"6987","Masc","Branca",74,"Negligência",385
"6988","Masc","Branca",74,"Outras",229
"6989","Masc","Branca",74,"Psicológica",242
"6990","Masc","Branca",74,"Sexual",4
"6991","Masc","Branca",74,"Tortura",22
"6992","Masc","Branca",74,"Trabalho infantil",0
"6993","Masc","Branca",74,"Tráfico",1
"6994","Masc","Branca",75,"Física",751
"6995","Masc","Branca",75,"Intervenção legal",0
"6996","Masc","Branca",75,"Negligência",429
"6997","Masc","Branca",75,"Outras",238
"6998","Masc","Branca",75,"Psicológica",237
"6999","Masc","Branca",75,"Sexual",5
"7000","Masc","Branca",75,"Tortura",38
"7001","Masc","Branca",75,"Trabalho infantil",0
"7002","Masc","Branca",75,"Tráfico",0
"7003","Masc","Branca",76,"Física",669
"7004","Masc","Branca",76,"Intervenção legal",3
"7005","Masc","Branca",76,"Negligência",369
"7006","Masc","Branca",76,"Outras",219
"7007","Masc","Branca",76,"Psicológica",223
"7008","Masc","Branca",76,"Sexual",1
"7009","Masc","Branca",76,"Tortura",32
"7010","Masc","Branca",76,"Trabalho infantil",0
"7011","Masc","Branca",76,"Tráfico",1
"7012","Masc","Branca",77,"Física",624
"7013","Masc","Branca",77,"Intervenção legal",3
"7014","Masc","Branca",77,"Negligência",397
"7015","Masc","Branca",77,"Outras",183
"7016","Masc","Branca",77,"Psicológica",203
"7017","Masc","Branca",77,"Sexual",5
"7018","Masc","Branca",77,"Tortura",35
"7019","Masc","Branca",77,"Trabalho infantil",1
"7020","Masc","Branca",77,"Tráfico",0
"7021","Masc","Branca",78,"Física",566
"7022","Masc","Branca",78,"Intervenção legal",0
"7023","Masc","Branca",78,"Negligência",366
"7024","Masc","Branca",78,"Outras",192
"7025","Masc","Branca",78,"Psicológica",213
"7026","Masc","Branca",78,"Sexual",3
"7027","Masc","Branca",78,"Tortura",27
"7028","Masc","Branca",78,"Trabalho infantil",1
"7029","Masc","Branca",78,"Tráfico",0
"7030","Masc","Branca",79,"Física",524
"7031","Masc","Branca",79,"Intervenção legal",1
"7032","Masc","Branca",79,"Negligência",392
"7033","Masc","Branca",79,"Outras",174
"7034","Masc","Branca",79,"Psicológica",176
"7035","Masc","Branca",79,"Sexual",6
"7036","Masc","Branca",79,"Tortura",28
"7037","Masc","Branca",79,"Trabalho infantil",2
"7038","Masc","Branca",79,"Tráfico",0
"7039","Masc","Branca",80,"Física",484
"7040","Masc","Branca",80,"Intervenção legal",0
"7041","Masc","Branca",80,"Negligência",389
"7042","Masc","Branca",80,"Outras",157
"7043","Masc","Branca",80,"Psicológica",169
"7044","Masc","Branca",80,"Sexual",2
"7045","Masc","Branca",80,"Tortura",26
"7046","Masc","Branca",80,"Trabalho infantil",0
"7047","Masc","Branca",80,"Tráfico",1
"7048","Masc","Branca",81,"Física",445
"7049","Masc","Branca",81,"Intervenção legal",0
"7050","Masc","Branca",81,"Negligência",340
"7051","Masc","Branca",81,"Outras",159
"7052","Masc","Branca",81,"Psicológica",166
"7053","Masc","Branca",81,"Sexual",0
"7054","Masc","Branca",81,"Tortura",28
"7055","Masc","Branca",81,"Trabalho infantil",1
"7056","Masc","Branca",81,"Tráfico",1
"7057","Masc","Branca",82,"Física",373
"7058","Masc","Branca",82,"Intervenção legal",2
"7059","Masc","Branca",82,"Negligência",327
"7060","Masc","Branca",82,"Outras",138
"7061","Masc","Branca",82,"Psicológica",152
"7062","Masc","Branca",82,"Sexual",1
"7063","Masc","Branca",82,"Tortura",31
"7064","Masc","Branca",82,"Trabalho infantil",0
"7065","Masc","Branca",82,"Tráfico",1
"7066","Masc","Branca",83,"Física",345
"7067","Masc","Branca",83,"Intervenção legal",2
"7068","Masc","Branca",83,"Negligência",344
"7069","Masc","Branca",83,"Outras",105
"7070","Masc","Branca",83,"Psicológica",133
"7071","Masc","Branca",83,"Sexual",0
"7072","Masc","Branca",83,"Tortura",19
"7073","Masc","Branca",83,"Trabalho infantil",0
"7074","Masc","Branca",83,"Tráfico",0
"7075","Masc","Branca",84,"Física",301
"7076","Masc","Branca",84,"Intervenção legal",5
"7077","Masc","Branca",84,"Negligência",299
"7078","Masc","Branca",84,"Outras",117
"7079","Masc","Branca",84,"Psicológica",133
"7080","Masc","Branca",84,"Sexual",2
"7081","Masc","Branca",84,"Tortura",14
"7082","Masc","Branca",84,"Trabalho infantil",0
"7083","Masc","Branca",84,"Tráfico",0
"7084","Masc","Branca",85,"Física",244
"7085","Masc","Branca",85,"Intervenção legal",1
"7086","Masc","Branca",85,"Negligência",281
"7087","Masc","Branca",85,"Outras",89
"7088","Masc","Branca",85,"Psicológica",109
"7089","Masc","Branca",85,"Sexual",3
"7090","Masc","Branca",85,"Tortura",23
"7091","Masc","Branca",85,"Trabalho infantil",0
"7092","Masc","Branca",85,"Tráfico",1
"7093","Masc","Branca",86,"Física",204
"7094","Masc","Branca",86,"Intervenção legal",1
"7095","Masc","Branca",86,"Negligência",277
"7096","Masc","Branca",86,"Outras",91
"7097","Masc","Branca",86,"Psicológica",87
"7098","Masc","Branca",86,"Sexual",1
"7099","Masc","Branca",86,"Tortura",16
"7100","Masc","Branca",86,"Trabalho infantil",1
"7101","Masc","Branca",86,"Tráfico",0
"7102","Masc","Branca",87,"Física",168
"7103","Masc","Branca",87,"Intervenção legal",0
"7104","Masc","Branca",87,"Negligência",231
"7105","Masc","Branca",87,"Outras",79
"7106","Masc","Branca",87,"Psicológica",66
"7107","Masc","Branca",87,"Sexual",1
"7108","Masc","Branca",87,"Tortura",10
"7109","Masc","Branca",87,"Trabalho infantil",1
"7110","Masc","Branca",87,"Tráfico",0
"7111","Masc","Branca",88,"Física",142
"7112","Masc","Branca",88,"Intervenção legal",1
"7113","Masc","Branca",88,"Negligência",207
"7114","Masc","Branca",88,"Outras",82
"7115","Masc","Branca",88,"Psicológica",52
"7116","Masc","Branca",88,"Sexual",0
"7117","Masc","Branca",88,"Tortura",10
"7118","Masc","Branca",88,"Trabalho infantil",0
"7119","Masc","Branca",88,"Tráfico",0
"7120","Masc","Branca",89,"Física",124
"7121","Masc","Branca",89,"Intervenção legal",1
"7122","Masc","Branca",89,"Negligência",173
"7123","Masc","Branca",89,"Outras",50
"7124","Masc","Branca",89,"Psicológica",60
"7125","Masc","Branca",89,"Sexual",1
"7126","Masc","Branca",89,"Tortura",8
"7127","Masc","Branca",89,"Trabalho infantil",0
"7128","Masc","Branca",89,"Tráfico",0
"7129","Masc","Branca",90,"Física",81
"7130","Masc","Branca",90,"Intervenção legal",0
"7131","Masc","Branca",90,"Negligência",157
"7132","Masc","Branca",90,"Outras",42
"7133","Masc","Branca",90,"Psicológica",39
"7134","Masc","Branca",90,"Sexual",1
"7135","Masc","Branca",90,"Tortura",8
"7136","Masc","Branca",90,"Trabalho infantil",0
"7137","Masc","Branca",90,"Tráfico",0
"7138","Masc","Branca",91,"Física",82
"7139","Masc","Branca",91,"Intervenção legal",0
"7140","Masc","Branca",91,"Negligência",130
"7141","Masc","Branca",91,"Outras",29
"7142","Masc","Branca",91,"Psicológica",35
"7143","Masc","Branca",91,"Sexual",1
"7144","Masc","Branca",91,"Tortura",3
"7145","Masc","Branca",91,"Trabalho infantil",0
"7146","Masc","Branca",91,"Tráfico",0
"7147","Masc","Branca",92,"Física",66
"7148","Masc","Branca",92,"Intervenção legal",0
"7149","Masc","Branca",92,"Negligência",106
"7150","Masc","Branca",92,"Outras",21
"7151","Masc","Branca",92,"Psicológica",23
"7152","Masc","Branca",92,"Sexual",0
"7153","Masc","Branca",92,"Tortura",2
"7154","Masc","Branca",92,"Trabalho infantil",0
"7155","Masc","Branca",92,"Tráfico",0
"7156","Masc","Branca",93,"Física",48
"7157","Masc","Branca",93,"Intervenção legal",1
"7158","Masc","Branca",93,"Negligência",99
"7159","Masc","Branca",93,"Outras",29
"7160","Masc","Branca",93,"Psicológica",21
"7161","Masc","Branca",93,"Sexual",0
"7162","Masc","Branca",93,"Tortura",7
"7163","Masc","Branca",93,"Trabalho infantil",0
"7164","Masc","Branca",93,"Tráfico",0
"7165","Masc","Branca",94,"Física",30
"7166","Masc","Branca",94,"Intervenção legal",0
"7167","Masc","Branca",94,"Negligência",51
"7168","Masc","Branca",94,"Outras",17
"7169","Masc","Branca",94,"Psicológica",24
"7170","Masc","Branca",94,"Sexual",0
"7171","Masc","Branca",94,"Tortura",1
"7172","Masc","Branca",94,"Trabalho infantil",0
"7173","Masc","Branca",94,"Tráfico",0
"7174","Masc","Branca",95,"Física",32
"7175","Masc","Branca",95,"Intervenção legal",0
"7176","Masc","Branca",95,"Negligência",47
"7177","Masc","Branca",95,"Outras",8
"7178","Masc","Branca",95,"Psicológica",7
"7179","Masc","Branca",95,"Sexual",0
"7180","Masc","Branca",95,"Tortura",1
"7181","Masc","Branca",95,"Trabalho infantil",0
"7182","Masc","Branca",95,"Tráfico",0
"7183","Masc","Branca",96,"Física",27
"7184","Masc","Branca",96,"Intervenção legal",0
"7185","Masc","Branca",96,"Negligência",33
"7186","Masc","Branca",96,"Outras",7
"7187","Masc","Branca",96,"Psicológica",9
"7188","Masc","Branca",96,"Sexual",0
"7189","Masc","Branca",96,"Tortura",1
"7190","Masc","Branca",96,"Trabalho infantil",0
"7191","Masc","Branca",96,"Tráfico",0
"7192","Masc","Branca",97,"Física",9
"7193","Masc","Branca",97,"Intervenção legal",0
"7194","Masc","Branca",97,"Negligência",21
"7195","Masc","Branca",97,"Outras",2
"7196","Masc","Branca",97,"Psicológica",4
"7197","Masc","Branca",97,"Sexual",0
"7198","Masc","Branca",97,"Tortura",0
"7199","Masc","Branca",97,"Trabalho infantil",0
"7200","Masc","Branca",97,"Tráfico",0
"7201","Masc","Branca",98,"Física",10
"7202","Masc","Branca",98,"Intervenção legal",0
"7203","Masc","Branca",98,"Negligência",16
"7204","Masc","Branca",98,"Outras",3
"7205","Masc","Branca",98,"Psicológica",6
"7206","Masc","Branca",98,"Sexual",0
"7207","Masc","Branca",98,"Tortura",2
"7208","Masc","Branca",98,"Trabalho infantil",0
"7209","Masc","Branca",98,"Tráfico",0
"7210","Masc","Branca",99,"Física",6
"7211","Masc","Branca",99,"Intervenção legal",0
"7212","Masc","Branca",99,"Negligência",14
"7213","Masc","Branca",99,"Outras",2
"7214","Masc","Branca",99,"Psicológica",0
"7215","Masc","Branca",99,"Sexual",0
"7216","Masc","Branca",99,"Tortura",1
"7217","Masc","Branca",99,"Trabalho infantil",0
"7218","Masc","Branca",99,"Tráfico",0
"7219","Masc","Branca",100,"Física",4
"7220","Masc","Branca",100,"Intervenção legal",0
"7221","Masc","Branca",100,"Negligência",6
"7222","Masc","Branca",100,"Outras",0
"7223","Masc","Branca",100,"Psicológica",2
"7224","Masc","Branca",100,"Sexual",0
"7225","Masc","Branca",100,"Tortura",0
"7226","Masc","Branca",100,"Trabalho infantil",0
"7227","Masc","Branca",100,"Tráfico",0
"7228","Masc","Ignorado",0,"Física",4
"7229","Masc","Ignorado",0,"Intervenção legal",0
"7230","Masc","Ignorado",0,"Negligência",2
"7231","Masc","Ignorado",0,"Outras",1
"7232","Masc","Ignorado",0,"Psicológica",2
"7233","Masc","Ignorado",0,"Sexual",0
"7234","Masc","Ignorado",0,"Tortura",1
"7235","Masc","Ignorado",0,"Trabalho infantil",1
"7236","Masc","Ignorado",0,"Tráfico",0
"7237","Masc","Ignorado",1,"Física",523
"7238","Masc","Ignorado",1,"Intervenção legal",4
"7239","Masc","Ignorado",1,"Negligência",2877
"7240","Masc","Ignorado",1,"Outras",135
"7241","Masc","Ignorado",1,"Psicológica",137
"7242","Masc","Ignorado",1,"Sexual",118
"7243","Masc","Ignorado",1,"Tortura",24
"7244","Masc","Ignorado",1,"Trabalho infantil",20
"7245","Masc","Ignorado",1,"Tráfico",1
"7246","Masc","Ignorado",2,"Física",482
"7247","Masc","Ignorado",2,"Intervenção legal",5
"7248","Masc","Ignorado",2,"Negligência",1960
"7249","Masc","Ignorado",2,"Outras",117
"7250","Masc","Ignorado",2,"Psicológica",188
"7251","Masc","Ignorado",2,"Sexual",231
"7252","Masc","Ignorado",2,"Tortura",16
"7253","Masc","Ignorado",2,"Trabalho infantil",11
"7254","Masc","Ignorado",2,"Tráfico",2
"7255","Masc","Ignorado",3,"Física",455
"7256","Masc","Ignorado",3,"Intervenção legal",3
"7257","Masc","Ignorado",3,"Negligência",1336
"7258","Masc","Ignorado",3,"Outras",84
"7259","Masc","Ignorado",3,"Psicológica",226
"7260","Masc","Ignorado",3,"Sexual",365
"7261","Masc","Ignorado",3,"Tortura",18
"7262","Masc","Ignorado",3,"Trabalho infantil",14
"7263","Masc","Ignorado",3,"Tráfico",0
"7264","Masc","Ignorado",4,"Física",561
"7265","Masc","Ignorado",4,"Intervenção legal",3
"7266","Masc","Ignorado",4,"Negligência",1096
"7267","Masc","Ignorado",4,"Outras",78
"7268","Masc","Ignorado",4,"Psicológica",297
"7269","Masc","Ignorado",4,"Sexual",388
"7270","Masc","Ignorado",4,"Tortura",24
"7271","Masc","Ignorado",4,"Trabalho infantil",12
"7272","Masc","Ignorado",4,"Tráfico",3
"7273","Masc","Ignorado",5,"Física",556
"7274","Masc","Ignorado",5,"Intervenção legal",4
"7275","Masc","Ignorado",5,"Negligência",973
"7276","Masc","Ignorado",5,"Outras",66
"7277","Masc","Ignorado",5,"Psicológica",293
"7278","Masc","Ignorado",5,"Sexual",321
"7279","Masc","Ignorado",5,"Tortura",19
"7280","Masc","Ignorado",5,"Trabalho infantil",27
"7281","Masc","Ignorado",5,"Tráfico",0
"7282","Masc","Ignorado",6,"Física",574
"7283","Masc","Ignorado",6,"Intervenção legal",2
"7284","Masc","Ignorado",6,"Negligência",800
"7285","Masc","Ignorado",6,"Outras",62
"7286","Masc","Ignorado",6,"Psicológica",349
"7287","Masc","Ignorado",6,"Sexual",331
"7288","Masc","Ignorado",6,"Tortura",26
"7289","Masc","Ignorado",6,"Trabalho infantil",22
"7290","Masc","Ignorado",6,"Tráfico",1
"7291","Masc","Ignorado",7,"Física",602
"7292","Masc","Ignorado",7,"Intervenção legal",5
"7293","Masc","Ignorado",7,"Negligência",734
"7294","Masc","Ignorado",7,"Outras",71
"7295","Masc","Ignorado",7,"Psicológica",372
"7296","Masc","Ignorado",7,"Sexual",330
"7297","Masc","Ignorado",7,"Tortura",28
"7298","Masc","Ignorado",7,"Trabalho infantil",28
"7299","Masc","Ignorado",7,"Tráfico",1
"7300","Masc","Ignorado",8,"Física",581
"7301","Masc","Ignorado",8,"Intervenção legal",5
"7302","Masc","Ignorado",8,"Negligência",678
"7303","Masc","Ignorado",8,"Outras",73
"7304","Masc","Ignorado",8,"Psicológica",315
"7305","Masc","Ignorado",8,"Sexual",315
"7306","Masc","Ignorado",8,"Tortura",28
"7307","Masc","Ignorado",8,"Trabalho infantil",28
"7308","Masc","Ignorado",8,"Tráfico",1
"7309","Masc","Ignorado",9,"Física",574
"7310","Masc","Ignorado",9,"Intervenção legal",2
"7311","Masc","Ignorado",9,"Negligência",572
"7312","Masc","Ignorado",9,"Outras",75
"7313","Masc","Ignorado",9,"Psicológica",352
"7314","Masc","Ignorado",9,"Sexual",233
"7315","Masc","Ignorado",9,"Tortura",29
"7316","Masc","Ignorado",9,"Trabalho infantil",33
"7317","Masc","Ignorado",9,"Tráfico",1
"7318","Masc","Ignorado",10,"Física",612
"7319","Masc","Ignorado",10,"Intervenção legal",3
"7320","Masc","Ignorado",10,"Negligência",578
"7321","Masc","Ignorado",10,"Outras",102
"7322","Masc","Ignorado",10,"Psicológica",340
"7323","Masc","Ignorado",10,"Sexual",213
"7324","Masc","Ignorado",10,"Tortura",29
"7325","Masc","Ignorado",10,"Trabalho infantil",55
"7326","Masc","Ignorado",10,"Tráfico",2
"7327","Masc","Ignorado",11,"Física",773
"7328","Masc","Ignorado",11,"Intervenção legal",0
"7329","Masc","Ignorado",11,"Negligência",532
"7330","Masc","Ignorado",11,"Outras",102
"7331","Masc","Ignorado",11,"Psicológica",322
"7332","Masc","Ignorado",11,"Sexual",167
"7333","Masc","Ignorado",11,"Tortura",29
"7334","Masc","Ignorado",11,"Trabalho infantil",76
"7335","Masc","Ignorado",11,"Tráfico",3
"7336","Masc","Ignorado",12,"Física",841
"7337","Masc","Ignorado",12,"Intervenção legal",4
"7338","Masc","Ignorado",12,"Negligência",513
"7339","Masc","Ignorado",12,"Outras",152
"7340","Masc","Ignorado",12,"Psicológica",342
"7341","Masc","Ignorado",12,"Sexual",172
"7342","Masc","Ignorado",12,"Tortura",19
"7343","Masc","Ignorado",12,"Trabalho infantil",79
"7344","Masc","Ignorado",12,"Tráfico",0
"7345","Masc","Ignorado",13,"Física",986
"7346","Masc","Ignorado",13,"Intervenção legal",4
"7347","Masc","Ignorado",13,"Negligência",460
"7348","Masc","Ignorado",13,"Outras",184
"7349","Masc","Ignorado",13,"Psicológica",309
"7350","Masc","Ignorado",13,"Sexual",166
"7351","Masc","Ignorado",13,"Tortura",23
"7352","Masc","Ignorado",13,"Trabalho infantil",114
"7353","Masc","Ignorado",13,"Tráfico",2
"7354","Masc","Ignorado",14,"Física",1455
"7355","Masc","Ignorado",14,"Intervenção legal",3
"7356","Masc","Ignorado",14,"Negligência",454
"7357","Masc","Ignorado",14,"Outras",298
"7358","Masc","Ignorado",14,"Psicológica",329
"7359","Masc","Ignorado",14,"Sexual",105
"7360","Masc","Ignorado",14,"Tortura",16
"7361","Masc","Ignorado",14,"Trabalho infantil",121
"7362","Masc","Ignorado",14,"Tráfico",1
"7363","Masc","Ignorado",15,"Física",2010
"7364","Masc","Ignorado",15,"Intervenção legal",18
"7365","Masc","Ignorado",15,"Negligência",449
"7366","Masc","Ignorado",15,"Outras",412
"7367","Masc","Ignorado",15,"Psicológica",357
"7368","Masc","Ignorado",15,"Sexual",90
"7369","Masc","Ignorado",15,"Tortura",29
"7370","Masc","Ignorado",15,"Trabalho infantil",139
"7371","Masc","Ignorado",15,"Tráfico",0
"7372","Masc","Ignorado",16,"Física",2680
"7373","Masc","Ignorado",16,"Intervenção legal",28
"7374","Masc","Ignorado",16,"Negligência",519
"7375","Masc","Ignorado",16,"Outras",543
"7376","Masc","Ignorado",16,"Psicológica",413
"7377","Masc","Ignorado",16,"Sexual",57
"7378","Masc","Ignorado",16,"Tortura",45
"7379","Masc","Ignorado",16,"Trabalho infantil",94
"7380","Masc","Ignorado",16,"Tráfico",2
"7381","Masc","Ignorado",17,"Física",3400
"7382","Masc","Ignorado",17,"Intervenção legal",46
"7383","Masc","Ignorado",17,"Negligência",490
"7384","Masc","Ignorado",17,"Outras",668
"7385","Masc","Ignorado",17,"Psicológica",399
"7386","Masc","Ignorado",17,"Sexual",72
"7387","Masc","Ignorado",17,"Tortura",27
"7388","Masc","Ignorado",17,"Trabalho infantil",54
"7389","Masc","Ignorado",17,"Tráfico",4
"7390","Masc","Ignorado",18,"Física",2396
"7391","Masc","Ignorado",18,"Intervenção legal",29
"7392","Masc","Ignorado",18,"Negligência",29
"7393","Masc","Ignorado",18,"Outras",675
"7394","Masc","Ignorado",18,"Psicológica",242
"7395","Masc","Ignorado",18,"Sexual",26
"7396","Masc","Ignorado",18,"Tortura",19
"7397","Masc","Ignorado",18,"Trabalho infantil",3
"7398","Masc","Ignorado",18,"Tráfico",3
"7399","Masc","Ignorado",19,"Física",2297
"7400","Masc","Ignorado",19,"Intervenção legal",34
"7401","Masc","Ignorado",19,"Negligência",15
"7402","Masc","Ignorado",19,"Outras",720
"7403","Masc","Ignorado",19,"Psicológica",217
"7404","Masc","Ignorado",19,"Sexual",31
"7405","Masc","Ignorado",19,"Tortura",19
"7406","Masc","Ignorado",19,"Trabalho infantil",1
"7407","Masc","Ignorado",19,"Tráfico",3
"7408","Masc","Ignorado",20,"Física",754
"7409","Masc","Ignorado",20,"Intervenção legal",43
"7410","Masc","Ignorado",20,"Negligência",11
"7411","Masc","Ignorado",20,"Outras",647
"7412","Masc","Ignorado",20,"Psicológica",107
"7413","Masc","Ignorado",20,"Sexual",22
"7414","Masc","Ignorado",20,"Tortura",15
"7415","Masc","Ignorado",20,"Trabalho infantil",0
"7416","Masc","Ignorado",20,"Tráfico",6
"7417","Masc","Ignorado",21,"Física",769
"7418","Masc","Ignorado",21,"Intervenção legal",24
"7419","Masc","Ignorado",21,"Negligência",11
"7420","Masc","Ignorado",21,"Outras",657
"7421","Masc","Ignorado",21,"Psicológica",103
"7422","Masc","Ignorado",21,"Sexual",29
"7423","Masc","Ignorado",21,"Tortura",21
"7424","Masc","Ignorado",21,"Trabalho infantil",1
"7425","Masc","Ignorado",21,"Tráfico",3
"7426","Masc","Ignorado",22,"Física",809
"7427","Masc","Ignorado",22,"Intervenção legal",24
"7428","Masc","Ignorado",22,"Negligência",11
"7429","Masc","Ignorado",22,"Outras",661
"7430","Masc","Ignorado",22,"Psicológica",91
"7431","Masc","Ignorado",22,"Sexual",21
"7432","Masc","Ignorado",22,"Tortura",17
"7433","Masc","Ignorado",22,"Trabalho infantil",0
"7434","Masc","Ignorado",22,"Tráfico",3
"7435","Masc","Ignorado",23,"Física",766
"7436","Masc","Ignorado",23,"Intervenção legal",20
"7437","Masc","Ignorado",23,"Negligência",10
"7438","Masc","Ignorado",23,"Outras",622
"7439","Masc","Ignorado",23,"Psicológica",99
"7440","Masc","Ignorado",23,"Sexual",19
"7441","Masc","Ignorado",23,"Tortura",17
"7442","Masc","Ignorado",23,"Trabalho infantil",1
"7443","Masc","Ignorado",23,"Tráfico",1
"7444","Masc","Ignorado",24,"Física",701
"7445","Masc","Ignorado",24,"Intervenção legal",24
"7446","Masc","Ignorado",24,"Negligência",11
"7447","Masc","Ignorado",24,"Outras",638
"7448","Masc","Ignorado",24,"Psicológica",88
"7449","Masc","Ignorado",24,"Sexual",17
"7450","Masc","Ignorado",24,"Tortura",19
"7451","Masc","Ignorado",24,"Trabalho infantil",0
"7452","Masc","Ignorado",24,"Tráfico",2
"7453","Masc","Ignorado",25,"Física",773
"7454","Masc","Ignorado",25,"Intervenção legal",15
"7455","Masc","Ignorado",25,"Negligência",14
"7456","Masc","Ignorado",25,"Outras",584
"7457","Masc","Ignorado",25,"Psicológica",110
"7458","Masc","Ignorado",25,"Sexual",20
"7459","Masc","Ignorado",25,"Tortura",12
"7460","Masc","Ignorado",25,"Trabalho infantil",0
"7461","Masc","Ignorado",25,"Tráfico",3
"7462","Masc","Ignorado",26,"Física",681
"7463","Masc","Ignorado",26,"Intervenção legal",16
"7464","Masc","Ignorado",26,"Negligência",5
"7465","Masc","Ignorado",26,"Outras",546
"7466","Masc","Ignorado",26,"Psicológica",90
"7467","Masc","Ignorado",26,"Sexual",21
"7468","Masc","Ignorado",26,"Tortura",8
"7469","Masc","Ignorado",26,"Trabalho infantil",0
"7470","Masc","Ignorado",26,"Tráfico",3
"7471","Masc","Ignorado",27,"Física",701
"7472","Masc","Ignorado",27,"Intervenção legal",14
"7473","Masc","Ignorado",27,"Negligência",9
"7474","Masc","Ignorado",27,"Outras",535
"7475","Masc","Ignorado",27,"Psicológica",92
"7476","Masc","Ignorado",27,"Sexual",8
"7477","Masc","Ignorado",27,"Tortura",10
"7478","Masc","Ignorado",27,"Trabalho infantil",0
"7479","Masc","Ignorado",27,"Tráfico",1
"7480","Masc","Ignorado",28,"Física",681
"7481","Masc","Ignorado",28,"Intervenção legal",24
"7482","Masc","Ignorado",28,"Negligência",8
"7483","Masc","Ignorado",28,"Outras",502
"7484","Masc","Ignorado",28,"Psicológica",78
"7485","Masc","Ignorado",28,"Sexual",12
"7486","Masc","Ignorado",28,"Tortura",5
"7487","Masc","Ignorado",28,"Trabalho infantil",0
"7488","Masc","Ignorado",28,"Tráfico",2
"7489","Masc","Ignorado",29,"Física",710
"7490","Masc","Ignorado",29,"Intervenção legal",15
"7491","Masc","Ignorado",29,"Negligência",9
"7492","Masc","Ignorado",29,"Outras",467
"7493","Masc","Ignorado",29,"Psicológica",107
"7494","Masc","Ignorado",29,"Sexual",9
"7495","Masc","Ignorado",29,"Tortura",16
"7496","Masc","Ignorado",29,"Trabalho infantil",0
"7497","Masc","Ignorado",29,"Tráfico",5
"7498","Masc","Ignorado",30,"Física",684
"7499","Masc","Ignorado",30,"Intervenção legal",20
"7500","Masc","Ignorado",30,"Negligência",7
"7501","Masc","Ignorado",30,"Outras",450
"7502","Masc","Ignorado",30,"Psicológica",91
"7503","Masc","Ignorado",30,"Sexual",13
"7504","Masc","Ignorado",30,"Tortura",16
"7505","Masc","Ignorado",30,"Trabalho infantil",0
"7506","Masc","Ignorado",30,"Tráfico",2
"7507","Masc","Ignorado",31,"Física",680
"7508","Masc","Ignorado",31,"Intervenção legal",11
"7509","Masc","Ignorado",31,"Negligência",7
"7510","Masc","Ignorado",31,"Outras",437
"7511","Masc","Ignorado",31,"Psicológica",85
"7512","Masc","Ignorado",31,"Sexual",9
"7513","Masc","Ignorado",31,"Tortura",13
"7514","Masc","Ignorado",31,"Trabalho infantil",1
"7515","Masc","Ignorado",31,"Tráfico",4
"7516","Masc","Ignorado",32,"Física",684
"7517","Masc","Ignorado",32,"Intervenção legal",19
"7518","Masc","Ignorado",32,"Negligência",8
"7519","Masc","Ignorado",32,"Outras",394
"7520","Masc","Ignorado",32,"Psicológica",74
"7521","Masc","Ignorado",32,"Sexual",8
"7522","Masc","Ignorado",32,"Tortura",19
"7523","Masc","Ignorado",32,"Trabalho infantil",0
"7524","Masc","Ignorado",32,"Tráfico",3
"7525","Masc","Ignorado",33,"Física",692
"7526","Masc","Ignorado",33,"Intervenção legal",15
"7527","Masc","Ignorado",33,"Negligência",8
"7528","Masc","Ignorado",33,"Outras",446
"7529","Masc","Ignorado",33,"Psicológica",104
"7530","Masc","Ignorado",33,"Sexual",6
"7531","Masc","Ignorado",33,"Tortura",18
"7532","Masc","Ignorado",33,"Trabalho infantil",0
"7533","Masc","Ignorado",33,"Tráfico",7
"7534","Masc","Ignorado",34,"Física",629
"7535","Masc","Ignorado",34,"Intervenção legal",12
"7536","Masc","Ignorado",34,"Negligência",9
"7537","Masc","Ignorado",34,"Outras",377
"7538","Masc","Ignorado",34,"Psicológica",85
"7539","Masc","Ignorado",34,"Sexual",10
"7540","Masc","Ignorado",34,"Tortura",12
"7541","Masc","Ignorado",34,"Trabalho infantil",1
"7542","Masc","Ignorado",34,"Tráfico",1
"7543","Masc","Ignorado",35,"Física",589
"7544","Masc","Ignorado",35,"Intervenção legal",9
"7545","Masc","Ignorado",35,"Negligência",8
"7546","Masc","Ignorado",35,"Outras",388
"7547","Masc","Ignorado",35,"Psicológica",72
"7548","Masc","Ignorado",35,"Sexual",9
"7549","Masc","Ignorado",35,"Tortura",19
"7550","Masc","Ignorado",35,"Trabalho infantil",0
"7551","Masc","Ignorado",35,"Tráfico",2
"7552","Masc","Ignorado",36,"Física",607
"7553","Masc","Ignorado",36,"Intervenção legal",7
"7554","Masc","Ignorado",36,"Negligência",6
"7555","Masc","Ignorado",36,"Outras",362
"7556","Masc","Ignorado",36,"Psicológica",76
"7557","Masc","Ignorado",36,"Sexual",10
"7558","Masc","Ignorado",36,"Tortura",13
"7559","Masc","Ignorado",36,"Trabalho infantil",0
"7560","Masc","Ignorado",36,"Tráfico",3
"7561","Masc","Ignorado",37,"Física",601
"7562","Masc","Ignorado",37,"Intervenção legal",8
"7563","Masc","Ignorado",37,"Negligência",6
"7564","Masc","Ignorado",37,"Outras",325
"7565","Masc","Ignorado",37,"Psicológica",79
"7566","Masc","Ignorado",37,"Sexual",5
"7567","Masc","Ignorado",37,"Tortura",11
"7568","Masc","Ignorado",37,"Trabalho infantil",0
"7569","Masc","Ignorado",37,"Tráfico",5
"7570","Masc","Ignorado",38,"Física",591
"7571","Masc","Ignorado",38,"Intervenção legal",7
"7572","Masc","Ignorado",38,"Negligência",3
"7573","Masc","Ignorado",38,"Outras",346
"7574","Masc","Ignorado",38,"Psicológica",63
"7575","Masc","Ignorado",38,"Sexual",3
"7576","Masc","Ignorado",38,"Tortura",13
"7577","Masc","Ignorado",38,"Trabalho infantil",0
"7578","Masc","Ignorado",38,"Tráfico",1
"7579","Masc","Ignorado",39,"Física",529
"7580","Masc","Ignorado",39,"Intervenção legal",9
"7581","Masc","Ignorado",39,"Negligência",11
"7582","Masc","Ignorado",39,"Outras",320
"7583","Masc","Ignorado",39,"Psicológica",62
"7584","Masc","Ignorado",39,"Sexual",10
"7585","Masc","Ignorado",39,"Tortura",16
"7586","Masc","Ignorado",39,"Trabalho infantil",0
"7587","Masc","Ignorado",39,"Tráfico",4
"7588","Masc","Ignorado",40,"Física",561
"7589","Masc","Ignorado",40,"Intervenção legal",5
"7590","Masc","Ignorado",40,"Negligência",6
"7591","Masc","Ignorado",40,"Outras",344
"7592","Masc","Ignorado",40,"Psicológica",77
"7593","Masc","Ignorado",40,"Sexual",4
"7594","Masc","Ignorado",40,"Tortura",5
"7595","Masc","Ignorado",40,"Trabalho infantil",0
"7596","Masc","Ignorado",40,"Tráfico",1
"7597","Masc","Ignorado",41,"Física",488
"7598","Masc","Ignorado",41,"Intervenção legal",11
"7599","Masc","Ignorado",41,"Negligência",8
"7600","Masc","Ignorado",41,"Outras",284
"7601","Masc","Ignorado",41,"Psicológica",62
"7602","Masc","Ignorado",41,"Sexual",2
"7603","Masc","Ignorado",41,"Tortura",9
"7604","Masc","Ignorado",41,"Trabalho infantil",0
"7605","Masc","Ignorado",41,"Tráfico",2
"7606","Masc","Ignorado",42,"Física",453
"7607","Masc","Ignorado",42,"Intervenção legal",2
"7608","Masc","Ignorado",42,"Negligência",10
"7609","Masc","Ignorado",42,"Outras",252
"7610","Masc","Ignorado",42,"Psicológica",65
"7611","Masc","Ignorado",42,"Sexual",9
"7612","Masc","Ignorado",42,"Tortura",6
"7613","Masc","Ignorado",42,"Trabalho infantil",0
"7614","Masc","Ignorado",42,"Tráfico",0
"7615","Masc","Ignorado",43,"Física",424
"7616","Masc","Ignorado",43,"Intervenção legal",5
"7617","Masc","Ignorado",43,"Negligência",11
"7618","Masc","Ignorado",43,"Outras",263
"7619","Masc","Ignorado",43,"Psicológica",54
"7620","Masc","Ignorado",43,"Sexual",4
"7621","Masc","Ignorado",43,"Tortura",14
"7622","Masc","Ignorado",43,"Trabalho infantil",1
"7623","Masc","Ignorado",43,"Tráfico",0
"7624","Masc","Ignorado",44,"Física",411
"7625","Masc","Ignorado",44,"Intervenção legal",6
"7626","Masc","Ignorado",44,"Negligência",9
"7627","Masc","Ignorado",44,"Outras",228
"7628","Masc","Ignorado",44,"Psicológica",53
"7629","Masc","Ignorado",44,"Sexual",4
"7630","Masc","Ignorado",44,"Tortura",7
"7631","Masc","Ignorado",44,"Trabalho infantil",0
"7632","Masc","Ignorado",44,"Tráfico",2
"7633","Masc","Ignorado",45,"Física",374
"7634","Masc","Ignorado",45,"Intervenção legal",1
"7635","Masc","Ignorado",45,"Negligência",2
"7636","Masc","Ignorado",45,"Outras",225
"7637","Masc","Ignorado",45,"Psicológica",51
"7638","Masc","Ignorado",45,"Sexual",6
"7639","Masc","Ignorado",45,"Tortura",8
"7640","Masc","Ignorado",45,"Trabalho infantil",0
"7641","Masc","Ignorado",45,"Tráfico",0
"7642","Masc","Ignorado",46,"Física",370
"7643","Masc","Ignorado",46,"Intervenção legal",4
"7644","Masc","Ignorado",46,"Negligência",9
"7645","Masc","Ignorado",46,"Outras",203
"7646","Masc","Ignorado",46,"Psicológica",46
"7647","Masc","Ignorado",46,"Sexual",4
"7648","Masc","Ignorado",46,"Tortura",7
"7649","Masc","Ignorado",46,"Trabalho infantil",0
"7650","Masc","Ignorado",46,"Tráfico",0
"7651","Masc","Ignorado",47,"Física",366
"7652","Masc","Ignorado",47,"Intervenção legal",4
"7653","Masc","Ignorado",47,"Negligência",10
"7654","Masc","Ignorado",47,"Outras",186
"7655","Masc","Ignorado",47,"Psicológica",45
"7656","Masc","Ignorado",47,"Sexual",7
"7657","Masc","Ignorado",47,"Tortura",12
"7658","Masc","Ignorado",47,"Trabalho infantil",0
"7659","Masc","Ignorado",47,"Tráfico",0
"7660","Masc","Ignorado",48,"Física",305
"7661","Masc","Ignorado",48,"Intervenção legal",3
"7662","Masc","Ignorado",48,"Negligência",7
"7663","Masc","Ignorado",48,"Outras",178
"7664","Masc","Ignorado",48,"Psicológica",40
"7665","Masc","Ignorado",48,"Sexual",6
"7666","Masc","Ignorado",48,"Tortura",5
"7667","Masc","Ignorado",48,"Trabalho infantil",0
"7668","Masc","Ignorado",48,"Tráfico",1
"7669","Masc","Ignorado",49,"Física",315
"7670","Masc","Ignorado",49,"Intervenção legal",4
"7671","Masc","Ignorado",49,"Negligência",7
"7672","Masc","Ignorado",49,"Outras",170
"7673","Masc","Ignorado",49,"Psicológica",44
"7674","Masc","Ignorado",49,"Sexual",2
"7675","Masc","Ignorado",49,"Tortura",10
"7676","Masc","Ignorado",49,"Trabalho infantil",0
"7677","Masc","Ignorado",49,"Tráfico",0
"7678","Masc","Ignorado",50,"Física",317
"7679","Masc","Ignorado",50,"Intervenção legal",2
"7680","Masc","Ignorado",50,"Negligência",9
"7681","Masc","Ignorado",50,"Outras",196
"7682","Masc","Ignorado",50,"Psicológica",34
"7683","Masc","Ignorado",50,"Sexual",1
"7684","Masc","Ignorado",50,"Tortura",9
"7685","Masc","Ignorado",50,"Trabalho infantil",0
"7686","Masc","Ignorado",50,"Tráfico",0
"7687","Masc","Ignorado",51,"Física",231
"7688","Masc","Ignorado",51,"Intervenção legal",3
"7689","Masc","Ignorado",51,"Negligência",9
"7690","Masc","Ignorado",51,"Outras",173
"7691","Masc","Ignorado",51,"Psicológica",34
"7692","Masc","Ignorado",51,"Sexual",3
"7693","Masc","Ignorado",51,"Tortura",5
"7694","Masc","Ignorado",51,"Trabalho infantil",0
"7695","Masc","Ignorado",51,"Tráfico",0
"7696","Masc","Ignorado",52,"Física",269
"7697","Masc","Ignorado",52,"Intervenção legal",3
"7698","Masc","Ignorado",52,"Negligência",8
"7699","Masc","Ignorado",52,"Outras",167
"7700","Masc","Ignorado",52,"Psicológica",31
"7701","Masc","Ignorado",52,"Sexual",4
"7702","Masc","Ignorado",52,"Tortura",4
"7703","Masc","Ignorado",52,"Trabalho infantil",0
"7704","Masc","Ignorado",52,"Tráfico",1
"7705","Masc","Ignorado",53,"Física",259
"7706","Masc","Ignorado",53,"Intervenção legal",4
"7707","Masc","Ignorado",53,"Negligência",24
"7708","Masc","Ignorado",53,"Outras",154
"7709","Masc","Ignorado",53,"Psicológica",39
"7710","Masc","Ignorado",53,"Sexual",2
"7711","Masc","Ignorado",53,"Tortura",5
"7712","Masc","Ignorado",53,"Trabalho infantil",0
"7713","Masc","Ignorado",53,"Tráfico",0
"7714","Masc","Ignorado",54,"Física",220
"7715","Masc","Ignorado",54,"Intervenção legal",4
"7716","Masc","Ignorado",54,"Negligência",8
"7717","Masc","Ignorado",54,"Outras",119
"7718","Masc","Ignorado",54,"Psicológica",31
"7719","Masc","Ignorado",54,"Sexual",1
"7720","Masc","Ignorado",54,"Tortura",7
"7721","Masc","Ignorado",54,"Trabalho infantil",0
"7722","Masc","Ignorado",54,"Tráfico",1
"7723","Masc","Ignorado",55,"Física",228
"7724","Masc","Ignorado",55,"Intervenção legal",2
"7725","Masc","Ignorado",55,"Negligência",12
"7726","Masc","Ignorado",55,"Outras",112
"7727","Masc","Ignorado",55,"Psicológica",34
"7728","Masc","Ignorado",55,"Sexual",0
"7729","Masc","Ignorado",55,"Tortura",3
"7730","Masc","Ignorado",55,"Trabalho infantil",0
"7731","Masc","Ignorado",55,"Tráfico",0
"7732","Masc","Ignorado",56,"Física",218
"7733","Masc","Ignorado",56,"Intervenção legal",3
"7734","Masc","Ignorado",56,"Negligência",13
"7735","Masc","Ignorado",56,"Outras",120
"7736","Masc","Ignorado",56,"Psicológica",38
"7737","Masc","Ignorado",56,"Sexual",2
"7738","Masc","Ignorado",56,"Tortura",5
"7739","Masc","Ignorado",56,"Trabalho infantil",0
"7740","Masc","Ignorado",56,"Tráfico",0
"7741","Masc","Ignorado",57,"Física",198
"7742","Masc","Ignorado",57,"Intervenção legal",2
"7743","Masc","Ignorado",57,"Negligência",10
"7744","Masc","Ignorado",57,"Outras",111
"7745","Masc","Ignorado",57,"Psicológica",31
"7746","Masc","Ignorado",57,"Sexual",4
"7747","Masc","Ignorado",57,"Tortura",5
"7748","Masc","Ignorado",57,"Trabalho infantil",0
"7749","Masc","Ignorado",57,"Tráfico",0
"7750","Masc","Ignorado",58,"Física",176
"7751","Masc","Ignorado",58,"Intervenção legal",3
"7752","Masc","Ignorado",58,"Negligência",9
"7753","Masc","Ignorado",58,"Outras",93
"7754","Masc","Ignorado",58,"Psicológica",31
"7755","Masc","Ignorado",58,"Sexual",3
"7756","Masc","Ignorado",58,"Tortura",6
"7757","Masc","Ignorado",58,"Trabalho infantil",0
"7758","Masc","Ignorado",58,"Tráfico",0
"7759","Masc","Ignorado",59,"Física",196
"7760","Masc","Ignorado",59,"Intervenção legal",0
"7761","Masc","Ignorado",59,"Negligência",17
"7762","Masc","Ignorado",59,"Outras",93
"7763","Masc","Ignorado",59,"Psicológica",25
"7764","Masc","Ignorado",59,"Sexual",1
"7765","Masc","Ignorado",59,"Tortura",4
"7766","Masc","Ignorado",59,"Trabalho infantil",0
"7767","Masc","Ignorado",59,"Tráfico",0
"7768","Masc","Ignorado",60,"Física",553
"7769","Masc","Ignorado",60,"Intervenção legal",2
"7770","Masc","Ignorado",60,"Negligência",52
"7771","Masc","Ignorado",60,"Outras",109
"7772","Masc","Ignorado",60,"Psicológica",92
"7773","Masc","Ignorado",60,"Sexual",0
"7774","Masc","Ignorado",60,"Tortura",3
"7775","Masc","Ignorado",60,"Trabalho infantil",0
"7776","Masc","Ignorado",60,"Tráfico",0
"7777","Masc","Ignorado",61,"Física",458
"7778","Masc","Ignorado",61,"Intervenção legal",2
"7779","Masc","Ignorado",61,"Negligência",42
"7780","Masc","Ignorado",61,"Outras",83
"7781","Masc","Ignorado",61,"Psicológica",84
"7782","Masc","Ignorado",61,"Sexual",1
"7783","Masc","Ignorado",61,"Tortura",5
"7784","Masc","Ignorado",61,"Trabalho infantil",0
"7785","Masc","Ignorado",61,"Tráfico",2
"7786","Masc","Ignorado",62,"Física",451
"7787","Masc","Ignorado",62,"Intervenção legal",1
"7788","Masc","Ignorado",62,"Negligência",34
"7789","Masc","Ignorado",62,"Outras",73
"7790","Masc","Ignorado",62,"Psicológica",46
"7791","Masc","Ignorado",62,"Sexual",1
"7792","Masc","Ignorado",62,"Tortura",3
"7793","Masc","Ignorado",62,"Trabalho infantil",0
"7794","Masc","Ignorado",62,"Tráfico",0
"7795","Masc","Ignorado",63,"Física",398
"7796","Masc","Ignorado",63,"Intervenção legal",3
"7797","Masc","Ignorado",63,"Negligência",51
"7798","Masc","Ignorado",63,"Outras",67
"7799","Masc","Ignorado",63,"Psicológica",57
"7800","Masc","Ignorado",63,"Sexual",2
"7801","Masc","Ignorado",63,"Tortura",6
"7802","Masc","Ignorado",63,"Trabalho infantil",1
"7803","Masc","Ignorado",63,"Tráfico",1
"7804","Masc","Ignorado",64,"Física",386
"7805","Masc","Ignorado",64,"Intervenção legal",2
"7806","Masc","Ignorado",64,"Negligência",42
"7807","Masc","Ignorado",64,"Outras",72
"7808","Masc","Ignorado",64,"Psicológica",54
"7809","Masc","Ignorado",64,"Sexual",2
"7810","Masc","Ignorado",64,"Tortura",3
"7811","Masc","Ignorado",64,"Trabalho infantil",0
"7812","Masc","Ignorado",64,"Tráfico",1
"7813","Masc","Ignorado",65,"Física",375
"7814","Masc","Ignorado",65,"Intervenção legal",2
"7815","Masc","Ignorado",65,"Negligência",52
"7816","Masc","Ignorado",65,"Outras",72
"7817","Masc","Ignorado",65,"Psicológica",68
"7818","Masc","Ignorado",65,"Sexual",3
"7819","Masc","Ignorado",65,"Tortura",3
"7820","Masc","Ignorado",65,"Trabalho infantil",0
"7821","Masc","Ignorado",65,"Tráfico",0
"7822","Masc","Ignorado",66,"Física",303
"7823","Masc","Ignorado",66,"Intervenção legal",0
"7824","Masc","Ignorado",66,"Negligência",54
"7825","Masc","Ignorado",66,"Outras",52
"7826","Masc","Ignorado",66,"Psicológica",44
"7827","Masc","Ignorado",66,"Sexual",0
"7828","Masc","Ignorado",66,"Tortura",6
"7829","Masc","Ignorado",66,"Trabalho infantil",0
"7830","Masc","Ignorado",66,"Tráfico",0
"7831","Masc","Ignorado",67,"Física",294
"7832","Masc","Ignorado",67,"Intervenção legal",1
"7833","Masc","Ignorado",67,"Negligência",56
"7834","Masc","Ignorado",67,"Outras",70
"7835","Masc","Ignorado",67,"Psicológica",50
"7836","Masc","Ignorado",67,"Sexual",4
"7837","Masc","Ignorado",67,"Tortura",6
"7838","Masc","Ignorado",67,"Trabalho infantil",0
"7839","Masc","Ignorado",67,"Tráfico",0
"7840","Masc","Ignorado",68,"Física",258
"7841","Masc","Ignorado",68,"Intervenção legal",0
"7842","Masc","Ignorado",68,"Negligência",51
"7843","Masc","Ignorado",68,"Outras",56
"7844","Masc","Ignorado",68,"Psicológica",43
"7845","Masc","Ignorado",68,"Sexual",1
"7846","Masc","Ignorado",68,"Tortura",4
"7847","Masc","Ignorado",68,"Trabalho infantil",0
"7848","Masc","Ignorado",68,"Tráfico",0
"7849","Masc","Ignorado",69,"Física",225
"7850","Masc","Ignorado",69,"Intervenção legal",1
"7851","Masc","Ignorado",69,"Negligência",60
"7852","Masc","Ignorado",69,"Outras",58
"7853","Masc","Ignorado",69,"Psicológica",49
"7854","Masc","Ignorado",69,"Sexual",3
"7855","Masc","Ignorado",69,"Tortura",3
"7856","Masc","Ignorado",69,"Trabalho infantil",0
"7857","Masc","Ignorado",69,"Tráfico",0
"7858","Masc","Ignorado",70,"Física",207
"7859","Masc","Ignorado",70,"Intervenção legal",1
"7860","Masc","Ignorado",70,"Negligência",72
"7861","Masc","Ignorado",70,"Outras",60
"7862","Masc","Ignorado",70,"Psicológica",37
"7863","Masc","Ignorado",70,"Sexual",1
"7864","Masc","Ignorado",70,"Tortura",2
"7865","Masc","Ignorado",70,"Trabalho infantil",1
"7866","Masc","Ignorado",70,"Tráfico",0
"7867","Masc","Ignorado",71,"Física",186
"7868","Masc","Ignorado",71,"Intervenção legal",1
"7869","Masc","Ignorado",71,"Negligência",66
"7870","Masc","Ignorado",71,"Outras",34
"7871","Masc","Ignorado",71,"Psicológica",35
"7872","Masc","Ignorado",71,"Sexual",0
"7873","Masc","Ignorado",71,"Tortura",4
"7874","Masc","Ignorado",71,"Trabalho infantil",0
"7875","Masc","Ignorado",71,"Tráfico",0
"7876","Masc","Ignorado",72,"Física",162
"7877","Masc","Ignorado",72,"Intervenção legal",0
"7878","Masc","Ignorado",72,"Negligência",70
"7879","Masc","Ignorado",72,"Outras",46
"7880","Masc","Ignorado",72,"Psicológica",37
"7881","Masc","Ignorado",72,"Sexual",1
"7882","Masc","Ignorado",72,"Tortura",5
"7883","Masc","Ignorado",72,"Trabalho infantil",0
"7884","Masc","Ignorado",72,"Tráfico",0
"7885","Masc","Ignorado",73,"Física",160
"7886","Masc","Ignorado",73,"Intervenção legal",0
"7887","Masc","Ignorado",73,"Negligência",67
"7888","Masc","Ignorado",73,"Outras",45
"7889","Masc","Ignorado",73,"Psicológica",35
"7890","Masc","Ignorado",73,"Sexual",0
"7891","Masc","Ignorado",73,"Tortura",2
"7892","Masc","Ignorado",73,"Trabalho infantil",0
"7893","Masc","Ignorado",73,"Tráfico",0
"7894","Masc","Ignorado",74,"Física",136
"7895","Masc","Ignorado",74,"Intervenção legal",0
"7896","Masc","Ignorado",74,"Negligência",55
"7897","Masc","Ignorado",74,"Outras",36
"7898","Masc","Ignorado",74,"Psicológica",29
"7899","Masc","Ignorado",74,"Sexual",0
"7900","Masc","Ignorado",74,"Tortura",2
"7901","Masc","Ignorado",74,"Trabalho infantil",0
"7902","Masc","Ignorado",74,"Tráfico",0
"7903","Masc","Ignorado",75,"Física",141
"7904","Masc","Ignorado",75,"Intervenção legal",1
"7905","Masc","Ignorado",75,"Negligência",71
"7906","Masc","Ignorado",75,"Outras",31
"7907","Masc","Ignorado",75,"Psicológica",32
"7908","Masc","Ignorado",75,"Sexual",1
"7909","Masc","Ignorado",75,"Tortura",0
"7910","Masc","Ignorado",75,"Trabalho infantil",0
"7911","Masc","Ignorado",75,"Tráfico",0
"7912","Masc","Ignorado",76,"Física",119
"7913","Masc","Ignorado",76,"Intervenção legal",0
"7914","Masc","Ignorado",76,"Negligência",79
"7915","Masc","Ignorado",76,"Outras",36
"7916","Masc","Ignorado",76,"Psicológica",33
"7917","Masc","Ignorado",76,"Sexual",1
"7918","Masc","Ignorado",76,"Tortura",5
"7919","Masc","Ignorado",76,"Trabalho infantil",0
"7920","Masc","Ignorado",76,"Tráfico",0
"7921","Masc","Ignorado",77,"Física",98
"7922","Masc","Ignorado",77,"Intervenção legal",0
"7923","Masc","Ignorado",77,"Negligência",50
"7924","Masc","Ignorado",77,"Outras",30
"7925","Masc","Ignorado",77,"Psicológica",27
"7926","Masc","Ignorado",77,"Sexual",0
"7927","Masc","Ignorado",77,"Tortura",2
"7928","Masc","Ignorado",77,"Trabalho infantil",0
"7929","Masc","Ignorado",77,"Tráfico",0
"7930","Masc","Ignorado",78,"Física",88
"7931","Masc","Ignorado",78,"Intervenção legal",0
"7932","Masc","Ignorado",78,"Negligência",55
"7933","Masc","Ignorado",78,"Outras",30
"7934","Masc","Ignorado",78,"Psicológica",31
"7935","Masc","Ignorado",78,"Sexual",1
"7936","Masc","Ignorado",78,"Tortura",1
"7937","Masc","Ignorado",78,"Trabalho infantil",0
"7938","Masc","Ignorado",78,"Tráfico",0
"7939","Masc","Ignorado",79,"Física",75
"7940","Masc","Ignorado",79,"Intervenção legal",1
"7941","Masc","Ignorado",79,"Negligência",61
"7942","Masc","Ignorado",79,"Outras",29
"7943","Masc","Ignorado",79,"Psicológica",20
"7944","Masc","Ignorado",79,"Sexual",1
"7945","Masc","Ignorado",79,"Tortura",1
"7946","Masc","Ignorado",79,"Trabalho infantil",0
"7947","Masc","Ignorado",79,"Tráfico",0
"7948","Masc","Ignorado",80,"Física",74
"7949","Masc","Ignorado",80,"Intervenção legal",0
"7950","Masc","Ignorado",80,"Negligência",57
"7951","Masc","Ignorado",80,"Outras",21
"7952","Masc","Ignorado",80,"Psicológica",26
"7953","Masc","Ignorado",80,"Sexual",0
"7954","Masc","Ignorado",80,"Tortura",0
"7955","Masc","Ignorado",80,"Trabalho infantil",1
"7956","Masc","Ignorado",80,"Tráfico",2
"7957","Masc","Ignorado",81,"Física",44
"7958","Masc","Ignorado",81,"Intervenção legal",0
"7959","Masc","Ignorado",81,"Negligência",51
"7960","Masc","Ignorado",81,"Outras",28
"7961","Masc","Ignorado",81,"Psicológica",20
"7962","Masc","Ignorado",81,"Sexual",0
"7963","Masc","Ignorado",81,"Tortura",1
"7964","Masc","Ignorado",81,"Trabalho infantil",0
"7965","Masc","Ignorado",81,"Tráfico",0
"7966","Masc","Ignorado",82,"Física",38
"7967","Masc","Ignorado",82,"Intervenção legal",0
"7968","Masc","Ignorado",82,"Negligência",45
"7969","Masc","Ignorado",82,"Outras",16
"7970","Masc","Ignorado",82,"Psicológica",12
"7971","Masc","Ignorado",82,"Sexual",1
"7972","Masc","Ignorado",82,"Tortura",3
"7973","Masc","Ignorado",82,"Trabalho infantil",0
"7974","Masc","Ignorado",82,"Tráfico",0
"7975","Masc","Ignorado",83,"Física",49
"7976","Masc","Ignorado",83,"Intervenção legal",0
"7977","Masc","Ignorado",83,"Negligência",47
"7978","Masc","Ignorado",83,"Outras",17
"7979","Masc","Ignorado",83,"Psicológica",20
"7980","Masc","Ignorado",83,"Sexual",0
"7981","Masc","Ignorado",83,"Tortura",0
"7982","Masc","Ignorado",83,"Trabalho infantil",0
"7983","Masc","Ignorado",83,"Tráfico",0
"7984","Masc","Ignorado",84,"Física",51
"7985","Masc","Ignorado",84,"Intervenção legal",0
"7986","Masc","Ignorado",84,"Negligência",42
"7987","Masc","Ignorado",84,"Outras",17
"7988","Masc","Ignorado",84,"Psicológica",16
"7989","Masc","Ignorado",84,"Sexual",1
"7990","Masc","Ignorado",84,"Tortura",3
"7991","Masc","Ignorado",84,"Trabalho infantil",1
"7992","Masc","Ignorado",84,"Tráfico",0
"7993","Masc","Ignorado",85,"Física",41
"7994","Masc","Ignorado",85,"Intervenção legal",0
"7995","Masc","Ignorado",85,"Negligência",46
"7996","Masc","Ignorado",85,"Outras",16
"7997","Masc","Ignorado",85,"Psicológica",16
"7998","Masc","Ignorado",85,"Sexual",0
"7999","Masc","Ignorado",85,"Tortura",3
"8000","Masc","Ignorado",85,"Trabalho infantil",0
"8001","Masc","Ignorado",85,"Tráfico",0
"8002","Masc","Ignorado",86,"Física",32
"8003","Masc","Ignorado",86,"Intervenção legal",0
"8004","Masc","Ignorado",86,"Negligência",39
"8005","Masc","Ignorado",86,"Outras",17
"8006","Masc","Ignorado",86,"Psicológica",9
"8007","Masc","Ignorado",86,"Sexual",0
"8008","Masc","Ignorado",86,"Tortura",1
"8009","Masc","Ignorado",86,"Trabalho infantil",0
"8010","Masc","Ignorado",86,"Tráfico",0
"8011","Masc","Ignorado",87,"Física",30
"8012","Masc","Ignorado",87,"Intervenção legal",0
"8013","Masc","Ignorado",87,"Negligência",36
"8014","Masc","Ignorado",87,"Outras",8
"8015","Masc","Ignorado",87,"Psicológica",9
"8016","Masc","Ignorado",87,"Sexual",0
"8017","Masc","Ignorado",87,"Tortura",1
"8018","Masc","Ignorado",87,"Trabalho infantil",0
"8019","Masc","Ignorado",87,"Tráfico",0
"8020","Masc","Ignorado",88,"Física",27
"8021","Masc","Ignorado",88,"Intervenção legal",0
"8022","Masc","Ignorado",88,"Negligência",24
"8023","Masc","Ignorado",88,"Outras",10
"8024","Masc","Ignorado",88,"Psicológica",10
"8025","Masc","Ignorado",88,"Sexual",0
"8026","Masc","Ignorado",88,"Tortura",0
"8027","Masc","Ignorado",88,"Trabalho infantil",0
"8028","Masc","Ignorado",88,"Tráfico",0
"8029","Masc","Ignorado",89,"Física",20
"8030","Masc","Ignorado",89,"Intervenção legal",0
"8031","Masc","Ignorado",89,"Negligência",26
"8032","Masc","Ignorado",89,"Outras",9
"8033","Masc","Ignorado",89,"Psicológica",8
"8034","Masc","Ignorado",89,"Sexual",1
"8035","Masc","Ignorado",89,"Tortura",1
"8036","Masc","Ignorado",89,"Trabalho infantil",0
"8037","Masc","Ignorado",89,"Tráfico",0
"8038","Masc","Ignorado",90,"Física",19
"8039","Masc","Ignorado",90,"Intervenção legal",0
"8040","Masc","Ignorado",90,"Negligência",21
"8041","Masc","Ignorado",90,"Outras",7
"8042","Masc","Ignorado",90,"Psicológica",2
"8043","Masc","Ignorado",90,"Sexual",0
"8044","Masc","Ignorado",90,"Tortura",0
"8045","Masc","Ignorado",90,"Trabalho infantil",0
"8046","Masc","Ignorado",90,"Tráfico",0
"8047","Masc","Ignorado",91,"Física",8
"8048","Masc","Ignorado",91,"Intervenção legal",0
"8049","Masc","Ignorado",91,"Negligência",28
"8050","Masc","Ignorado",91,"Outras",7
"8051","Masc","Ignorado",91,"Psicológica",5
"8052","Masc","Ignorado",91,"Sexual",0
"8053","Masc","Ignorado",91,"Tortura",2
"8054","Masc","Ignorado",91,"Trabalho infantil",0
"8055","Masc","Ignorado",91,"Tráfico",0
"8056","Masc","Ignorado",92,"Física",8
"8057","Masc","Ignorado",92,"Intervenção legal",0
"8058","Masc","Ignorado",92,"Negligência",16
"8059","Masc","Ignorado",92,"Outras",5
"8060","Masc","Ignorado",92,"Psicológica",4
"8061","Masc","Ignorado",92,"Sexual",0
"8062","Masc","Ignorado",92,"Tortura",2
"8063","Masc","Ignorado",92,"Trabalho infantil",0
"8064","Masc","Ignorado",92,"Tráfico",0
"8065","Masc","Ignorado",93,"Física",7
"8066","Masc","Ignorado",93,"Intervenção legal",0
"8067","Masc","Ignorado",93,"Negligência",14
"8068","Masc","Ignorado",93,"Outras",3
"8069","Masc","Ignorado",93,"Psicológica",4
"8070","Masc","Ignorado",93,"Sexual",0
"8071","Masc","Ignorado",93,"Tortura",1
"8072","Masc","Ignorado",93,"Trabalho infantil",0
"8073","Masc","Ignorado",93,"Tráfico",0
"8074","Masc","Ignorado",94,"Física",3
"8075","Masc","Ignorado",94,"Intervenção legal",0
"8076","Masc","Ignorado",94,"Negligência",11
"8077","Masc","Ignorado",94,"Outras",2
"8078","Masc","Ignorado",94,"Psicológica",3
"8079","Masc","Ignorado",94,"Sexual",0
"8080","Masc","Ignorado",94,"Tortura",0
"8081","Masc","Ignorado",94,"Trabalho infantil",0
"8082","Masc","Ignorado",94,"Tráfico",0
"8083","Masc","Ignorado",95,"Física",6
"8084","Masc","Ignorado",95,"Intervenção legal",0
"8085","Masc","Ignorado",95,"Negligência",10
"8086","Masc","Ignorado",95,"Outras",0
"8087","Masc","Ignorado",95,"Psicológica",1
"8088","Masc","Ignorado",95,"Sexual",0
"8089","Masc","Ignorado",95,"Tortura",1
"8090","Masc","Ignorado",95,"Trabalho infantil",0
"8091","Masc","Ignorado",95,"Tráfico",0
"8092","Masc","Ignorado",96,"Física",5
"8093","Masc","Ignorado",96,"Intervenção legal",0
"8094","Masc","Ignorado",96,"Negligência",7
"8095","Masc","Ignorado",96,"Outras",2
"8096","Masc","Ignorado",96,"Psicológica",3
"8097","Masc","Ignorado",96,"Sexual",0
"8098","Masc","Ignorado",96,"Tortura",0
"8099","Masc","Ignorado",96,"Trabalho infantil",0
"8100","Masc","Ignorado",96,"Tráfico",0
"8101","Masc","Ignorado",97,"Física",2
"8102","Masc","Ignorado",97,"Intervenção legal",0
"8103","Masc","Ignorado",97,"Negligência",2
"8104","Masc","Ignorado",97,"Outras",0
"8105","Masc","Ignorado",97,"Psicológica",0
"8106","Masc","Ignorado",97,"Sexual",0
"8107","Masc","Ignorado",97,"Tortura",0
"8108","Masc","Ignorado",97,"Trabalho infantil",0
"8109","Masc","Ignorado",97,"Tráfico",0
"8110","Masc","Ignorado",98,"Física",1
"8111","Masc","Ignorado",98,"Intervenção legal",0
"8112","Masc","Ignorado",98,"Negligência",5
"8113","Masc","Ignorado",98,"Outras",0
"8114","Masc","Ignorado",98,"Psicológica",0
"8115","Masc","Ignorado",98,"Sexual",0
"8116","Masc","Ignorado",98,"Tortura",0
"8117","Masc","Ignorado",98,"Trabalho infantil",0
"8118","Masc","Ignorado",98,"Tráfico",0
"8119","Masc","Ignorado",99,"Física",0
"8120","Masc","Ignorado",99,"Intervenção legal",0
"8121","Masc","Ignorado",99,"Negligência",1
"8122","Masc","Ignorado",99,"Outras",1
"8123","Masc","Ignorado",99,"Psicológica",0
"8124","Masc","Ignorado",99,"Sexual",0
"8125","Masc","Ignorado",99,"Tortura",0
"8126","Masc","Ignorado",99,"Trabalho infantil",0
"8127","Masc","Ignorado",99,"Tráfico",0
"8128","Masc","Ignorado",100,"Física",2
"8129","Masc","Ignorado",100,"Intervenção legal",0
"8130","Masc","Ignorado",100,"Negligência",0
"8131","Masc","Ignorado",100,"Outras",1
"8132","Masc","Ignorado",100,"Psicológica",0
"8133","Masc","Ignorado",100,"Sexual",0
"8134","Masc","Ignorado",100,"Tortura",0
"8135","Masc","Ignorado",100,"Trabalho infantil",0
"8136","Masc","Ignorado",100,"Tráfico",0
"8137","Masc","Preta",0,"Física",0
"8138","Masc","Preta",0,"Intervenção legal",0
"8139","Masc","Preta",0,"Negligência",4
"8140","Masc","Preta",0,"Outras",0
"8141","Masc","Preta",0,"Psicológica",1
"8142","Masc","Preta",0,"Sexual",0
"8143","Masc","Preta",0,"Tortura",0
"8144","Masc","Preta",0,"Trabalho infantil",0
"8145","Masc","Preta",0,"Tráfico",0
"8146","Masc","Preta",1,"Física",234
"8147","Masc","Preta",1,"Intervenção legal",2
"8148","Masc","Preta",1,"Negligência",1228
"8149","Masc","Preta",1,"Outras",39
"8150","Masc","Preta",1,"Psicológica",82
"8151","Masc","Preta",1,"Sexual",57
"8152","Masc","Preta",1,"Tortura",6
"8153","Masc","Preta",1,"Trabalho infantil",10
"8154","Masc","Preta",1,"Tráfico",0
"8155","Masc","Preta",2,"Física",276
"8156","Masc","Preta",2,"Intervenção legal",0
"8157","Masc","Preta",2,"Negligência",919
"8158","Masc","Preta",2,"Outras",37
"8159","Masc","Preta",2,"Psicológica",119
"8160","Masc","Preta",2,"Sexual",171
"8161","Masc","Preta",2,"Tortura",13
"8162","Masc","Preta",2,"Trabalho infantil",3
"8163","Masc","Preta",2,"Tráfico",0
"8164","Masc","Preta",3,"Física",300
"8165","Masc","Preta",3,"Intervenção legal",3
"8166","Masc","Preta",3,"Negligência",722
"8167","Masc","Preta",3,"Outras",40
"8168","Masc","Preta",3,"Psicológica",155
"8169","Masc","Preta",3,"Sexual",273
"8170","Masc","Preta",3,"Tortura",19
"8171","Masc","Preta",3,"Trabalho infantil",5
"8172","Masc","Preta",3,"Tráfico",0
"8173","Masc","Preta",4,"Física",334
"8174","Masc","Preta",4,"Intervenção legal",3
"8175","Masc","Preta",4,"Negligência",682
"8176","Masc","Preta",4,"Outras",38
"8177","Masc","Preta",4,"Psicológica",197
"8178","Masc","Preta",4,"Sexual",299
"8179","Masc","Preta",4,"Tortura",12
"8180","Masc","Preta",4,"Trabalho infantil",9
"8181","Masc","Preta",4,"Tráfico",0
"8182","Masc","Preta",5,"Física",327
"8183","Masc","Preta",5,"Intervenção legal",2
"8184","Masc","Preta",5,"Negligência",577
"8185","Masc","Preta",5,"Outras",38
"8186","Masc","Preta",5,"Psicológica",217
"8187","Masc","Preta",5,"Sexual",341
"8188","Masc","Preta",5,"Tortura",21
"8189","Masc","Preta",5,"Trabalho infantil",9
"8190","Masc","Preta",5,"Tráfico",2
"8191","Masc","Preta",6,"Física",388
"8192","Masc","Preta",6,"Intervenção legal",3
"8193","Masc","Preta",6,"Negligência",497
"8194","Masc","Preta",6,"Outras",32
"8195","Masc","Preta",6,"Psicológica",271
"8196","Masc","Preta",6,"Sexual",343
"8197","Masc","Preta",6,"Tortura",24
"8198","Masc","Preta",6,"Trabalho infantil",15
"8199","Masc","Preta",6,"Tráfico",0
"8200","Masc","Preta",7,"Física",457
"8201","Masc","Preta",7,"Intervenção legal",0
"8202","Masc","Preta",7,"Negligência",472
"8203","Masc","Preta",7,"Outras",39
"8204","Masc","Preta",7,"Psicológica",277
"8205","Masc","Preta",7,"Sexual",295
"8206","Masc","Preta",7,"Tortura",17
"8207","Masc","Preta",7,"Trabalho infantil",18
"8208","Masc","Preta",7,"Tráfico",1
"8209","Masc","Preta",8,"Física",511
"8210","Masc","Preta",8,"Intervenção legal",2
"8211","Masc","Preta",8,"Negligência",440
"8212","Masc","Preta",8,"Outras",51
"8213","Masc","Preta",8,"Psicológica",300
"8214","Masc","Preta",8,"Sexual",280
"8215","Masc","Preta",8,"Tortura",28
"8216","Masc","Preta",8,"Trabalho infantil",25
"8217","Masc","Preta",8,"Tráfico",0
"8218","Masc","Preta",9,"Física",514
"8219","Masc","Preta",9,"Intervenção legal",3
"8220","Masc","Preta",9,"Negligência",407
"8221","Masc","Preta",9,"Outras",40
"8222","Masc","Preta",9,"Psicológica",292
"8223","Masc","Preta",9,"Sexual",245
"8224","Masc","Preta",9,"Tortura",23
"8225","Masc","Preta",9,"Trabalho infantil",43
"8226","Masc","Preta",9,"Tráfico",1
"8227","Masc","Preta",10,"Física",515
"8228","Masc","Preta",10,"Intervenção legal",1
"8229","Masc","Preta",10,"Negligência",432
"8230","Masc","Preta",10,"Outras",57
"8231","Masc","Preta",10,"Psicológica",302
"8232","Masc","Preta",10,"Sexual",239
"8233","Masc","Preta",10,"Tortura",33
"8234","Masc","Preta",10,"Trabalho infantil",43
"8235","Masc","Preta",10,"Tráfico",2
"8236","Masc","Preta",11,"Física",634
"8237","Masc","Preta",11,"Intervenção legal",1
"8238","Masc","Preta",11,"Negligência",405
"8239","Masc","Preta",11,"Outras",78
"8240","Masc","Preta",11,"Psicológica",333
"8241","Masc","Preta",11,"Sexual",249
"8242","Masc","Preta",11,"Tortura",40
"8243","Masc","Preta",11,"Trabalho infantil",74
"8244","Masc","Preta",11,"Tráfico",0
"8245","Masc","Preta",12,"Física",705
"8246","Masc","Preta",12,"Intervenção legal",2
"8247","Masc","Preta",12,"Negligência",390
"8248","Masc","Preta",12,"Outras",127
"8249","Masc","Preta",12,"Psicológica",336
"8250","Masc","Preta",12,"Sexual",232
"8251","Masc","Preta",12,"Tortura",31
"8252","Masc","Preta",12,"Trabalho infantil",86
"8253","Masc","Preta",12,"Tráfico",2
"8254","Masc","Preta",13,"Física",918
"8255","Masc","Preta",13,"Intervenção legal",7
"8256","Masc","Preta",13,"Negligência",402
"8257","Masc","Preta",13,"Outras",169
"8258","Masc","Preta",13,"Psicológica",332
"8259","Masc","Preta",13,"Sexual",223
"8260","Masc","Preta",13,"Tortura",28
"8261","Masc","Preta",13,"Trabalho infantil",109
"8262","Masc","Preta",13,"Tráfico",1
"8263","Masc","Preta",14,"Física",1222
"8264","Masc","Preta",14,"Intervenção legal",17
"8265","Masc","Preta",14,"Negligência",459
"8266","Masc","Preta",14,"Outras",253
"8267","Masc","Preta",14,"Psicológica",405
"8268","Masc","Preta",14,"Sexual",159
"8269","Masc","Preta",14,"Tortura",28
"8270","Masc","Preta",14,"Trabalho infantil",134
"8271","Masc","Preta",14,"Tráfico",0
"8272","Masc","Preta",15,"Física",1597
"8273","Masc","Preta",15,"Intervenção legal",31
"8274","Masc","Preta",15,"Negligência",467
"8275","Masc","Preta",15,"Outras",393
"8276","Masc","Preta",15,"Psicológica",394
"8277","Masc","Preta",15,"Sexual",123
"8278","Masc","Preta",15,"Tortura",49
"8279","Masc","Preta",15,"Trabalho infantil",107
"8280","Masc","Preta",15,"Tráfico",5
"8281","Masc","Preta",16,"Física",2110
"8282","Masc","Preta",16,"Intervenção legal",27
"8283","Masc","Preta",16,"Negligência",493
"8284","Masc","Preta",16,"Outras",496
"8285","Masc","Preta",16,"Psicológica",407
"8286","Masc","Preta",16,"Sexual",100
"8287","Masc","Preta",16,"Tortura",58
"8288","Masc","Preta",16,"Trabalho infantil",96
"8289","Masc","Preta",16,"Tráfico",2
"8290","Masc","Preta",17,"Física",2543
"8291","Masc","Preta",17,"Intervenção legal",43
"8292","Masc","Preta",17,"Negligência",514
"8293","Masc","Preta",17,"Outras",578
"8294","Masc","Preta",17,"Psicológica",421
"8295","Masc","Preta",17,"Sexual",77
"8296","Masc","Preta",17,"Tortura",75
"8297","Masc","Preta",17,"Trabalho infantil",35
"8298","Masc","Preta",17,"Tráfico",2
"8299","Masc","Preta",18,"Física",1709
"8300","Masc","Preta",18,"Intervenção legal",24
"8301","Masc","Preta",18,"Negligência",48
"8302","Masc","Preta",18,"Outras",515
"8303","Masc","Preta",18,"Psicológica",221
"8304","Masc","Preta",18,"Sexual",62
"8305","Masc","Preta",18,"Tortura",50
"8306","Masc","Preta",18,"Trabalho infantil",1
"8307","Masc","Preta",18,"Tráfico",1
"8308","Masc","Preta",19,"Física",1632
"8309","Masc","Preta",19,"Intervenção legal",23
"8310","Masc","Preta",19,"Negligência",26
"8311","Masc","Preta",19,"Outras",556
"8312","Masc","Preta",19,"Psicológica",232
"8313","Masc","Preta",19,"Sexual",65
"8314","Masc","Preta",19,"Tortura",40
"8315","Masc","Preta",19,"Trabalho infantil",0
"8316","Masc","Preta",19,"Tráfico",2
"8317","Masc","Preta",20,"Física",1056
"8318","Masc","Preta",20,"Intervenção legal",24
"8319","Masc","Preta",20,"Negligência",16
"8320","Masc","Preta",20,"Outras",586
"8321","Masc","Preta",20,"Psicológica",190
"8322","Masc","Preta",20,"Sexual",46
"8323","Masc","Preta",20,"Tortura",38
"8324","Masc","Preta",20,"Trabalho infantil",0
"8325","Masc","Preta",20,"Tráfico",6
"8326","Masc","Preta",21,"Física",1072
"8327","Masc","Preta",21,"Intervenção legal",12
"8328","Masc","Preta",21,"Negligência",13
"8329","Masc","Preta",21,"Outras",558
"8330","Masc","Preta",21,"Psicológica",181
"8331","Masc","Preta",21,"Sexual",42
"8332","Masc","Preta",21,"Tortura",36
"8333","Masc","Preta",21,"Trabalho infantil",0
"8334","Masc","Preta",21,"Tráfico",3
"8335","Masc","Preta",22,"Física",1114
"8336","Masc","Preta",22,"Intervenção legal",15
"8337","Masc","Preta",22,"Negligência",14
"8338","Masc","Preta",22,"Outras",572
"8339","Masc","Preta",22,"Psicológica",183
"8340","Masc","Preta",22,"Sexual",36
"8341","Masc","Preta",22,"Tortura",47
"8342","Masc","Preta",22,"Trabalho infantil",0
"8343","Masc","Preta",22,"Tráfico",2
"8344","Masc","Preta",23,"Física",1155
"8345","Masc","Preta",23,"Intervenção legal",10
"8346","Masc","Preta",23,"Negligência",12
"8347","Masc","Preta",23,"Outras",540
"8348","Masc","Preta",23,"Psicológica",199
"8349","Masc","Preta",23,"Sexual",38
"8350","Masc","Preta",23,"Tortura",45
"8351","Masc","Preta",23,"Trabalho infantil",0
"8352","Masc","Preta",23,"Tráfico",2
"8353","Masc","Preta",24,"Física",1185
"8354","Masc","Preta",24,"Intervenção legal",15
"8355","Masc","Preta",24,"Negligência",12
"8356","Masc","Preta",24,"Outras",535
"8357","Masc","Preta",24,"Psicológica",183
"8358","Masc","Preta",24,"Sexual",30
"8359","Masc","Preta",24,"Tortura",33
"8360","Masc","Preta",24,"Trabalho infantil",0
"8361","Masc","Preta",24,"Tráfico",5
"8362","Masc","Preta",25,"Física",1160
"8363","Masc","Preta",25,"Intervenção legal",10
"8364","Masc","Preta",25,"Negligência",13
"8365","Masc","Preta",25,"Outras",507
"8366","Masc","Preta",25,"Psicológica",192
"8367","Masc","Preta",25,"Sexual",36
"8368","Masc","Preta",25,"Tortura",27
"8369","Masc","Preta",25,"Trabalho infantil",0
"8370","Masc","Preta",25,"Tráfico",3
"8371","Masc","Preta",26,"Física",1107
"8372","Masc","Preta",26,"Intervenção legal",13
"8373","Masc","Preta",26,"Negligência",19
"8374","Masc","Preta",26,"Outras",537
"8375","Masc","Preta",26,"Psicológica",192
"8376","Masc","Preta",26,"Sexual",32
"8377","Masc","Preta",26,"Tortura",37
"8378","Masc","Preta",26,"Trabalho infantil",1
"8379","Masc","Preta",26,"Tráfico",0
"8380","Masc","Preta",27,"Física",1103
"8381","Masc","Preta",27,"Intervenção legal",8
"8382","Masc","Preta",27,"Negligência",10
"8383","Masc","Preta",27,"Outras",475
"8384","Masc","Preta",27,"Psicológica",193
"8385","Masc","Preta",27,"Sexual",30
"8386","Masc","Preta",27,"Tortura",46
"8387","Masc","Preta",27,"Trabalho infantil",0
"8388","Masc","Preta",27,"Tráfico",1
"8389","Masc","Preta",28,"Física",1054
"8390","Masc","Preta",28,"Intervenção legal",11
"8391","Masc","Preta",28,"Negligência",11
"8392","Masc","Preta",28,"Outras",494
"8393","Masc","Preta",28,"Psicológica",153
"8394","Masc","Preta",28,"Sexual",21
"8395","Masc","Preta",28,"Tortura",35
"8396","Masc","Preta",28,"Trabalho infantil",0
"8397","Masc","Preta",28,"Tráfico",2
"8398","Masc","Preta",29,"Física",1095
"8399","Masc","Preta",29,"Intervenção legal",10
"8400","Masc","Preta",29,"Negligência",12
"8401","Masc","Preta",29,"Outras",462
"8402","Masc","Preta",29,"Psicológica",183
"8403","Masc","Preta",29,"Sexual",23
"8404","Masc","Preta",29,"Tortura",31
"8405","Masc","Preta",29,"Trabalho infantil",1
"8406","Masc","Preta",29,"Tráfico",1
"8407","Masc","Preta",30,"Física",1102
"8408","Masc","Preta",30,"Intervenção legal",13
"8409","Masc","Preta",30,"Negligência",8
"8410","Masc","Preta",30,"Outras",450
"8411","Masc","Preta",30,"Psicológica",175
"8412","Masc","Preta",30,"Sexual",30
"8413","Masc","Preta",30,"Tortura",43
"8414","Masc","Preta",30,"Trabalho infantil",0
"8415","Masc","Preta",30,"Tráfico",1
"8416","Masc","Preta",31,"Física",1089
"8417","Masc","Preta",31,"Intervenção legal",7
"8418","Masc","Preta",31,"Negligência",13
"8419","Masc","Preta",31,"Outras",408
"8420","Masc","Preta",31,"Psicológica",180
"8421","Masc","Preta",31,"Sexual",20
"8422","Masc","Preta",31,"Tortura",33
"8423","Masc","Preta",31,"Trabalho infantil",0
"8424","Masc","Preta",31,"Tráfico",2
"8425","Masc","Preta",32,"Física",996
"8426","Masc","Preta",32,"Intervenção legal",11
"8427","Masc","Preta",32,"Negligência",10
"8428","Masc","Preta",32,"Outras",393
"8429","Masc","Preta",32,"Psicológica",142
"8430","Masc","Preta",32,"Sexual",20
"8431","Masc","Preta",32,"Tortura",34
"8432","Masc","Preta",32,"Trabalho infantil",0
"8433","Masc","Preta",32,"Tráfico",0
"8434","Masc","Preta",33,"Física",1053
"8435","Masc","Preta",33,"Intervenção legal",4
"8436","Masc","Preta",33,"Negligência",9
"8437","Masc","Preta",33,"Outras",386
"8438","Masc","Preta",33,"Psicológica",161
"8439","Masc","Preta",33,"Sexual",13
"8440","Masc","Preta",33,"Tortura",31
"8441","Masc","Preta",33,"Trabalho infantil",0
"8442","Masc","Preta",33,"Tráfico",0
"8443","Masc","Preta",34,"Física",979
"8444","Masc","Preta",34,"Intervenção legal",7
"8445","Masc","Preta",34,"Negligência",16
"8446","Masc","Preta",34,"Outras",379
"8447","Masc","Preta",34,"Psicológica",165
"8448","Masc","Preta",34,"Sexual",10
"8449","Masc","Preta",34,"Tortura",34
"8450","Masc","Preta",34,"Trabalho infantil",1
"8451","Masc","Preta",34,"Tráfico",2
"8452","Masc","Preta",35,"Física",1020
"8453","Masc","Preta",35,"Intervenção legal",10
"8454","Masc","Preta",35,"Negligência",12
"8455","Masc","Preta",35,"Outras",353
"8456","Masc","Preta",35,"Psicológica",175
"8457","Masc","Preta",35,"Sexual",16
"8458","Masc","Preta",35,"Tortura",32
"8459","Masc","Preta",35,"Trabalho infantil",0
"8460","Masc","Preta",35,"Tráfico",2
"8461","Masc","Preta",36,"Física",892
"8462","Masc","Preta",36,"Intervenção legal",8
"8463","Masc","Preta",36,"Negligência",11
"8464","Masc","Preta",36,"Outras",346
"8465","Masc","Preta",36,"Psicológica",150
"8466","Masc","Preta",36,"Sexual",8
"8467","Masc","Preta",36,"Tortura",24
"8468","Masc","Preta",36,"Trabalho infantil",0
"8469","Masc","Preta",36,"Tráfico",2
"8470","Masc","Preta",37,"Física",891
"8471","Masc","Preta",37,"Intervenção legal",11
"8472","Masc","Preta",37,"Negligência",4
"8473","Masc","Preta",37,"Outras",313
"8474","Masc","Preta",37,"Psicológica",146
"8475","Masc","Preta",37,"Sexual",8
"8476","Masc","Preta",37,"Tortura",35
"8477","Masc","Preta",37,"Trabalho infantil",0
"8478","Masc","Preta",37,"Tráfico",0
"8479","Masc","Preta",38,"Física",883
"8480","Masc","Preta",38,"Intervenção legal",10
"8481","Masc","Preta",38,"Negligência",17
"8482","Masc","Preta",38,"Outras",314
"8483","Masc","Preta",38,"Psicológica",134
"8484","Masc","Preta",38,"Sexual",14
"8485","Masc","Preta",38,"Tortura",23
"8486","Masc","Preta",38,"Trabalho infantil",0
"8487","Masc","Preta",38,"Tráfico",4
"8488","Masc","Preta",39,"Física",846
"8489","Masc","Preta",39,"Intervenção legal",7
"8490","Masc","Preta",39,"Negligência",14
"8491","Masc","Preta",39,"Outras",323
"8492","Masc","Preta",39,"Psicológica",149
"8493","Masc","Preta",39,"Sexual",14
"8494","Masc","Preta",39,"Tortura",31
"8495","Masc","Preta",39,"Trabalho infantil",0
"8496","Masc","Preta",39,"Tráfico",0
"8497","Masc","Preta",40,"Física",825
"8498","Masc","Preta",40,"Intervenção legal",11
"8499","Masc","Preta",40,"Negligência",11
"8500","Masc","Preta",40,"Outras",260
"8501","Masc","Preta",40,"Psicológica",151
"8502","Masc","Preta",40,"Sexual",10
"8503","Masc","Preta",40,"Tortura",26
"8504","Masc","Preta",40,"Trabalho infantil",0
"8505","Masc","Preta",40,"Tráfico",1
"8506","Masc","Preta",41,"Física",803
"8507","Masc","Preta",41,"Intervenção legal",6
"8508","Masc","Preta",41,"Negligência",7
"8509","Masc","Preta",41,"Outras",236
"8510","Masc","Preta",41,"Psicológica",124
"8511","Masc","Preta",41,"Sexual",14
"8512","Masc","Preta",41,"Tortura",17
"8513","Masc","Preta",41,"Trabalho infantil",0
"8514","Masc","Preta",41,"Tráfico",1
"8515","Masc","Preta",42,"Física",748
"8516","Masc","Preta",42,"Intervenção legal",3
"8517","Masc","Preta",42,"Negligência",9
"8518","Masc","Preta",42,"Outras",257
"8519","Masc","Preta",42,"Psicológica",131
"8520","Masc","Preta",42,"Sexual",13
"8521","Masc","Preta",42,"Tortura",16
"8522","Masc","Preta",42,"Trabalho infantil",1
"8523","Masc","Preta",42,"Tráfico",1
"8524","Masc","Preta",43,"Física",751
"8525","Masc","Preta",43,"Intervenção legal",1
"8526","Masc","Preta",43,"Negligência",11
"8527","Masc","Preta",43,"Outras",224
"8528","Masc","Preta",43,"Psicológica",120
"8529","Masc","Preta",43,"Sexual",7
"8530","Masc","Preta",43,"Tortura",19
"8531","Masc","Preta",43,"Trabalho infantil",1
"8532","Masc","Preta",43,"Tráfico",2
"8533","Masc","Preta",44,"Física",666
"8534","Masc","Preta",44,"Intervenção legal",9
"8535","Masc","Preta",44,"Negligência",8
"8536","Masc","Preta",44,"Outras",220
"8537","Masc","Preta",44,"Psicológica",106
"8538","Masc","Preta",44,"Sexual",12
"8539","Masc","Preta",44,"Tortura",14
"8540","Masc","Preta",44,"Trabalho infantil",1
"8541","Masc","Preta",44,"Tráfico",3
"8542","Masc","Preta",45,"Física",654
"8543","Masc","Preta",45,"Intervenção legal",3
"8544","Masc","Preta",45,"Negligência",8
"8545","Masc","Preta",45,"Outras",189
"8546","Masc","Preta",45,"Psicológica",95
"8547","Masc","Preta",45,"Sexual",10
"8548","Masc","Preta",45,"Tortura",25
"8549","Masc","Preta",45,"Trabalho infantil",1
"8550","Masc","Preta",45,"Tráfico",0
"8551","Masc","Preta",46,"Física",595
"8552","Masc","Preta",46,"Intervenção legal",6
"8553","Masc","Preta",46,"Negligência",16
"8554","Masc","Preta",46,"Outras",165
"8555","Masc","Preta",46,"Psicológica",91
"8556","Masc","Preta",46,"Sexual",8
"8557","Masc","Preta",46,"Tortura",16
"8558","Masc","Preta",46,"Trabalho infantil",0
"8559","Masc","Preta",46,"Tráfico",0
"8560","Masc","Preta",47,"Física",577
"8561","Masc","Preta",47,"Intervenção legal",5
"8562","Masc","Preta",47,"Negligência",15
"8563","Masc","Preta",47,"Outras",165
"8564","Masc","Preta",47,"Psicológica",84
"8565","Masc","Preta",47,"Sexual",9
"8566","Masc","Preta",47,"Tortura",17
"8567","Masc","Preta",47,"Trabalho infantil",0
"8568","Masc","Preta",47,"Tráfico",2
"8569","Masc","Preta",48,"Física",519
"8570","Masc","Preta",48,"Intervenção legal",7
"8571","Masc","Preta",48,"Negligência",7
"8572","Masc","Preta",48,"Outras",151
"8573","Masc","Preta",48,"Psicológica",77
"8574","Masc","Preta",48,"Sexual",4
"8575","Masc","Preta",48,"Tortura",15
"8576","Masc","Preta",48,"Trabalho infantil",1
"8577","Masc","Preta",48,"Tráfico",0
"8578","Masc","Preta",49,"Física",464
"8579","Masc","Preta",49,"Intervenção legal",3
"8580","Masc","Preta",49,"Negligência",16
"8581","Masc","Preta",49,"Outras",125
"8582","Masc","Preta",49,"Psicológica",83
"8583","Masc","Preta",49,"Sexual",5
"8584","Masc","Preta",49,"Tortura",15
"8585","Masc","Preta",49,"Trabalho infantil",0
"8586","Masc","Preta",49,"Tráfico",1
"8587","Masc","Preta",50,"Física",458
"8588","Masc","Preta",50,"Intervenção legal",4
"8589","Masc","Preta",50,"Negligência",12
"8590","Masc","Preta",50,"Outras",125
"8591","Masc","Preta",50,"Psicológica",77
"8592","Masc","Preta",50,"Sexual",7
"8593","Masc","Preta",50,"Tortura",16
"8594","Masc","Preta",50,"Trabalho infantil",0
"8595","Masc","Preta",50,"Tráfico",0
"8596","Masc","Preta",51,"Física",407
"8597","Masc","Preta",51,"Intervenção legal",1
"8598","Masc","Preta",51,"Negligência",17
"8599","Masc","Preta",51,"Outras",137
"8600","Masc","Preta",51,"Psicológica",84
"8601","Masc","Preta",51,"Sexual",4
"8602","Masc","Preta",51,"Tortura",18
"8603","Masc","Preta",51,"Trabalho infantil",0
"8604","Masc","Preta",51,"Tráfico",1
"8605","Masc","Preta",52,"Física",324
"8606","Masc","Preta",52,"Intervenção legal",4
"8607","Masc","Preta",52,"Negligência",26
"8608","Masc","Preta",52,"Outras",127
"8609","Masc","Preta",52,"Psicológica",67
"8610","Masc","Preta",52,"Sexual",4
"8611","Masc","Preta",52,"Tortura",11
"8612","Masc","Preta",52,"Trabalho infantil",0
"8613","Masc","Preta",52,"Tráfico",1
"8614","Masc","Preta",53,"Física",366
"8615","Masc","Preta",53,"Intervenção legal",2
"8616","Masc","Preta",53,"Negligência",16
"8617","Masc","Preta",53,"Outras",106
"8618","Masc","Preta",53,"Psicológica",69
"8619","Masc","Preta",53,"Sexual",1
"8620","Masc","Preta",53,"Tortura",8
"8621","Masc","Preta",53,"Trabalho infantil",0
"8622","Masc","Preta",53,"Tráfico",0
"8623","Masc","Preta",54,"Física",313
"8624","Masc","Preta",54,"Intervenção legal",0
"8625","Masc","Preta",54,"Negligência",21
"8626","Masc","Preta",54,"Outras",111
"8627","Masc","Preta",54,"Psicológica",68
"8628","Masc","Preta",54,"Sexual",5
"8629","Masc","Preta",54,"Tortura",18
"8630","Masc","Preta",54,"Trabalho infantil",0
"8631","Masc","Preta",54,"Tráfico",0
"8632","Masc","Preta",55,"Física",341
"8633","Masc","Preta",55,"Intervenção legal",3
"8634","Masc","Preta",55,"Negligência",24
"8635","Masc","Preta",55,"Outras",95
"8636","Masc","Preta",55,"Psicológica",69
"8637","Masc","Preta",55,"Sexual",5
"8638","Masc","Preta",55,"Tortura",9
"8639","Masc","Preta",55,"Trabalho infantil",0
"8640","Masc","Preta",55,"Tráfico",1
"8641","Masc","Preta",56,"Física",295
"8642","Masc","Preta",56,"Intervenção legal",4
"8643","Masc","Preta",56,"Negligência",22
"8644","Masc","Preta",56,"Outras",81
"8645","Masc","Preta",56,"Psicológica",64
"8646","Masc","Preta",56,"Sexual",5
"8647","Masc","Preta",56,"Tortura",10
"8648","Masc","Preta",56,"Trabalho infantil",0
"8649","Masc","Preta",56,"Tráfico",0
"8650","Masc","Preta",57,"Física",243
"8651","Masc","Preta",57,"Intervenção legal",0
"8652","Masc","Preta",57,"Negligência",28
"8653","Masc","Preta",57,"Outras",77
"8654","Masc","Preta",57,"Psicológica",52
"8655","Masc","Preta",57,"Sexual",4
"8656","Masc","Preta",57,"Tortura",9
"8657","Masc","Preta",57,"Trabalho infantil",0
"8658","Masc","Preta",57,"Tráfico",0
"8659","Masc","Preta",58,"Física",242
"8660","Masc","Preta",58,"Intervenção legal",1
"8661","Masc","Preta",58,"Negligência",27
"8662","Masc","Preta",58,"Outras",73
"8663","Masc","Preta",58,"Psicológica",45
"8664","Masc","Preta",58,"Sexual",6
"8665","Masc","Preta",58,"Tortura",14
"8666","Masc","Preta",58,"Trabalho infantil",0
"8667","Masc","Preta",58,"Tráfico",0
"8668","Masc","Preta",59,"Física",243
"8669","Masc","Preta",59,"Intervenção legal",1
"8670","Masc","Preta",59,"Negligência",32
"8671","Masc","Preta",59,"Outras",62
"8672","Masc","Preta",59,"Psicológica",57
"8673","Masc","Preta",59,"Sexual",4
"8674","Masc","Preta",59,"Tortura",6
"8675","Masc","Preta",59,"Trabalho infantil",0
"8676","Masc","Preta",59,"Tráfico",0
"8677","Masc","Preta",60,"Física",431
"8678","Masc","Preta",60,"Intervenção legal",1
"8679","Masc","Preta",60,"Negligência",83
"8680","Masc","Preta",60,"Outras",87
"8681","Masc","Preta",60,"Psicológica",77
"8682","Masc","Preta",60,"Sexual",3
"8683","Masc","Preta",60,"Tortura",12
"8684","Masc","Preta",60,"Trabalho infantil",0
"8685","Masc","Preta",60,"Tráfico",0
"8686","Masc","Preta",61,"Física",398
"8687","Masc","Preta",61,"Intervenção legal",0
"8688","Masc","Preta",61,"Negligência",82
"8689","Masc","Preta",61,"Outras",70
"8690","Masc","Preta",61,"Psicológica",73
"8691","Masc","Preta",61,"Sexual",2
"8692","Masc","Preta",61,"Tortura",9
"8693","Masc","Preta",61,"Trabalho infantil",0
"8694","Masc","Preta",61,"Tráfico",0
"8695","Masc","Preta",62,"Física",348
"8696","Masc","Preta",62,"Intervenção legal",1
"8697","Masc","Preta",62,"Negligência",82
"8698","Masc","Preta",62,"Outras",52
"8699","Masc","Preta",62,"Psicológica",67
"8700","Masc","Preta",62,"Sexual",2
"8701","Masc","Preta",62,"Tortura",10
"8702","Masc","Preta",62,"Trabalho infantil",0
"8703","Masc","Preta",62,"Tráfico",0
"8704","Masc","Preta",63,"Física",340
"8705","Masc","Preta",63,"Intervenção legal",1
"8706","Masc","Preta",63,"Negligência",92
"8707","Masc","Preta",63,"Outras",55
"8708","Masc","Preta",63,"Psicológica",77
"8709","Masc","Preta",63,"Sexual",2
"8710","Masc","Preta",63,"Tortura",11
"8711","Masc","Preta",63,"Trabalho infantil",0
"8712","Masc","Preta",63,"Tráfico",0
"8713","Masc","Preta",64,"Física",309
"8714","Masc","Preta",64,"Intervenção legal",0
"8715","Masc","Preta",64,"Negligência",91
"8716","Masc","Preta",64,"Outras",55
"8717","Masc","Preta",64,"Psicológica",72
"8718","Masc","Preta",64,"Sexual",1
"8719","Masc","Preta",64,"Tortura",15
"8720","Masc","Preta",64,"Trabalho infantil",0
"8721","Masc","Preta",64,"Tráfico",1
"8722","Masc","Preta",65,"Física",276
"8723","Masc","Preta",65,"Intervenção legal",1
"8724","Masc","Preta",65,"Negligência",84
"8725","Masc","Preta",65,"Outras",49
"8726","Masc","Preta",65,"Psicológica",58
"8727","Masc","Preta",65,"Sexual",0
"8728","Masc","Preta",65,"Tortura",8
"8729","Masc","Preta",65,"Trabalho infantil",0
"8730","Masc","Preta",65,"Tráfico",0
"8731","Masc","Preta",66,"Física",293
"8732","Masc","Preta",66,"Intervenção legal",1
"8733","Masc","Preta",66,"Negligência",85
"8734","Masc","Preta",66,"Outras",54
"8735","Masc","Preta",66,"Psicológica",81
"8736","Masc","Preta",66,"Sexual",0
"8737","Masc","Preta",66,"Tortura",7
"8738","Masc","Preta",66,"Trabalho infantil",0
"8739","Masc","Preta",66,"Tráfico",0
"8740","Masc","Preta",67,"Física",221
"8741","Masc","Preta",67,"Intervenção legal",3
"8742","Masc","Preta",67,"Negligência",89
"8743","Masc","Preta",67,"Outras",34
"8744","Masc","Preta",67,"Psicológica",35
"8745","Masc","Preta",67,"Sexual",0
"8746","Masc","Preta",67,"Tortura",4
"8747","Masc","Preta",67,"Trabalho infantil",0
"8748","Masc","Preta",67,"Tráfico",1
"8749","Masc","Preta",68,"Física",216
"8750","Masc","Preta",68,"Intervenção legal",0
"8751","Masc","Preta",68,"Negligência",86
"8752","Masc","Preta",68,"Outras",51
"8753","Masc","Preta",68,"Psicológica",55
"8754","Masc","Preta",68,"Sexual",2
"8755","Masc","Preta",68,"Tortura",9
"8756","Masc","Preta",68,"Trabalho infantil",0
"8757","Masc","Preta",68,"Tráfico",0
"8758","Masc","Preta",69,"Física",201
"8759","Masc","Preta",69,"Intervenção legal",0
"8760","Masc","Preta",69,"Negligência",103
"8761","Masc","Preta",69,"Outras",42
"8762","Masc","Preta",69,"Psicológica",60
"8763","Masc","Preta",69,"Sexual",2
"8764","Masc","Preta",69,"Tortura",10
"8765","Masc","Preta",69,"Trabalho infantil",0
"8766","Masc","Preta",69,"Tráfico",0
"8767","Masc","Preta",70,"Física",181
"8768","Masc","Preta",70,"Intervenção legal",1
"8769","Masc","Preta",70,"Negligência",91
"8770","Masc","Preta",70,"Outras",46
"8771","Masc","Preta",70,"Psicológica",45
"8772","Masc","Preta",70,"Sexual",2
"8773","Masc","Preta",70,"Tortura",6
"8774","Masc","Preta",70,"Trabalho infantil",1
"8775","Masc","Preta",70,"Tráfico",0
"8776","Masc","Preta",71,"Física",154
"8777","Masc","Preta",71,"Intervenção legal",0
"8778","Masc","Preta",71,"Negligência",110
"8779","Masc","Preta",71,"Outras",33
"8780","Masc","Preta",71,"Psicológica",55
"8781","Masc","Preta",71,"Sexual",1
"8782","Masc","Preta",71,"Tortura",7
"8783","Masc","Preta",71,"Trabalho infantil",0
"8784","Masc","Preta",71,"Tráfico",1
"8785","Masc","Preta",72,"Física",137
"8786","Masc","Preta",72,"Intervenção legal",0
"8787","Masc","Preta",72,"Negligência",96
"8788","Masc","Preta",72,"Outras",41
"8789","Masc","Preta",72,"Psicológica",40
"8790","Masc","Preta",72,"Sexual",1
"8791","Masc","Preta",72,"Tortura",4
"8792","Masc","Preta",72,"Trabalho infantil",0
"8793","Masc","Preta",72,"Tráfico",0
"8794","Masc","Preta",73,"Física",114
"8795","Masc","Preta",73,"Intervenção legal",0
"8796","Masc","Preta",73,"Negligência",98
"8797","Masc","Preta",73,"Outras",36
"8798","Masc","Preta",73,"Psicológica",36
"8799","Masc","Preta",73,"Sexual",1
"8800","Masc","Preta",73,"Tortura",5
"8801","Masc","Preta",73,"Trabalho infantil",0
"8802","Masc","Preta",73,"Tráfico",0
"8803","Masc","Preta",74,"Física",119
"8804","Masc","Preta",74,"Intervenção legal",1
"8805","Masc","Preta",74,"Negligência",82
"8806","Masc","Preta",74,"Outras",35
"8807","Masc","Preta",74,"Psicológica",50
"8808","Masc","Preta",74,"Sexual",1
"8809","Masc","Preta",74,"Tortura",7
"8810","Masc","Preta",74,"Trabalho infantil",0
"8811","Masc","Preta",74,"Tráfico",0
"8812","Masc","Preta",75,"Física",118
"8813","Masc","Preta",75,"Intervenção legal",0
"8814","Masc","Preta",75,"Negligência",89
"8815","Masc","Preta",75,"Outras",31
"8816","Masc","Preta",75,"Psicológica",42
"8817","Masc","Preta",75,"Sexual",1
"8818","Masc","Preta",75,"Tortura",3
"8819","Masc","Preta",75,"Trabalho infantil",0
"8820","Masc","Preta",75,"Tráfico",0
"8821","Masc","Preta",76,"Física",123
"8822","Masc","Preta",76,"Intervenção legal",1
"8823","Masc","Preta",76,"Negligência",87
"8824","Masc","Preta",76,"Outras",38
"8825","Masc","Preta",76,"Psicológica",47
"8826","Masc","Preta",76,"Sexual",1
"8827","Masc","Preta",76,"Tortura",8
"8828","Masc","Preta",76,"Trabalho infantil",0
"8829","Masc","Preta",76,"Tráfico",0
"8830","Masc","Preta",77,"Física",92
"8831","Masc","Preta",77,"Intervenção legal",0
"8832","Masc","Preta",77,"Negligência",88
"8833","Masc","Preta",77,"Outras",32
"8834","Masc","Preta",77,"Psicológica",33
"8835","Masc","Preta",77,"Sexual",2
"8836","Masc","Preta",77,"Tortura",6
"8837","Masc","Preta",77,"Trabalho infantil",0
"8838","Masc","Preta",77,"Tráfico",0
"8839","Masc","Preta",78,"Física",81
"8840","Masc","Preta",78,"Intervenção legal",1
"8841","Masc","Preta",78,"Negligência",82
"8842","Masc","Preta",78,"Outras",24
"8843","Masc","Preta",78,"Psicológica",28
"8844","Masc","Preta",78,"Sexual",1
"8845","Masc","Preta",78,"Tortura",5
"8846","Masc","Preta",78,"Trabalho infantil",0
"8847","Masc","Preta",78,"Tráfico",0
"8848","Masc","Preta",79,"Física",69
"8849","Masc","Preta",79,"Intervenção legal",0
"8850","Masc","Preta",79,"Negligência",83
"8851","Masc","Preta",79,"Outras",37
"8852","Masc","Preta",79,"Psicológica",38
"8853","Masc","Preta",79,"Sexual",0
"8854","Masc","Preta",79,"Tortura",4
"8855","Masc","Preta",79,"Trabalho infantil",0
"8856","Masc","Preta",79,"Tráfico",0
"8857","Masc","Preta",80,"Física",81
"8858","Masc","Preta",80,"Intervenção legal",0
"8859","Masc","Preta",80,"Negligência",108
"8860","Masc","Preta",80,"Outras",40
"8861","Masc","Preta",80,"Psicológica",36
"8862","Masc","Preta",80,"Sexual",0
"8863","Masc","Preta",80,"Tortura",3
"8864","Masc","Preta",80,"Trabalho infantil",0
"8865","Masc","Preta",80,"Tráfico",0
"8866","Masc","Preta",81,"Física",48
"8867","Masc","Preta",81,"Intervenção legal",1
"8868","Masc","Preta",81,"Negligência",75
"8869","Masc","Preta",81,"Outras",22
"8870","Masc","Preta",81,"Psicológica",33
"8871","Masc","Preta",81,"Sexual",1
"8872","Masc","Preta",81,"Tortura",3
"8873","Masc","Preta",81,"Trabalho infantil",0
"8874","Masc","Preta",81,"Tráfico",0
"8875","Masc","Preta",82,"Física",62
"8876","Masc","Preta",82,"Intervenção legal",0
"8877","Masc","Preta",82,"Negligência",69
"8878","Masc","Preta",82,"Outras",27
"8879","Masc","Preta",82,"Psicológica",42
"8880","Masc","Preta",82,"Sexual",0
"8881","Masc","Preta",82,"Tortura",6
"8882","Masc","Preta",82,"Trabalho infantil",0
"8883","Masc","Preta",82,"Tráfico",0
"8884","Masc","Preta",83,"Física",50
"8885","Masc","Preta",83,"Intervenção legal",2
"8886","Masc","Preta",83,"Negligência",60
"8887","Masc","Preta",83,"Outras",25
"8888","Masc","Preta",83,"Psicológica",17
"8889","Masc","Preta",83,"Sexual",0
"8890","Masc","Preta",83,"Tortura",8
"8891","Masc","Preta",83,"Trabalho infantil",0
"8892","Masc","Preta",83,"Tráfico",0
"8893","Masc","Preta",84,"Física",48
"8894","Masc","Preta",84,"Intervenção legal",0
"8895","Masc","Preta",84,"Negligência",89
"8896","Masc","Preta",84,"Outras",18
"8897","Masc","Preta",84,"Psicológica",18
"8898","Masc","Preta",84,"Sexual",2
"8899","Masc","Preta",84,"Tortura",4
"8900","Masc","Preta",84,"Trabalho infantil",0
"8901","Masc","Preta",84,"Tráfico",1
"8902","Masc","Preta",85,"Física",36
"8903","Masc","Preta",85,"Intervenção legal",0
"8904","Masc","Preta",85,"Negligência",45
"8905","Masc","Preta",85,"Outras",14
"8906","Masc","Preta",85,"Psicológica",16
"8907","Masc","Preta",85,"Sexual",0
"8908","Masc","Preta",85,"Tortura",0
"8909","Masc","Preta",85,"Trabalho infantil",0
"8910","Masc","Preta",85,"Tráfico",0
"8911","Masc","Preta",86,"Física",34
"8912","Masc","Preta",86,"Intervenção legal",0
"8913","Masc","Preta",86,"Negligência",55
"8914","Masc","Preta",86,"Outras",19
"8915","Masc","Preta",86,"Psicológica",26
"8916","Masc","Preta",86,"Sexual",0
"8917","Masc","Preta",86,"Tortura",4
"8918","Masc","Preta",86,"Trabalho infantil",0
"8919","Masc","Preta",86,"Tráfico",0
"8920","Masc","Preta",87,"Física",22
"8921","Masc","Preta",87,"Intervenção legal",0
"8922","Masc","Preta",87,"Negligência",42
"8923","Masc","Preta",87,"Outras",13
"8924","Masc","Preta",87,"Psicológica",8
"8925","Masc","Preta",87,"Sexual",0
"8926","Masc","Preta",87,"Tortura",2
"8927","Masc","Preta",87,"Trabalho infantil",0
"8928","Masc","Preta",87,"Tráfico",0
"8929","Masc","Preta",88,"Física",14
"8930","Masc","Preta",88,"Intervenção legal",0
"8931","Masc","Preta",88,"Negligência",43
"8932","Masc","Preta",88,"Outras",9
"8933","Masc","Preta",88,"Psicológica",10
"8934","Masc","Preta",88,"Sexual",0
"8935","Masc","Preta",88,"Tortura",0
"8936","Masc","Preta",88,"Trabalho infantil",0
"8937","Masc","Preta",88,"Tráfico",0
"8938","Masc","Preta",89,"Física",25
"8939","Masc","Preta",89,"Intervenção legal",0
"8940","Masc","Preta",89,"Negligência",35
"8941","Masc","Preta",89,"Outras",4
"8942","Masc","Preta",89,"Psicológica",8
"8943","Masc","Preta",89,"Sexual",0
"8944","Masc","Preta",89,"Tortura",1
"8945","Masc","Preta",89,"Trabalho infantil",0
"8946","Masc","Preta",89,"Tráfico",0
"8947","Masc","Preta",90,"Física",15
"8948","Masc","Preta",90,"Intervenção legal",0
"8949","Masc","Preta",90,"Negligência",37
"8950","Masc","Preta",90,"Outras",10
"8951","Masc","Preta",90,"Psicológica",8
"8952","Masc","Preta",90,"Sexual",0
"8953","Masc","Preta",90,"Tortura",3
"8954","Masc","Preta",90,"Trabalho infantil",0
"8955","Masc","Preta",90,"Tráfico",0
"8956","Masc","Preta",91,"Física",11
"8957","Masc","Preta",91,"Intervenção legal",1
"8958","Masc","Preta",91,"Negligência",29
"8959","Masc","Preta",91,"Outras",7
"8960","Masc","Preta",91,"Psicológica",7
"8961","Masc","Preta",91,"Sexual",0
"8962","Masc","Preta",91,"Tortura",0
"8963","Masc","Preta",91,"Trabalho infantil",0
"8964","Masc","Preta",91,"Tráfico",0
"8965","Masc","Preta",92,"Física",7
"8966","Masc","Preta",92,"Intervenção legal",0
"8967","Masc","Preta",92,"Negligência",14
"8968","Masc","Preta",92,"Outras",3
"8969","Masc","Preta",92,"Psicológica",1
"8970","Masc","Preta",92,"Sexual",0
"8971","Masc","Preta",92,"Tortura",0
"8972","Masc","Preta",92,"Trabalho infantil",0
"8973","Masc","Preta",92,"Tráfico",0
"8974","Masc","Preta",93,"Física",6
"8975","Masc","Preta",93,"Intervenção legal",0
"8976","Masc","Preta",93,"Negligência",10
"8977","Masc","Preta",93,"Outras",5
"8978","Masc","Preta",93,"Psicológica",1
"8979","Masc","Preta",93,"Sexual",0
"8980","Masc","Preta",93,"Tortura",0
"8981","Masc","Preta",93,"Trabalho infantil",0
"8982","Masc","Preta",93,"Tráfico",0
"8983","Masc","Preta",94,"Física",7
"8984","Masc","Preta",94,"Intervenção legal",0
"8985","Masc","Preta",94,"Negligência",14
"8986","Masc","Preta",94,"Outras",3
"8987","Masc","Preta",94,"Psicológica",3
"8988","Masc","Preta",94,"Sexual",0
"8989","Masc","Preta",94,"Tortura",1
"8990","Masc","Preta",94,"Trabalho infantil",0
"8991","Masc","Preta",94,"Tráfico",0
"8992","Masc","Preta",95,"Física",4
"8993","Masc","Preta",95,"Intervenção legal",0
"8994","Masc","Preta",95,"Negligência",8
"8995","Masc","Preta",95,"Outras",2
"8996","Masc","Preta",95,"Psicológica",2
"8997","Masc","Preta",95,"Sexual",0
"8998","Masc","Preta",95,"Tortura",2
"8999","Masc","Preta",95,"Trabalho infantil",1
"9000","Masc","Preta",95,"Tráfico",0
"9001","Masc","Preta",96,"Física",2
"9002","Masc","Preta",96,"Intervenção legal",0
"9003","Masc","Preta",96,"Negligência",11
"9004","Masc","Preta",96,"Outras",1
"9005","Masc","Preta",96,"Psicológica",2
"9006","Masc","Preta",96,"Sexual",0
"9007","Masc","Preta",96,"Tortura",0
"9008","Masc","Preta",96,"Trabalho infantil",0
"9009","Masc","Preta",96,"Tráfico",0
"9010","Masc","Preta",97,"Física",2
"9011","Masc","Preta",97,"Intervenção legal",0
"9012","Masc","Preta",97,"Negligência",3
"9013","Masc","Preta",97,"Outras",0
"9014","Masc","Preta",97,"Psicológica",0
"9015","Masc","Preta",97,"Sexual",0
"9016","Masc","Preta",97,"Tortura",0
"9017","Masc","Preta",97,"Trabalho infantil",0
"9018","Masc","Preta",97,"Tráfico",0
"9019","Masc","Preta",98,"Física",2
"9020","Masc","Preta",98,"Intervenção legal",0
"9021","Masc","Preta",98,"Negligência",6
"9022","Masc","Preta",98,"Outras",0
"9023","Masc","Preta",98,"Psicológica",1
"9024","Masc","Preta",98,"Sexual",0
"9025","Masc","Preta",98,"Tortura",0
"9026","Masc","Preta",98,"Trabalho infantil",0
"9027","Masc","Preta",98,"Tráfico",0
"9028","Masc","Preta",99,"Física",1
"9029","Masc","Preta",99,"Intervenção legal",0
"9030","Masc","Preta",99,"Negligência",4
"9031","Masc","Preta",99,"Outras",0
"9032","Masc","Preta",99,"Psicológica",0
"9033","Masc","Preta",99,"Sexual",0
"9034","Masc","Preta",99,"Tortura",0
"9035","Masc","Preta",99,"Trabalho infantil",0
"9036","Masc","Preta",99,"Tráfico",0
"9037","Masc","Preta",100,"Física",0
"9038","Masc","Preta",100,"Intervenção legal",0
"9039","Masc","Preta",100,"Negligência",2
"9040","Masc","Preta",100,"Outras",0
"9041","Masc","Preta",100,"Psicológica",0
"9042","Masc","Preta",100,"Sexual",0
"9043","Masc","Preta",100,"Tortura",0
"9044","Masc","Preta",100,"Trabalho infantil",0
"9045","Masc","Preta",100,"Tráfico",0
"9046","Masc","Indígena",1,"Física",37
"9047","Masc","Indígena",1,"Intervenção legal",0
"9048","Masc","Indígena",1,"Negligência",108
"9049","Masc","Indígena",1,"Outras",5
"9050","Masc","Indígena",1,"Psicológica",14
"9051","Masc","Indígena",1,"Sexual",9
"9052","Masc","Indígena",1,"Tortura",3
"9053","Masc","Indígena",1,"Trabalho infantil",0
"9054","Masc","Indígena",1,"Tráfico",1
"9055","Masc","Indígena",2,"Física",39
"9056","Masc","Indígena",2,"Intervenção legal",0
"9057","Masc","Indígena",2,"Negligência",62
"9058","Masc","Indígena",2,"Outras",5
"9059","Masc","Indígena",2,"Psicológica",16
"9060","Masc","Indígena",2,"Sexual",13
"9061","Masc","Indígena",2,"Tortura",3
"9062","Masc","Indígena",2,"Trabalho infantil",0
"9063","Masc","Indígena",2,"Tráfico",0
"9064","Masc","Indígena",3,"Física",34
"9065","Masc","Indígena",3,"Intervenção legal",0
"9066","Masc","Indígena",3,"Negligência",43
"9067","Masc","Indígena",3,"Outras",8
"9068","Masc","Indígena",3,"Psicológica",16
"9069","Masc","Indígena",3,"Sexual",27
"9070","Masc","Indígena",3,"Tortura",0
"9071","Masc","Indígena",3,"Trabalho infantil",1
"9072","Masc","Indígena",3,"Tráfico",0
"9073","Masc","Indígena",4,"Física",37
"9074","Masc","Indígena",4,"Intervenção legal",0
"9075","Masc","Indígena",4,"Negligência",43
"9076","Masc","Indígena",4,"Outras",4
"9077","Masc","Indígena",4,"Psicológica",22
"9078","Masc","Indígena",4,"Sexual",24
"9079","Masc","Indígena",4,"Tortura",3
"9080","Masc","Indígena",4,"Trabalho infantil",2
"9081","Masc","Indígena",4,"Tráfico",0
"9082","Masc","Indígena",5,"Física",44
"9083","Masc","Indígena",5,"Intervenção legal",1
"9084","Masc","Indígena",5,"Negligência",27
"9085","Masc","Indígena",5,"Outras",0
"9086","Masc","Indígena",5,"Psicológica",16
"9087","Masc","Indígena",5,"Sexual",21
"9088","Masc","Indígena",5,"Tortura",2
"9089","Masc","Indígena",5,"Trabalho infantil",1
"9090","Masc","Indígena",5,"Tráfico",0
"9091","Masc","Indígena",6,"Física",39
"9092","Masc","Indígena",6,"Intervenção legal",0
"9093","Masc","Indígena",6,"Negligência",33
"9094","Masc","Indígena",6,"Outras",5
"9095","Masc","Indígena",6,"Psicológica",17
"9096","Masc","Indígena",6,"Sexual",28
"9097","Masc","Indígena",6,"Tortura",1
"9098","Masc","Indígena",6,"Trabalho infantil",2
"9099","Masc","Indígena",6,"Tráfico",0
"9100","Masc","Indígena",7,"Física",40
"9101","Masc","Indígena",7,"Intervenção legal",0
"9102","Masc","Indígena",7,"Negligência",25
"9103","Masc","Indígena",7,"Outras",8
"9104","Masc","Indígena",7,"Psicológica",18
"9105","Masc","Indígena",7,"Sexual",17
"9106","Masc","Indígena",7,"Tortura",2
"9107","Masc","Indígena",7,"Trabalho infantil",0
"9108","Masc","Indígena",7,"Tráfico",0
"9109","Masc","Indígena",8,"Física",36
"9110","Masc","Indígena",8,"Intervenção legal",1
"9111","Masc","Indígena",8,"Negligência",25
"9112","Masc","Indígena",8,"Outras",2
"9113","Masc","Indígena",8,"Psicológica",21
"9114","Masc","Indígena",8,"Sexual",14
"9115","Masc","Indígena",8,"Tortura",1
"9116","Masc","Indígena",8,"Trabalho infantil",1
"9117","Masc","Indígena",8,"Tráfico",1
"9118","Masc","Indígena",9,"Física",52
"9119","Masc","Indígena",9,"Intervenção legal",0
"9120","Masc","Indígena",9,"Negligência",25
"9121","Masc","Indígena",9,"Outras",8
"9122","Masc","Indígena",9,"Psicológica",28
"9123","Masc","Indígena",9,"Sexual",17
"9124","Masc","Indígena",9,"Tortura",2
"9125","Masc","Indígena",9,"Trabalho infantil",5
"9126","Masc","Indígena",9,"Tráfico",1
"9127","Masc","Indígena",10,"Física",41
"9128","Masc","Indígena",10,"Intervenção legal",0
"9129","Masc","Indígena",10,"Negligência",32
"9130","Masc","Indígena",10,"Outras",7
"9131","Masc","Indígena",10,"Psicológica",19
"9132","Masc","Indígena",10,"Sexual",9
"9133","Masc","Indígena",10,"Tortura",0
"9134","Masc","Indígena",10,"Trabalho infantil",3
"9135","Masc","Indígena",10,"Tráfico",0
"9136","Masc","Indígena",11,"Física",59
"9137","Masc","Indígena",11,"Intervenção legal",0
"9138","Masc","Indígena",11,"Negligência",28
"9139","Masc","Indígena",11,"Outras",4
"9140","Masc","Indígena",11,"Psicológica",19
"9141","Masc","Indígena",11,"Sexual",12
"9142","Masc","Indígena",11,"Tortura",0
"9143","Masc","Indígena",11,"Trabalho infantil",5
"9144","Masc","Indígena",11,"Tráfico",0
"9145","Masc","Indígena",12,"Física",94
"9146","Masc","Indígena",12,"Intervenção legal",0
"9147","Masc","Indígena",12,"Negligência",15
"9148","Masc","Indígena",12,"Outras",11
"9149","Masc","Indígena",12,"Psicológica",34
"9150","Masc","Indígena",12,"Sexual",19
"9151","Masc","Indígena",12,"Tortura",6
"9152","Masc","Indígena",12,"Trabalho infantil",0
"9153","Masc","Indígena",12,"Tráfico",0
"9154","Masc","Indígena",13,"Física",119
"9155","Masc","Indígena",13,"Intervenção legal",0
"9156","Masc","Indígena",13,"Negligência",14
"9157","Masc","Indígena",13,"Outras",17
"9158","Masc","Indígena",13,"Psicológica",32
"9159","Masc","Indígena",13,"Sexual",13
"9160","Masc","Indígena",13,"Tortura",6
"9161","Masc","Indígena",13,"Trabalho infantil",4
"9162","Masc","Indígena",13,"Tráfico",0
"9163","Masc","Indígena",14,"Física",242
"9164","Masc","Indígena",14,"Intervenção legal",0
"9165","Masc","Indígena",14,"Negligência",15
"9166","Masc","Indígena",14,"Outras",27
"9167","Masc","Indígena",14,"Psicológica",45
"9168","Masc","Indígena",14,"Sexual",9
"9169","Masc","Indígena",14,"Tortura",5
"9170","Masc","Indígena",14,"Trabalho infantil",4
"9171","Masc","Indígena",14,"Tráfico",0
"9172","Masc","Indígena",15,"Física",284
"9173","Masc","Indígena",15,"Intervenção legal",1
"9174","Masc","Indígena",15,"Negligência",16
"9175","Masc","Indígena",15,"Outras",48
"9176","Masc","Indígena",15,"Psicológica",61
"9177","Masc","Indígena",15,"Sexual",10
"9178","Masc","Indígena",15,"Tortura",10
"9179","Masc","Indígena",15,"Trabalho infantil",5
"9180","Masc","Indígena",15,"Tráfico",0
"9181","Masc","Indígena",16,"Física",384
"9182","Masc","Indígena",16,"Intervenção legal",0
"9183","Masc","Indígena",16,"Negligência",26
"9184","Masc","Indígena",16,"Outras",52
"9185","Masc","Indígena",16,"Psicológica",59
"9186","Masc","Indígena",16,"Sexual",6
"9187","Masc","Indígena",16,"Tortura",10
"9188","Masc","Indígena",16,"Trabalho infantil",3
"9189","Masc","Indígena",16,"Tráfico",0
"9190","Masc","Indígena",17,"Física",437
"9191","Masc","Indígena",17,"Intervenção legal",3
"9192","Masc","Indígena",17,"Negligência",22
"9193","Masc","Indígena",17,"Outras",69
"9194","Masc","Indígena",17,"Psicológica",88
"9195","Masc","Indígena",17,"Sexual",8
"9196","Masc","Indígena",17,"Tortura",13
"9197","Masc","Indígena",17,"Trabalho infantil",1
"9198","Masc","Indígena",17,"Tráfico",0
"9199","Masc","Indígena",18,"Física",447
"9200","Masc","Indígena",18,"Intervenção legal",0
"9201","Masc","Indígena",18,"Negligência",9
"9202","Masc","Indígena",18,"Outras",54
"9203","Masc","Indígena",18,"Psicológica",71
"9204","Masc","Indígena",18,"Sexual",5
"9205","Masc","Indígena",18,"Tortura",9
"9206","Masc","Indígena",18,"Trabalho infantil",0
"9207","Masc","Indígena",18,"Tráfico",0
"9208","Masc","Indígena",19,"Física",475
"9209","Masc","Indígena",19,"Intervenção legal",0
"9210","Masc","Indígena",19,"Negligência",3
"9211","Masc","Indígena",19,"Outras",61
"9212","Masc","Indígena",19,"Psicológica",60
"9213","Masc","Indígena",19,"Sexual",3
"9214","Masc","Indígena",19,"Tortura",11
"9215","Masc","Indígena",19,"Trabalho infantil",0
"9216","Masc","Indígena",19,"Tráfico",0
"9217","Masc","Indígena",20,"Física",437
"9218","Masc","Indígena",20,"Intervenção legal",0
"9219","Masc","Indígena",20,"Negligência",8
"9220","Masc","Indígena",20,"Outras",45
"9221","Masc","Indígena",20,"Psicológica",57
"9222","Masc","Indígena",20,"Sexual",1
"9223","Masc","Indígena",20,"Tortura",9
"9224","Masc","Indígena",20,"Trabalho infantil",0
"9225","Masc","Indígena",20,"Tráfico",0
"9226","Masc","Indígena",21,"Física",413
"9227","Masc","Indígena",21,"Intervenção legal",2
"9228","Masc","Indígena",21,"Negligência",4
"9229","Masc","Indígena",21,"Outras",43
"9230","Masc","Indígena",21,"Psicológica",41
"9231","Masc","Indígena",21,"Sexual",9
"9232","Masc","Indígena",21,"Tortura",7
"9233","Masc","Indígena",21,"Trabalho infantil",0
"9234","Masc","Indígena",21,"Tráfico",1
"9235","Masc","Indígena",22,"Física",394
"9236","Masc","Indígena",22,"Intervenção legal",0
"9237","Masc","Indígena",22,"Negligência",3
"9238","Masc","Indígena",22,"Outras",40
"9239","Masc","Indígena",22,"Psicológica",44
"9240","Masc","Indígena",22,"Sexual",4
"9241","Masc","Indígena",22,"Tortura",6
"9242","Masc","Indígena",22,"Trabalho infantil",0
"9243","Masc","Indígena",22,"Tráfico",1
"9244","Masc","Indígena",23,"Física",380
"9245","Masc","Indígena",23,"Intervenção legal",0
"9246","Masc","Indígena",23,"Negligência",5
"9247","Masc","Indígena",23,"Outras",37
"9248","Masc","Indígena",23,"Psicológica",39
"9249","Masc","Indígena",23,"Sexual",2
"9250","Masc","Indígena",23,"Tortura",9
"9251","Masc","Indígena",23,"Trabalho infantil",0
"9252","Masc","Indígena",23,"Tráfico",0
"9253","Masc","Indígena",24,"Física",372
"9254","Masc","Indígena",24,"Intervenção legal",1
"9255","Masc","Indígena",24,"Negligência",2
"9256","Masc","Indígena",24,"Outras",37
"9257","Masc","Indígena",24,"Psicológica",41
"9258","Masc","Indígena",24,"Sexual",5
"9259","Masc","Indígena",24,"Tortura",6
"9260","Masc","Indígena",24,"Trabalho infantil",0
"9261","Masc","Indígena",24,"Tráfico",0
"9262","Masc","Indígena",25,"Física",335
"9263","Masc","Indígena",25,"Intervenção legal",2
"9264","Masc","Indígena",25,"Negligência",4
"9265","Masc","Indígena",25,"Outras",39
"9266","Masc","Indígena",25,"Psicológica",47
"9267","Masc","Indígena",25,"Sexual",3
"9268","Masc","Indígena",25,"Tortura",8
"9269","Masc","Indígena",25,"Trabalho infantil",1
"9270","Masc","Indígena",25,"Tráfico",1
"9271","Masc","Indígena",26,"Física",344
"9272","Masc","Indígena",26,"Intervenção legal",2
"9273","Masc","Indígena",26,"Negligência",2
"9274","Masc","Indígena",26,"Outras",35
"9275","Masc","Indígena",26,"Psicológica",50
"9276","Masc","Indígena",26,"Sexual",2
"9277","Masc","Indígena",26,"Tortura",8
"9278","Masc","Indígena",26,"Trabalho infantil",0
"9279","Masc","Indígena",26,"Tráfico",0
"9280","Masc","Indígena",27,"Física",306
"9281","Masc","Indígena",27,"Intervenção legal",3
"9282","Masc","Indígena",27,"Negligência",2
"9283","Masc","Indígena",27,"Outras",32
"9284","Masc","Indígena",27,"Psicológica",44
"9285","Masc","Indígena",27,"Sexual",4
"9286","Masc","Indígena",27,"Tortura",6
"9287","Masc","Indígena",27,"Trabalho infantil",0
"9288","Masc","Indígena",27,"Tráfico",0
"9289","Masc","Indígena",28,"Física",295
"9290","Masc","Indígena",28,"Intervenção legal",1
"9291","Masc","Indígena",28,"Negligência",1
"9292","Masc","Indígena",28,"Outras",24
"9293","Masc","Indígena",28,"Psicológica",41
"9294","Masc","Indígena",28,"Sexual",1
"9295","Masc","Indígena",28,"Tortura",6
"9296","Masc","Indígena",28,"Trabalho infantil",0
"9297","Masc","Indígena",28,"Tráfico",0
"9298","Masc","Indígena",29,"Física",240
"9299","Masc","Indígena",29,"Intervenção legal",0
"9300","Masc","Indígena",29,"Negligência",1
"9301","Masc","Indígena",29,"Outras",18
"9302","Masc","Indígena",29,"Psicológica",36
"9303","Masc","Indígena",29,"Sexual",3
"9304","Masc","Indígena",29,"Tortura",6
"9305","Masc","Indígena",29,"Trabalho infantil",0
"9306","Masc","Indígena",29,"Tráfico",0
"9307","Masc","Indígena",30,"Física",256
"9308","Masc","Indígena",30,"Intervenção legal",1
"9309","Masc","Indígena",30,"Negligência",7
"9310","Masc","Indígena",30,"Outras",27
"9311","Masc","Indígena",30,"Psicológica",43
"9312","Masc","Indígena",30,"Sexual",0
"9313","Masc","Indígena",30,"Tortura",7
"9314","Masc","Indígena",30,"Trabalho infantil",0
"9315","Masc","Indígena",30,"Tráfico",0
"9316","Masc","Indígena",31,"Física",226
"9317","Masc","Indígena",31,"Intervenção legal",1
"9318","Masc","Indígena",31,"Negligência",3
"9319","Masc","Indígena",31,"Outras",20
"9320","Masc","Indígena",31,"Psicológica",22
"9321","Masc","Indígena",31,"Sexual",1
"9322","Masc","Indígena",31,"Tortura",5
"9323","Masc","Indígena",31,"Trabalho infantil",0
"9324","Masc","Indígena",31,"Tráfico",0
"9325","Masc","Indígena",32,"Física",230
"9326","Masc","Indígena",32,"Intervenção legal",2
"9327","Masc","Indígena",32,"Negligência",2
"9328","Masc","Indígena",32,"Outras",15
"9329","Masc","Indígena",32,"Psicológica",21
"9330","Masc","Indígena",32,"Sexual",1
"9331","Masc","Indígena",32,"Tortura",2
"9332","Masc","Indígena",32,"Trabalho infantil",0
"9333","Masc","Indígena",32,"Tráfico",0
"9334","Masc","Indígena",33,"Física",207
"9335","Masc","Indígena",33,"Intervenção legal",2
"9336","Masc","Indígena",33,"Negligência",1
"9337","Masc","Indígena",33,"Outras",15
"9338","Masc","Indígena",33,"Psicológica",24
"9339","Masc","Indígena",33,"Sexual",2
"9340","Masc","Indígena",33,"Tortura",1
"9341","Masc","Indígena",33,"Trabalho infantil",0
"9342","Masc","Indígena",33,"Tráfico",0
"9343","Masc","Indígena",34,"Física",211
"9344","Masc","Indígena",34,"Intervenção legal",3
"9345","Masc","Indígena",34,"Negligência",2
"9346","Masc","Indígena",34,"Outras",19
"9347","Masc","Indígena",34,"Psicológica",25
"9348","Masc","Indígena",34,"Sexual",1
"9349","Masc","Indígena",34,"Tortura",4
"9350","Masc","Indígena",34,"Trabalho infantil",1
"9351","Masc","Indígena",34,"Tráfico",0
"9352","Masc","Indígena",35,"Física",199
"9353","Masc","Indígena",35,"Intervenção legal",0
"9354","Masc","Indígena",35,"Negligência",2
"9355","Masc","Indígena",35,"Outras",13
"9356","Masc","Indígena",35,"Psicológica",26
"9357","Masc","Indígena",35,"Sexual",1
"9358","Masc","Indígena",35,"Tortura",2
"9359","Masc","Indígena",35,"Trabalho infantil",0
"9360","Masc","Indígena",35,"Tráfico",1
"9361","Masc","Indígena",36,"Física",192
"9362","Masc","Indígena",36,"Intervenção legal",2
"9363","Masc","Indígena",36,"Negligência",0
"9364","Masc","Indígena",36,"Outras",18
"9365","Masc","Indígena",36,"Psicológica",29
"9366","Masc","Indígena",36,"Sexual",3
"9367","Masc","Indígena",36,"Tortura",8
"9368","Masc","Indígena",36,"Trabalho infantil",0
"9369","Masc","Indígena",36,"Tráfico",0
"9370","Masc","Indígena",37,"Física",179
"9371","Masc","Indígena",37,"Intervenção legal",0
"9372","Masc","Indígena",37,"Negligência",3
"9373","Masc","Indígena",37,"Outras",19
"9374","Masc","Indígena",37,"Psicológica",19
"9375","Masc","Indígena",37,"Sexual",2
"9376","Masc","Indígena",37,"Tortura",6
"9377","Masc","Indígena",37,"Trabalho infantil",0
"9378","Masc","Indígena",37,"Tráfico",0
"9379","Masc","Indígena",38,"Física",181
"9380","Masc","Indígena",38,"Intervenção legal",0
"9381","Masc","Indígena",38,"Negligência",4
"9382","Masc","Indígena",38,"Outras",12
"9383","Masc","Indígena",38,"Psicológica",27
"9384","Masc","Indígena",38,"Sexual",1
"9385","Masc","Indígena",38,"Tortura",2
"9386","Masc","Indígena",38,"Trabalho infantil",0
"9387","Masc","Indígena",38,"Tráfico",0
"9388","Masc","Indígena",39,"Física",159
"9389","Masc","Indígena",39,"Intervenção legal",0
"9390","Masc","Indígena",39,"Negligência",2
"9391","Masc","Indígena",39,"Outras",13
"9392","Masc","Indígena",39,"Psicológica",27
"9393","Masc","Indígena",39,"Sexual",1
"9394","Masc","Indígena",39,"Tortura",7
"9395","Masc","Indígena",39,"Trabalho infantil",0
"9396","Masc","Indígena",39,"Tráfico",0
"9397","Masc","Indígena",40,"Física",175
"9398","Masc","Indígena",40,"Intervenção legal",4
"9399","Masc","Indígena",40,"Negligência",4
"9400","Masc","Indígena",40,"Outras",22
"9401","Masc","Indígena",40,"Psicológica",31
"9402","Masc","Indígena",40,"Sexual",0
"9403","Masc","Indígena",40,"Tortura",7
"9404","Masc","Indígena",40,"Trabalho infantil",1
"9405","Masc","Indígena",40,"Tráfico",1
"9406","Masc","Indígena",41,"Física",151
"9407","Masc","Indígena",41,"Intervenção legal",2
"9408","Masc","Indígena",41,"Negligência",1
"9409","Masc","Indígena",41,"Outras",11
"9410","Masc","Indígena",41,"Psicológica",29
"9411","Masc","Indígena",41,"Sexual",0
"9412","Masc","Indígena",41,"Tortura",4
"9413","Masc","Indígena",41,"Trabalho infantil",0
"9414","Masc","Indígena",41,"Tráfico",0
"9415","Masc","Indígena",42,"Física",128
"9416","Masc","Indígena",42,"Intervenção legal",1
"9417","Masc","Indígena",42,"Negligência",3
"9418","Masc","Indígena",42,"Outras",13
"9419","Masc","Indígena",42,"Psicológica",17
"9420","Masc","Indígena",42,"Sexual",0
"9421","Masc","Indígena",42,"Tortura",2
"9422","Masc","Indígena",42,"Trabalho infantil",0
"9423","Masc","Indígena",42,"Tráfico",0
"9424","Masc","Indígena",43,"Física",136
"9425","Masc","Indígena",43,"Intervenção legal",0
"9426","Masc","Indígena",43,"Negligência",2
"9427","Masc","Indígena",43,"Outras",7
"9428","Masc","Indígena",43,"Psicológica",21
"9429","Masc","Indígena",43,"Sexual",0
"9430","Masc","Indígena",43,"Tortura",5
"9431","Masc","Indígena",43,"Trabalho infantil",0
"9432","Masc","Indígena",43,"Tráfico",0
"9433","Masc","Indígena",44,"Física",136
"9434","Masc","Indígena",44,"Intervenção legal",1
"9435","Masc","Indígena",44,"Negligência",4
"9436","Masc","Indígena",44,"Outras",15
"9437","Masc","Indígena",44,"Psicológica",25
"9438","Masc","Indígena",44,"Sexual",0
"9439","Masc","Indígena",44,"Tortura",2
"9440","Masc","Indígena",44,"Trabalho infantil",0
"9441","Masc","Indígena",44,"Tráfico",0
"9442","Masc","Indígena",45,"Física",119
"9443","Masc","Indígena",45,"Intervenção legal",1
"9444","Masc","Indígena",45,"Negligência",5
"9445","Masc","Indígena",45,"Outras",15
"9446","Masc","Indígena",45,"Psicológica",23
"9447","Masc","Indígena",45,"Sexual",0
"9448","Masc","Indígena",45,"Tortura",3
"9449","Masc","Indígena",45,"Trabalho infantil",0
"9450","Masc","Indígena",45,"Tráfico",0
"9451","Masc","Indígena",46,"Física",103
"9452","Masc","Indígena",46,"Intervenção legal",0
"9453","Masc","Indígena",46,"Negligência",1
"9454","Masc","Indígena",46,"Outras",6
"9455","Masc","Indígena",46,"Psicológica",9
"9456","Masc","Indígena",46,"Sexual",0
"9457","Masc","Indígena",46,"Tortura",2
"9458","Masc","Indígena",46,"Trabalho infantil",0
"9459","Masc","Indígena",46,"Tráfico",0
"9460","Masc","Indígena",47,"Física",100
"9461","Masc","Indígena",47,"Intervenção legal",0
"9462","Masc","Indígena",47,"Negligência",4
"9463","Masc","Indígena",47,"Outras",12
"9464","Masc","Indígena",47,"Psicológica",13
"9465","Masc","Indígena",47,"Sexual",0
"9466","Masc","Indígena",47,"Tortura",4
"9467","Masc","Indígena",47,"Trabalho infantil",0
"9468","Masc","Indígena",47,"Tráfico",0
"9469","Masc","Indígena",48,"Física",104
"9470","Masc","Indígena",48,"Intervenção legal",1
"9471","Masc","Indígena",48,"Negligência",0
"9472","Masc","Indígena",48,"Outras",9
"9473","Masc","Indígena",48,"Psicológica",11
"9474","Masc","Indígena",48,"Sexual",0
"9475","Masc","Indígena",48,"Tortura",2
"9476","Masc","Indígena",48,"Trabalho infantil",0
"9477","Masc","Indígena",48,"Tráfico",0
"9478","Masc","Indígena",49,"Física",79
"9479","Masc","Indígena",49,"Intervenção legal",0
"9480","Masc","Indígena",49,"Negligência",2
"9481","Masc","Indígena",49,"Outras",10
"9482","Masc","Indígena",49,"Psicológica",12
"9483","Masc","Indígena",49,"Sexual",0
"9484","Masc","Indígena",49,"Tortura",2
"9485","Masc","Indígena",49,"Trabalho infantil",0
"9486","Masc","Indígena",49,"Tráfico",0
"9487","Masc","Indígena",50,"Física",85
"9488","Masc","Indígena",50,"Intervenção legal",1
"9489","Masc","Indígena",50,"Negligência",3
"9490","Masc","Indígena",50,"Outras",7
"9491","Masc","Indígena",50,"Psicológica",6
"9492","Masc","Indígena",50,"Sexual",0
"9493","Masc","Indígena",50,"Tortura",1
"9494","Masc","Indígena",50,"Trabalho infantil",0
"9495","Masc","Indígena",50,"Tráfico",0
"9496","Masc","Indígena",51,"Física",76
"9497","Masc","Indígena",51,"Intervenção legal",1
"9498","Masc","Indígena",51,"Negligência",6
"9499","Masc","Indígena",51,"Outras",3
"9500","Masc","Indígena",51,"Psicológica",14
"9501","Masc","Indígena",51,"Sexual",0
"9502","Masc","Indígena",51,"Tortura",3
"9503","Masc","Indígena",51,"Trabalho infantil",0
"9504","Masc","Indígena",51,"Tráfico",1
"9505","Masc","Indígena",52,"Física",68
"9506","Masc","Indígena",52,"Intervenção legal",1
"9507","Masc","Indígena",52,"Negligência",2
"9508","Masc","Indígena",52,"Outras",1
"9509","Masc","Indígena",52,"Psicológica",13
"9510","Masc","Indígena",52,"Sexual",0
"9511","Masc","Indígena",52,"Tortura",1
"9512","Masc","Indígena",52,"Trabalho infantil",0
"9513","Masc","Indígena",52,"Tráfico",0
"9514","Masc","Indígena",53,"Física",49
"9515","Masc","Indígena",53,"Intervenção legal",0
"9516","Masc","Indígena",53,"Negligência",2
"9517","Masc","Indígena",53,"Outras",9
"9518","Masc","Indígena",53,"Psicológica",3
"9519","Masc","Indígena",53,"Sexual",0
"9520","Masc","Indígena",53,"Tortura",1
"9521","Masc","Indígena",53,"Trabalho infantil",0
"9522","Masc","Indígena",53,"Tráfico",0
"9523","Masc","Indígena",54,"Física",68
"9524","Masc","Indígena",54,"Intervenção legal",0
"9525","Masc","Indígena",54,"Negligência",4
"9526","Masc","Indígena",54,"Outras",5
"9527","Masc","Indígena",54,"Psicológica",13
"9528","Masc","Indígena",54,"Sexual",0
"9529","Masc","Indígena",54,"Tortura",3
"9530","Masc","Indígena",54,"Trabalho infantil",0
"9531","Masc","Indígena",54,"Tráfico",0
"9532","Masc","Indígena",55,"Física",79
"9533","Masc","Indígena",55,"Intervenção legal",0
"9534","Masc","Indígena",55,"Negligência",1
"9535","Masc","Indígena",55,"Outras",7
"9536","Masc","Indígena",55,"Psicológica",18
"9537","Masc","Indígena",55,"Sexual",0
"9538","Masc","Indígena",55,"Tortura",3
"9539","Masc","Indígena",55,"Trabalho infantil",0
"9540","Masc","Indígena",55,"Tráfico",0
"9541","Masc","Indígena",56,"Física",55
"9542","Masc","Indígena",56,"Intervenção legal",0
"9543","Masc","Indígena",56,"Negligência",3
"9544","Masc","Indígena",56,"Outras",10
"9545","Masc","Indígena",56,"Psicológica",7
"9546","Masc","Indígena",56,"Sexual",0
"9547","Masc","Indígena",56,"Tortura",4
"9548","Masc","Indígena",56,"Trabalho infantil",0
"9549","Masc","Indígena",56,"Tráfico",0
"9550","Masc","Indígena",57,"Física",45
"9551","Masc","Indígena",57,"Intervenção legal",0
"9552","Masc","Indígena",57,"Negligência",4
"9553","Masc","Indígena",57,"Outras",4
"9554","Masc","Indígena",57,"Psicológica",13
"9555","Masc","Indígena",57,"Sexual",0
"9556","Masc","Indígena",57,"Tortura",3
"9557","Masc","Indígena",57,"Trabalho infantil",0
"9558","Masc","Indígena",57,"Tráfico",0
"9559","Masc","Indígena",58,"Física",41
"9560","Masc","Indígena",58,"Intervenção legal",0
"9561","Masc","Indígena",58,"Negligência",2
"9562","Masc","Indígena",58,"Outras",4
"9563","Masc","Indígena",58,"Psicológica",8
"9564","Masc","Indígena",58,"Sexual",0
"9565","Masc","Indígena",58,"Tortura",4
"9566","Masc","Indígena",58,"Trabalho infantil",0
"9567","Masc","Indígena",58,"Tráfico",0
"9568","Masc","Indígena",59,"Física",40
"9569","Masc","Indígena",59,"Intervenção legal",0
"9570","Masc","Indígena",59,"Negligência",0
"9571","Masc","Indígena",59,"Outras",6
"9572","Masc","Indígena",59,"Psicológica",8
"9573","Masc","Indígena",59,"Sexual",0
"9574","Masc","Indígena",59,"Tortura",1
"9575","Masc","Indígena",59,"Trabalho infantil",0
"9576","Masc","Indígena",59,"Tráfico",0
"9577","Masc","Indígena",60,"Física",47
"9578","Masc","Indígena",60,"Intervenção legal",0
"9579","Masc","Indígena",60,"Negligência",5
"9580","Masc","Indígena",60,"Outras",5
"9581","Masc","Indígena",60,"Psicológica",9
"9582","Masc","Indígena",60,"Sexual",1
"9583","Masc","Indígena",60,"Tortura",2
"9584","Masc","Indígena",60,"Trabalho infantil",0
"9585","Masc","Indígena",60,"Tráfico",0
"9586","Masc","Indígena",61,"Física",37
"9587","Masc","Indígena",61,"Intervenção legal",0
"9588","Masc","Indígena",61,"Negligência",4
"9589","Masc","Indígena",61,"Outras",3
"9590","Masc","Indígena",61,"Psicológica",7
"9591","Masc","Indígena",61,"Sexual",0
"9592","Masc","Indígena",61,"Tortura",0
"9593","Masc","Indígena",61,"Trabalho infantil",0
"9594","Masc","Indígena",61,"Tráfico",0
"9595","Masc","Indígena",62,"Física",41
"9596","Masc","Indígena",62,"Intervenção legal",0
"9597","Masc","Indígena",62,"Negligência",1
"9598","Masc","Indígena",62,"Outras",3
"9599","Masc","Indígena",62,"Psicológica",9
"9600","Masc","Indígena",62,"Sexual",0
"9601","Masc","Indígena",62,"Tortura",1
"9602","Masc","Indígena",62,"Trabalho infantil",0
"9603","Masc","Indígena",62,"Tráfico",0
"9604","Masc","Indígena",63,"Física",49
"9605","Masc","Indígena",63,"Intervenção legal",0
"9606","Masc","Indígena",63,"Negligência",5
"9607","Masc","Indígena",63,"Outras",3
"9608","Masc","Indígena",63,"Psicológica",10
"9609","Masc","Indígena",63,"Sexual",1
"9610","Masc","Indígena",63,"Tortura",3
"9611","Masc","Indígena",63,"Trabalho infantil",0
"9612","Masc","Indígena",63,"Tráfico",0
"9613","Masc","Indígena",64,"Física",21
"9614","Masc","Indígena",64,"Intervenção legal",0
"9615","Masc","Indígena",64,"Negligência",5
"9616","Masc","Indígena",64,"Outras",1
"9617","Masc","Indígena",64,"Psicológica",2
"9618","Masc","Indígena",64,"Sexual",0
"9619","Masc","Indígena",64,"Tortura",0
"9620","Masc","Indígena",64,"Trabalho infantil",0
"9621","Masc","Indígena",64,"Tráfico",0
"9622","Masc","Indígena",65,"Física",22
"9623","Masc","Indígena",65,"Intervenção legal",0
"9624","Masc","Indígena",65,"Negligência",4
"9625","Masc","Indígena",65,"Outras",7
"9626","Masc","Indígena",65,"Psicológica",8
"9627","Masc","Indígena",65,"Sexual",0
"9628","Masc","Indígena",65,"Tortura",1
"9629","Masc","Indígena",65,"Trabalho infantil",0
"9630","Masc","Indígena",65,"Tráfico",0
"9631","Masc","Indígena",66,"Física",26
"9632","Masc","Indígena",66,"Intervenção legal",0
"9633","Masc","Indígena",66,"Negligência",2
"9634","Masc","Indígena",66,"Outras",3
"9635","Masc","Indígena",66,"Psicológica",6
"9636","Masc","Indígena",66,"Sexual",0
"9637","Masc","Indígena",66,"Tortura",1
"9638","Masc","Indígena",66,"Trabalho infantil",0
"9639","Masc","Indígena",66,"Tráfico",0
"9640","Masc","Indígena",67,"Física",23
"9641","Masc","Indígena",67,"Intervenção legal",0
"9642","Masc","Indígena",67,"Negligência",3
"9643","Masc","Indígena",67,"Outras",3
"9644","Masc","Indígena",67,"Psicológica",4
"9645","Masc","Indígena",67,"Sexual",1
"9646","Masc","Indígena",67,"Tortura",0
"9647","Masc","Indígena",67,"Trabalho infantil",0
"9648","Masc","Indígena",67,"Tráfico",0
"9649","Masc","Indígena",68,"Física",21
"9650","Masc","Indígena",68,"Intervenção legal",0
"9651","Masc","Indígena",68,"Negligência",5
"9652","Masc","Indígena",68,"Outras",3
"9653","Masc","Indígena",68,"Psicológica",2
"9654","Masc","Indígena",68,"Sexual",0
"9655","Masc","Indígena",68,"Tortura",3
"9656","Masc","Indígena",68,"Trabalho infantil",0
"9657","Masc","Indígena",68,"Tráfico",0
"9658","Masc","Indígena",69,"Física",20
"9659","Masc","Indígena",69,"Intervenção legal",0
"9660","Masc","Indígena",69,"Negligência",3
"9661","Masc","Indígena",69,"Outras",1
"9662","Masc","Indígena",69,"Psicológica",4
"9663","Masc","Indígena",69,"Sexual",0
"9664","Masc","Indígena",69,"Tortura",0
"9665","Masc","Indígena",69,"Trabalho infantil",0
"9666","Masc","Indígena",69,"Tráfico",0
"9667","Masc","Indígena",70,"Física",17
"9668","Masc","Indígena",70,"Intervenção legal",0
"9669","Masc","Indígena",70,"Negligência",12
"9670","Masc","Indígena",70,"Outras",10
"9671","Masc","Indígena",70,"Psicológica",1
"9672","Masc","Indígena",70,"Sexual",0
"9673","Masc","Indígena",70,"Tortura",0
"9674","Masc","Indígena",70,"Trabalho infantil",0
"9675","Masc","Indígena",70,"Tráfico",0
"9676","Masc","Indígena",71,"Física",26
"9677","Masc","Indígena",71,"Intervenção legal",0
"9678","Masc","Indígena",71,"Negligência",4
"9679","Masc","Indígena",71,"Outras",0
"9680","Masc","Indígena",71,"Psicológica",3
"9681","Masc","Indígena",71,"Sexual",0
"9682","Masc","Indígena",71,"Tortura",1
"9683","Masc","Indígena",71,"Trabalho infantil",0
"9684","Masc","Indígena",71,"Tráfico",0
"9685","Masc","Indígena",72,"Física",19
"9686","Masc","Indígena",72,"Intervenção legal",1
"9687","Masc","Indígena",72,"Negligência",5
"9688","Masc","Indígena",72,"Outras",0
"9689","Masc","Indígena",72,"Psicológica",6
"9690","Masc","Indígena",72,"Sexual",0
"9691","Masc","Indígena",72,"Tortura",0
"9692","Masc","Indígena",72,"Trabalho infantil",0
"9693","Masc","Indígena",72,"Tráfico",0
"9694","Masc","Indígena",73,"Física",15
"9695","Masc","Indígena",73,"Intervenção legal",0
"9696","Masc","Indígena",73,"Negligência",8
"9697","Masc","Indígena",73,"Outras",2
"9698","Masc","Indígena",73,"Psicológica",6
"9699","Masc","Indígena",73,"Sexual",0
"9700","Masc","Indígena",73,"Tortura",0
"9701","Masc","Indígena",73,"Trabalho infantil",0
"9702","Masc","Indígena",73,"Tráfico",0
"9703","Masc","Indígena",74,"Física",10
"9704","Masc","Indígena",74,"Intervenção legal",0
"9705","Masc","Indígena",74,"Negligência",4
"9706","Masc","Indígena",74,"Outras",2
"9707","Masc","Indígena",74,"Psicológica",2
"9708","Masc","Indígena",74,"Sexual",0
"9709","Masc","Indígena",74,"Tortura",0
"9710","Masc","Indígena",74,"Trabalho infantil",0
"9711","Masc","Indígena",74,"Tráfico",0
"9712","Masc","Indígena",75,"Física",13
"9713","Masc","Indígena",75,"Intervenção legal",0
"9714","Masc","Indígena",75,"Negligência",4
"9715","Masc","Indígena",75,"Outras",2
"9716","Masc","Indígena",75,"Psicológica",1
"9717","Masc","Indígena",75,"Sexual",0
"9718","Masc","Indígena",75,"Tortura",0
"9719","Masc","Indígena",75,"Trabalho infantil",0
"9720","Masc","Indígena",75,"Tráfico",0
"9721","Masc","Indígena",76,"Física",13
"9722","Masc","Indígena",76,"Intervenção legal",0
"9723","Masc","Indígena",76,"Negligência",6
"9724","Masc","Indígena",76,"Outras",2
"9725","Masc","Indígena",76,"Psicológica",3
"9726","Masc","Indígena",76,"Sexual",0
"9727","Masc","Indígena",76,"Tortura",0
"9728","Masc","Indígena",76,"Trabalho infantil",0
"9729","Masc","Indígena",76,"Tráfico",0
"9730","Masc","Indígena",77,"Física",14
"9731","Masc","Indígena",77,"Intervenção legal",0
"9732","Masc","Indígena",77,"Negligência",7
"9733","Masc","Indígena",77,"Outras",3
"9734","Masc","Indígena",77,"Psicológica",6
"9735","Masc","Indígena",77,"Sexual",0
"9736","Masc","Indígena",77,"Tortura",0
"9737","Masc","Indígena",77,"Trabalho infantil",0
"9738","Masc","Indígena",77,"Tráfico",0
"9739","Masc","Indígena",78,"Física",11
"9740","Masc","Indígena",78,"Intervenção legal",0
"9741","Masc","Indígena",78,"Negligência",5
"9742","Masc","Indígena",78,"Outras",2
"9743","Masc","Indígena",78,"Psicológica",2
"9744","Masc","Indígena",78,"Sexual",0
"9745","Masc","Indígena",78,"Tortura",1
"9746","Masc","Indígena",78,"Trabalho infantil",0
"9747","Masc","Indígena",78,"Tráfico",0
"9748","Masc","Indígena",79,"Física",14
"9749","Masc","Indígena",79,"Intervenção legal",0
"9750","Masc","Indígena",79,"Negligência",3
"9751","Masc","Indígena",79,"Outras",4
"9752","Masc","Indígena",79,"Psicológica",6
"9753","Masc","Indígena",79,"Sexual",0
"9754","Masc","Indígena",79,"Tortura",0
"9755","Masc","Indígena",79,"Trabalho infantil",0
"9756","Masc","Indígena",79,"Tráfico",0
"9757","Masc","Indígena",80,"Física",15
"9758","Masc","Indígena",80,"Intervenção legal",0
"9759","Masc","Indígena",80,"Negligência",7
"9760","Masc","Indígena",80,"Outras",3
"9761","Masc","Indígena",80,"Psicológica",3
"9762","Masc","Indígena",80,"Sexual",0
"9763","Masc","Indígena",80,"Tortura",0
"9764","Masc","Indígena",80,"Trabalho infantil",0
"9765","Masc","Indígena",80,"Tráfico",0
"9766","Masc","Indígena",81,"Física",9
"9767","Masc","Indígena",81,"Intervenção legal",0
"9768","Masc","Indígena",81,"Negligência",5
"9769","Masc","Indígena",81,"Outras",3
"9770","Masc","Indígena",81,"Psicológica",3
"9771","Masc","Indígena",81,"Sexual",0
"9772","Masc","Indígena",81,"Tortura",1
"9773","Masc","Indígena",81,"Trabalho infantil",0
"9774","Masc","Indígena",81,"Tráfico",0
"9775","Masc","Indígena",82,"Física",7
"9776","Masc","Indígena",82,"Intervenção legal",0
"9777","Masc","Indígena",82,"Negligência",6
"9778","Masc","Indígena",82,"Outras",5
"9779","Masc","Indígena",82,"Psicológica",4
"9780","Masc","Indígena",82,"Sexual",0
"9781","Masc","Indígena",82,"Tortura",0
"9782","Masc","Indígena",82,"Trabalho infantil",0
"9783","Masc","Indígena",82,"Tráfico",0
"9784","Masc","Indígena",83,"Física",4
"9785","Masc","Indígena",83,"Intervenção legal",0
"9786","Masc","Indígena",83,"Negligência",9
"9787","Masc","Indígena",83,"Outras",1
"9788","Masc","Indígena",83,"Psicológica",2
"9789","Masc","Indígena",83,"Sexual",0
"9790","Masc","Indígena",83,"Tortura",0
"9791","Masc","Indígena",83,"Trabalho infantil",0
"9792","Masc","Indígena",83,"Tráfico",0
"9793","Masc","Indígena",84,"Física",10
"9794","Masc","Indígena",84,"Intervenção legal",0
"9795","Masc","Indígena",84,"Negligência",3
"9796","Masc","Indígena",84,"Outras",1
"9797","Masc","Indígena",84,"Psicológica",3
"9798","Masc","Indígena",84,"Sexual",0
"9799","Masc","Indígena",84,"Tortura",2
"9800","Masc","Indígena",84,"Trabalho infantil",0
"9801","Masc","Indígena",84,"Tráfico",0
"9802","Masc","Indígena",85,"Física",10
"9803","Masc","Indígena",85,"Intervenção legal",0
"9804","Masc","Indígena",85,"Negligência",3
"9805","Masc","Indígena",85,"Outras",3
"9806","Masc","Indígena",85,"Psicológica",5
"9807","Masc","Indígena",85,"Sexual",0
"9808","Masc","Indígena",85,"Tortura",2
"9809","Masc","Indígena",85,"Trabalho infantil",0
"9810","Masc","Indígena",85,"Tráfico",0
"9811","Masc","Indígena",86,"Física",2
"9812","Masc","Indígena",86,"Intervenção legal",0
"9813","Masc","Indígena",86,"Negligência",9
"9814","Masc","Indígena",86,"Outras",2
"9815","Masc","Indígena",86,"Psicológica",1
"9816","Masc","Indígena",86,"Sexual",0
"9817","Masc","Indígena",86,"Tortura",0
"9818","Masc","Indígena",86,"Trabalho infantil",0
"9819","Masc","Indígena",86,"Tráfico",0
"9820","Masc","Indígena",87,"Física",2
"9821","Masc","Indígena",87,"Intervenção legal",0
"9822","Masc","Indígena",87,"Negligência",5
"9823","Masc","Indígena",87,"Outras",4
"9824","Masc","Indígena",87,"Psicológica",2
"9825","Masc","Indígena",87,"Sexual",0
"9826","Masc","Indígena",87,"Tortura",1
"9827","Masc","Indígena",87,"Trabalho infantil",0
"9828","Masc","Indígena",87,"Tráfico",0
"9829","Masc","Indígena",88,"Física",2
"9830","Masc","Indígena",88,"Intervenção legal",0
"9831","Masc","Indígena",88,"Negligência",2
"9832","Masc","Indígena",88,"Outras",1
"9833","Masc","Indígena",88,"Psicológica",3
"9834","Masc","Indígena",88,"Sexual",0
"9835","Masc","Indígena",88,"Tortura",3
"9836","Masc","Indígena",88,"Trabalho infantil",0
"9837","Masc","Indígena",88,"Tráfico",0
"9838","Masc","Indígena",89,"Física",5
"9839","Masc","Indígena",89,"Intervenção legal",0
"9840","Masc","Indígena",89,"Negligência",5
"9841","Masc","Indígena",89,"Outras",0
"9842","Masc","Indígena",89,"Psicológica",2
"9843","Masc","Indígena",89,"Sexual",0
"9844","Masc","Indígena",89,"Tortura",1
"9845","Masc","Indígena",89,"Trabalho infantil",0
"9846","Masc","Indígena",89,"Tráfico",0
"9847","Masc","Indígena",90,"Física",1
"9848","Masc","Indígena",90,"Intervenção legal",0
"9849","Masc","Indígena",90,"Negligência",6
"9850","Masc","Indígena",90,"Outras",4
"9851","Masc","Indígena",90,"Psicológica",2
"9852","Masc","Indígena",90,"Sexual",0
"9853","Masc","Indígena",90,"Tortura",0
"9854","Masc","Indígena",90,"Trabalho infantil",0
"9855","Masc","Indígena",90,"Tráfico",0
"9856","Masc","Indígena",91,"Física",1
"9857","Masc","Indígena",91,"Intervenção legal",0
"9858","Masc","Indígena",91,"Negligência",2
"9859","Masc","Indígena",91,"Outras",1
"9860","Masc","Indígena",91,"Psicológica",1
"9861","Masc","Indígena",91,"Sexual",0
"9862","Masc","Indígena",91,"Tortura",0
"9863","Masc","Indígena",91,"Trabalho infantil",0
"9864","Masc","Indígena",91,"Tráfico",0
"9865","Masc","Indígena",92,"Física",4
"9866","Masc","Indígena",92,"Intervenção legal",0
"9867","Masc","Indígena",92,"Negligência",3
"9868","Masc","Indígena",92,"Outras",0
"9869","Masc","Indígena",92,"Psicológica",2
"9870","Masc","Indígena",92,"Sexual",0
"9871","Masc","Indígena",92,"Tortura",0
"9872","Masc","Indígena",92,"Trabalho infantil",0
"9873","Masc","Indígena",92,"Tráfico",0
"9874","Masc","Indígena",93,"Física",1
"9875","Masc","Indígena",93,"Intervenção legal",0
"9876","Masc","Indígena",93,"Negligência",0
"9877","Masc","Indígena",93,"Outras",1
"9878","Masc","Indígena",93,"Psicológica",2
"9879","Masc","Indígena",93,"Sexual",0
"9880","Masc","Indígena",93,"Tortura",0
"9881","Masc","Indígena",93,"Trabalho infantil",0
"9882","Masc","Indígena",93,"Tráfico",0
"9883","Masc","Indígena",94,"Física",1
"9884","Masc","Indígena",94,"Intervenção legal",0
"9885","Masc","Indígena",94,"Negligência",0
"9886","Masc","Indígena",94,"Outras",0
"9887","Masc","Indígena",94,"Psicológica",0
"9888","Masc","Indígena",94,"Sexual",0
"9889","Masc","Indígena",94,"Tortura",0
"9890","Masc","Indígena",94,"Trabalho infantil",0
"9891","Masc","Indígena",94,"Tráfico",0
"9892","Masc","Indígena",95,"Física",0
"9893","Masc","Indígena",95,"Intervenção legal",0
"9894","Masc","Indígena",95,"Negligência",6
"9895","Masc","Indígena",95,"Outras",1
"9896","Masc","Indígena",95,"Psicológica",1
"9897","Masc","Indígena",95,"Sexual",0
"9898","Masc","Indígena",95,"Tortura",0
"9899","Masc","Indígena",95,"Trabalho infantil",0
"9900","Masc","Indígena",95,"Tráfico",0
"9901","Masc","Indígena",96,"Física",0
"9902","Masc","Indígena",96,"Intervenção legal",0
"9903","Masc","Indígena",96,"Negligência",1
"9904","Masc","Indígena",96,"Outras",1
"9905","Masc","Indígena",96,"Psicológica",1
"9906","Masc","Indígena",96,"Sexual",0
"9907","Masc","Indígena",96,"Tortura",0
"9908","Masc","Indígena",96,"Trabalho infantil",0
"9909","Masc","Indígena",96,"Tráfico",0
"9910","Masc","Indígena",97,"Física",1
"9911","Masc","Indígena",97,"Intervenção legal",0
"9912","Masc","Indígena",97,"Negligência",1
"9913","Masc","Indígena",97,"Outras",0
"9914","Masc","Indígena",97,"Psicológica",0
"9915","Masc","Indígena",97,"Sexual",0
"9916","Masc","Indígena",97,"Tortura",0
"9917","Masc","Indígena",97,"Trabalho infantil",0
"9918","Masc","Indígena",97,"Tráfico",0
"9919","Masc","Indígena",98,"Física",0
"9920","Masc","Indígena",98,"Intervenção legal",0
"9921","Masc","Indígena",98,"Negligência",1
"9922","Masc","Indígena",98,"Outras",1
"9923","Masc","Indígena",98,"Psicológica",1
"9924","Masc","Indígena",98,"Sexual",0
"9925","Masc","Indígena",98,"Tortura",0
"9926","Masc","Indígena",98,"Trabalho infantil",0
"9927","Masc","Indígena",98,"Tráfico",0
"9928","Masc","Indígena",99,"Física",2
"9929","Masc","Indígena",99,"Intervenção legal",0
"9930","Masc","Indígena",99,"Negligência",4
"9931","Masc","Indígena",99,"Outras",3
"9932","Masc","Indígena",99,"Psicológica",1
"9933","Masc","Indígena",99,"Sexual",0
"9934","Masc","Indígena",99,"Tortura",0
"9935","Masc","Indígena",99,"Trabalho infantil",0
"9936","Masc","Indígena",99,"Tráfico",0
"9937","Masc","Indígena",100,"Física",1
"9938","Masc","Indígena",100,"Intervenção legal",0
"9939","Masc","Indígena",100,"Negligência",1
"9940","Masc","Indígena",100,"Outras",2
"9941","Masc","Indígena",100,"Psicológica",2
"9942","Masc","Indígena",100,"Sexual",0
"9943","Masc","Indígena",100,"Tortura",0
"9944","Masc","Indígena",100,"Trabalho infantil",0
"9945","Masc","Indígena",100,"Tráfico",0
"9946","Masc","Amarela",0,"Física",1
"9947","Masc","Amarela",0,"Intervenção legal",0
"9948","Masc","Amarela",0,"Negligência",1
"9949","Masc","Amarela",0,"Outras",0
"9950","Masc","Amarela",0,"Psicológica",0
"9951","Masc","Amarela",0,"Sexual",0
"9952","Masc","Amarela",0,"Tortura",0
"9953","Masc","Amarela",0,"Trabalho infantil",0
"9954","Masc","Amarela",0,"Tráfico",0
"9955","Masc","Amarela",1,"Física",23
"9956","Masc","Amarela",1,"Intervenção legal",0
"9957","Masc","Amarela",1,"Negligência",94
"9958","Masc","Amarela",1,"Outras",6
"9959","Masc","Amarela",1,"Psicológica",2
"9960","Masc","Amarela",1,"Sexual",8
"9961","Masc","Amarela",1,"Tortura",1
"9962","Masc","Amarela",1,"Trabalho infantil",0
"9963","Masc","Amarela",1,"Tráfico",0
"9964","Masc","Amarela",2,"Física",18
"9965","Masc","Amarela",2,"Intervenção legal",0
"9966","Masc","Amarela",2,"Negligência",55
"9967","Masc","Amarela",2,"Outras",2
"9968","Masc","Amarela",2,"Psicológica",5
"9969","Masc","Amarela",2,"Sexual",9
"9970","Masc","Amarela",2,"Tortura",0
"9971","Masc","Amarela",2,"Trabalho infantil",0
"9972","Masc","Amarela",2,"Tráfico",0
"9973","Masc","Amarela",3,"Física",34
"9974","Masc","Amarela",3,"Intervenção legal",0
"9975","Masc","Amarela",3,"Negligência",49
"9976","Masc","Amarela",3,"Outras",1
"9977","Masc","Amarela",3,"Psicológica",20
"9978","Masc","Amarela",3,"Sexual",27
"9979","Masc","Amarela",3,"Tortura",3
"9980","Masc","Amarela",3,"Trabalho infantil",0
"9981","Masc","Amarela",3,"Tráfico",0
"9982","Masc","Amarela",4,"Física",28
"9983","Masc","Amarela",4,"Intervenção legal",0
"9984","Masc","Amarela",4,"Negligência",42
"9985","Masc","Amarela",4,"Outras",4
"9986","Masc","Amarela",4,"Psicológica",16
"9987","Masc","Amarela",4,"Sexual",33
"9988","Masc","Amarela",4,"Tortura",2
"9989","Masc","Amarela",4,"Trabalho infantil",0
"9990","Masc","Amarela",4,"Tráfico",0
"9991","Masc","Amarela",5,"Física",31
"9992","Masc","Amarela",5,"Intervenção legal",0
"9993","Masc","Amarela",5,"Negligência",44
"9994","Masc","Amarela",5,"Outras",4
"9995","Masc","Amarela",5,"Psicológica",17
"9996","Masc","Amarela",5,"Sexual",27
"9997","Masc","Amarela",5,"Tortura",3
"9998","Masc","Amarela",5,"Trabalho infantil",0
"9999","Masc","Amarela",5,"Tráfico",0
"10000","Masc","Amarela",6,"Física",25
"10001","Masc","Amarela",6,"Intervenção legal",0
"10002","Masc","Amarela",6,"Negligência",35
"10003","Masc","Amarela",6,"Outras",2
"10004","Masc","Amarela",6,"Psicológica",22
"10005","Masc","Amarela",6,"Sexual",24
"10006","Masc","Amarela",6,"Tortura",1
"10007","Masc","Amarela",6,"Trabalho infantil",1
"10008","Masc","Amarela",6,"Tráfico",0
"10009","Masc","Amarela",7,"Física",32
"10010","Masc","Amarela",7,"Intervenção legal",0
"10011","Masc","Amarela",7,"Negligência",26
"10012","Masc","Amarela",7,"Outras",2
"10013","Masc","Amarela",7,"Psicológica",11
"10014","Masc","Amarela",7,"Sexual",13
"10015","Masc","Amarela",7,"Tortura",3
"10016","Masc","Amarela",7,"Trabalho infantil",1
"10017","Masc","Amarela",7,"Tráfico",0
"10018","Masc","Amarela",8,"Física",32
"10019","Masc","Amarela",8,"Intervenção legal",0
"10020","Masc","Amarela",8,"Negligência",35
"10021","Masc","Amarela",8,"Outras",4
"10022","Masc","Amarela",8,"Psicológica",15
"10023","Masc","Amarela",8,"Sexual",12
"10024","Masc","Amarela",8,"Tortura",3
"10025","Masc","Amarela",8,"Trabalho infantil",1
"10026","Masc","Amarela",8,"Tráfico",0
"10027","Masc","Amarela",9,"Física",38
"10028","Masc","Amarela",9,"Intervenção legal",0
"10029","Masc","Amarela",9,"Negligência",32
"10030","Masc","Amarela",9,"Outras",6
"10031","Masc","Amarela",9,"Psicológica",17
"10032","Masc","Amarela",9,"Sexual",14
"10033","Masc","Amarela",9,"Tortura",0
"10034","Masc","Amarela",9,"Trabalho infantil",3
"10035","Masc","Amarela",9,"Tráfico",0
"10036","Masc","Amarela",10,"Física",49
"10037","Masc","Amarela",10,"Intervenção legal",0
"10038","Masc","Amarela",10,"Negligência",27
"10039","Masc","Amarela",10,"Outras",5
"10040","Masc","Amarela",10,"Psicológica",23
"10041","Masc","Amarela",10,"Sexual",19
"10042","Masc","Amarela",10,"Tortura",3
"10043","Masc","Amarela",10,"Trabalho infantil",3
"10044","Masc","Amarela",10,"Tráfico",0
"10045","Masc","Amarela",11,"Física",83
"10046","Masc","Amarela",11,"Intervenção legal",0
"10047","Masc","Amarela",11,"Negligência",51
"10048","Masc","Amarela",11,"Outras",23
"10049","Masc","Amarela",11,"Psicológica",40
"10050","Masc","Amarela",11,"Sexual",22
"10051","Masc","Amarela",11,"Tortura",4
"10052","Masc","Amarela",11,"Trabalho infantil",6
"10053","Masc","Amarela",11,"Tráfico",0
"10054","Masc","Amarela",12,"Física",78
"10055","Masc","Amarela",12,"Intervenção legal",1
"10056","Masc","Amarela",12,"Negligência",29
"10057","Masc","Amarela",12,"Outras",13
"10058","Masc","Amarela",12,"Psicológica",35
"10059","Masc","Amarela",12,"Sexual",19
"10060","Masc","Amarela",12,"Tortura",8
"10061","Masc","Amarela",12,"Trabalho infantil",3
"10062","Masc","Amarela",12,"Tráfico",0
"10063","Masc","Amarela",13,"Física",94
"10064","Masc","Amarela",13,"Intervenção legal",0
"10065","Masc","Amarela",13,"Negligência",30
"10066","Masc","Amarela",13,"Outras",25
"10067","Masc","Amarela",13,"Psicológica",26
"10068","Masc","Amarela",13,"Sexual",17
"10069","Masc","Amarela",13,"Tortura",2
"10070","Masc","Amarela",13,"Trabalho infantil",7
"10071","Masc","Amarela",13,"Tráfico",0
"10072","Masc","Amarela",14,"Física",128
"10073","Masc","Amarela",14,"Intervenção legal",0
"10074","Masc","Amarela",14,"Negligência",34
"10075","Masc","Amarela",14,"Outras",43
"10076","Masc","Amarela",14,"Psicológica",31
"10077","Masc","Amarela",14,"Sexual",16
"10078","Masc","Amarela",14,"Tortura",2
"10079","Masc","Amarela",14,"Trabalho infantil",5
"10080","Masc","Amarela",14,"Tráfico",0
"10081","Masc","Amarela",15,"Física",132
"10082","Masc","Amarela",15,"Intervenção legal",2
"10083","Masc","Amarela",15,"Negligência",40
"10084","Masc","Amarela",15,"Outras",64
"10085","Masc","Amarela",15,"Psicológica",29
"10086","Masc","Amarela",15,"Sexual",7
"10087","Masc","Amarela",15,"Tortura",0
"10088","Masc","Amarela",15,"Trabalho infantil",3
"10089","Masc","Amarela",15,"Tráfico",0
"10090","Masc","Amarela",16,"Física",188
"10091","Masc","Amarela",16,"Intervenção legal",1
"10092","Masc","Amarela",16,"Negligência",35
"10093","Masc","Amarela",16,"Outras",72
"10094","Masc","Amarela",16,"Psicológica",32
"10095","Masc","Amarela",16,"Sexual",13
"10096","Masc","Amarela",16,"Tortura",5
"10097","Masc","Amarela",16,"Trabalho infantil",7
"10098","Masc","Amarela",16,"Tráfico",2
"10099","Masc","Amarela",17,"Física",223
"10100","Masc","Amarela",17,"Intervenção legal",3
"10101","Masc","Amarela",17,"Negligência",26
"10102","Masc","Amarela",17,"Outras",73
"10103","Masc","Amarela",17,"Psicológica",39
"10104","Masc","Amarela",17,"Sexual",5
"10105","Masc","Amarela",17,"Tortura",3
"10106","Masc","Amarela",17,"Trabalho infantil",2
"10107","Masc","Amarela",17,"Tráfico",0
"10108","Masc","Amarela",18,"Física",180
"10109","Masc","Amarela",18,"Intervenção legal",0
"10110","Masc","Amarela",18,"Negligência",7
"10111","Masc","Amarela",18,"Outras",77
"10112","Masc","Amarela",18,"Psicológica",22
"10113","Masc","Amarela",18,"Sexual",1
"10114","Masc","Amarela",18,"Tortura",4
"10115","Masc","Amarela",18,"Trabalho infantil",0
"10116","Masc","Amarela",18,"Tráfico",0
"10117","Masc","Amarela",19,"Física",148
"10118","Masc","Amarela",19,"Intervenção legal",1
"10119","Masc","Amarela",19,"Negligência",1
"10120","Masc","Amarela",19,"Outras",81
"10121","Masc","Amarela",19,"Psicológica",12
"10122","Masc","Amarela",19,"Sexual",8
"10123","Masc","Amarela",19,"Tortura",0
"10124","Masc","Amarela",19,"Trabalho infantil",0
"10125","Masc","Amarela",19,"Tráfico",1
"10126","Masc","Amarela",20,"Física",102
"10127","Masc","Amarela",20,"Intervenção legal",0
"10128","Masc","Amarela",20,"Negligência",5
"10129","Masc","Amarela",20,"Outras",63
"10130","Masc","Amarela",20,"Psicológica",15
"10131","Masc","Amarela",20,"Sexual",6
"10132","Masc","Amarela",20,"Tortura",4
"10133","Masc","Amarela",20,"Trabalho infantil",0
"10134","Masc","Amarela",20,"Tráfico",2
"10135","Masc","Amarela",21,"Física",94
"10136","Masc","Amarela",21,"Intervenção legal",2
"10137","Masc","Amarela",21,"Negligência",0
"10138","Masc","Amarela",21,"Outras",86
"10139","Masc","Amarela",21,"Psicológica",23
"10140","Masc","Amarela",21,"Sexual",6
"10141","Masc","Amarela",21,"Tortura",3
"10142","Masc","Amarela",21,"Trabalho infantil",0
"10143","Masc","Amarela",21,"Tráfico",1
"10144","Masc","Amarela",22,"Física",107
"10145","Masc","Amarela",22,"Intervenção legal",2
"10146","Masc","Amarela",22,"Negligência",2
"10147","Masc","Amarela",22,"Outras",77
"10148","Masc","Amarela",22,"Psicológica",17
"10149","Masc","Amarela",22,"Sexual",3
"10150","Masc","Amarela",22,"Tortura",1
"10151","Masc","Amarela",22,"Trabalho infantil",0
"10152","Masc","Amarela",22,"Tráfico",1
"10153","Masc","Amarela",23,"Física",98
"10154","Masc","Amarela",23,"Intervenção legal",1
"10155","Masc","Amarela",23,"Negligência",1
"10156","Masc","Amarela",23,"Outras",75
"10157","Masc","Amarela",23,"Psicológica",18
"10158","Masc","Amarela",23,"Sexual",1
"10159","Masc","Amarela",23,"Tortura",4
"10160","Masc","Amarela",23,"Trabalho infantil",0
"10161","Masc","Amarela",23,"Tráfico",2
"10162","Masc","Amarela",24,"Física",94
"10163","Masc","Amarela",24,"Intervenção legal",0
"10164","Masc","Amarela",24,"Negligência",0
"10165","Masc","Amarela",24,"Outras",76
"10166","Masc","Amarela",24,"Psicológica",18
"10167","Masc","Amarela",24,"Sexual",1
"10168","Masc","Amarela",24,"Tortura",4
"10169","Masc","Amarela",24,"Trabalho infantil",0
"10170","Masc","Amarela",24,"Tráfico",3
"10171","Masc","Amarela",25,"Física",84
"10172","Masc","Amarela",25,"Intervenção legal",0
"10173","Masc","Amarela",25,"Negligência",1
"10174","Masc","Amarela",25,"Outras",63
"10175","Masc","Amarela",25,"Psicológica",20
"10176","Masc","Amarela",25,"Sexual",2
"10177","Masc","Amarela",25,"Tortura",1
"10178","Masc","Amarela",25,"Trabalho infantil",0
"10179","Masc","Amarela",25,"Tráfico",1
"10180","Masc","Amarela",26,"Física",106
"10181","Masc","Amarela",26,"Intervenção legal",1
"10182","Masc","Amarela",26,"Negligência",1
"10183","Masc","Amarela",26,"Outras",75
"10184","Masc","Amarela",26,"Psicológica",20
"10185","Masc","Amarela",26,"Sexual",2
"10186","Masc","Amarela",26,"Tortura",2
"10187","Masc","Amarela",26,"Trabalho infantil",0
"10188","Masc","Amarela",26,"Tráfico",0
"10189","Masc","Amarela",27,"Física",105
"10190","Masc","Amarela",27,"Intervenção legal",0
"10191","Masc","Amarela",27,"Negligência",1
"10192","Masc","Amarela",27,"Outras",60
"10193","Masc","Amarela",27,"Psicológica",14
"10194","Masc","Amarela",27,"Sexual",2
"10195","Masc","Amarela",27,"Tortura",2
"10196","Masc","Amarela",27,"Trabalho infantil",0
"10197","Masc","Amarela",27,"Tráfico",0
"10198","Masc","Amarela",28,"Física",102
"10199","Masc","Amarela",28,"Intervenção legal",2
"10200","Masc","Amarela",28,"Negligência",1
"10201","Masc","Amarela",28,"Outras",67
"10202","Masc","Amarela",28,"Psicológica",14
"10203","Masc","Amarela",28,"Sexual",2
"10204","Masc","Amarela",28,"Tortura",1
"10205","Masc","Amarela",28,"Trabalho infantil",0
"10206","Masc","Amarela",28,"Tráfico",1
"10207","Masc","Amarela",29,"Física",88
"10208","Masc","Amarela",29,"Intervenção legal",0
"10209","Masc","Amarela",29,"Negligência",1
"10210","Masc","Amarela",29,"Outras",56
"10211","Masc","Amarela",29,"Psicológica",18
"10212","Masc","Amarela",29,"Sexual",3
"10213","Masc","Amarela",29,"Tortura",4
"10214","Masc","Amarela",29,"Trabalho infantil",0
"10215","Masc","Amarela",29,"Tráfico",0
"10216","Masc","Amarela",30,"Física",92
"10217","Masc","Amarela",30,"Intervenção legal",0
"10218","Masc","Amarela",30,"Negligência",1
"10219","Masc","Amarela",30,"Outras",68
"10220","Masc","Amarela",30,"Psicológica",12
"10221","Masc","Amarela",30,"Sexual",1
"10222","Masc","Amarela",30,"Tortura",3
"10223","Masc","Amarela",30,"Trabalho infantil",0
"10224","Masc","Amarela",30,"Tráfico",1
"10225","Masc","Amarela",31,"Física",76
"10226","Masc","Amarela",31,"Intervenção legal",0
"10227","Masc","Amarela",31,"Negligência",0
"10228","Masc","Amarela",31,"Outras",51
"10229","Masc","Amarela",31,"Psicológica",16
"10230","Masc","Amarela",31,"Sexual",1
"10231","Masc","Amarela",31,"Tortura",1
"10232","Masc","Amarela",31,"Trabalho infantil",0
"10233","Masc","Amarela",31,"Tráfico",1
"10234","Masc","Amarela",32,"Física",83
"10235","Masc","Amarela",32,"Intervenção legal",0
"10236","Masc","Amarela",32,"Negligência",0
"10237","Masc","Amarela",32,"Outras",59
"10238","Masc","Amarela",32,"Psicológica",14
"10239","Masc","Amarela",32,"Sexual",3
"10240","Masc","Amarela",32,"Tortura",3
"10241","Masc","Amarela",32,"Trabalho infantil",0
"10242","Masc","Amarela",32,"Tráfico",0
"10243","Masc","Amarela",33,"Física",94
"10244","Masc","Amarela",33,"Intervenção legal",1
"10245","Masc","Amarela",33,"Negligência",1
"10246","Masc","Amarela",33,"Outras",56
"10247","Masc","Amarela",33,"Psicológica",16
"10248","Masc","Amarela",33,"Sexual",2
"10249","Masc","Amarela",33,"Tortura",1
"10250","Masc","Amarela",33,"Trabalho infantil",0
"10251","Masc","Amarela",33,"Tráfico",1
"10252","Masc","Amarela",34,"Física",71
"10253","Masc","Amarela",34,"Intervenção legal",0
"10254","Masc","Amarela",34,"Negligência",0
"10255","Masc","Amarela",34,"Outras",43
"10256","Masc","Amarela",34,"Psicológica",13
"10257","Masc","Amarela",34,"Sexual",1
"10258","Masc","Amarela",34,"Tortura",0
"10259","Masc","Amarela",34,"Trabalho infantil",0
"10260","Masc","Amarela",34,"Tráfico",0
"10261","Masc","Amarela",35,"Física",78
"10262","Masc","Amarela",35,"Intervenção legal",0
"10263","Masc","Amarela",35,"Negligência",2
"10264","Masc","Amarela",35,"Outras",51
"10265","Masc","Amarela",35,"Psicológica",18
"10266","Masc","Amarela",35,"Sexual",3
"10267","Masc","Amarela",35,"Tortura",2
"10268","Masc","Amarela",35,"Trabalho infantil",0
"10269","Masc","Amarela",35,"Tráfico",2
"10270","Masc","Amarela",36,"Física",76
"10271","Masc","Amarela",36,"Intervenção legal",1
"10272","Masc","Amarela",36,"Negligência",0
"10273","Masc","Amarela",36,"Outras",44
"10274","Masc","Amarela",36,"Psicológica",16
"10275","Masc","Amarela",36,"Sexual",3
"10276","Masc","Amarela",36,"Tortura",2
"10277","Masc","Amarela",36,"Trabalho infantil",0
"10278","Masc","Amarela",36,"Tráfico",1
"10279","Masc","Amarela",37,"Física",73
"10280","Masc","Amarela",37,"Intervenção legal",0
"10281","Masc","Amarela",37,"Negligência",0
"10282","Masc","Amarela",37,"Outras",31
"10283","Masc","Amarela",37,"Psicológica",20
"10284","Masc","Amarela",37,"Sexual",1
"10285","Masc","Amarela",37,"Tortura",1
"10286","Masc","Amarela",37,"Trabalho infantil",0
"10287","Masc","Amarela",37,"Tráfico",0
"10288","Masc","Amarela",38,"Física",74
"10289","Masc","Amarela",38,"Intervenção legal",0
"10290","Masc","Amarela",38,"Negligência",1
"10291","Masc","Amarela",38,"Outras",43
"10292","Masc","Amarela",38,"Psicológica",7
"10293","Masc","Amarela",38,"Sexual",3
"10294","Masc","Amarela",38,"Tortura",1
"10295","Masc","Amarela",38,"Trabalho infantil",0
"10296","Masc","Amarela",38,"Tráfico",1
"10297","Masc","Amarela",39,"Física",54
"10298","Masc","Amarela",39,"Intervenção legal",0
"10299","Masc","Amarela",39,"Negligência",0
"10300","Masc","Amarela",39,"Outras",38
"10301","Masc","Amarela",39,"Psicológica",10
"10302","Masc","Amarela",39,"Sexual",0
"10303","Masc","Amarela",39,"Tortura",1
"10304","Masc","Amarela",39,"Trabalho infantil",0
"10305","Masc","Amarela",39,"Tráfico",0
"10306","Masc","Amarela",40,"Física",51
"10307","Masc","Amarela",40,"Intervenção legal",0
"10308","Masc","Amarela",40,"Negligência",3
"10309","Masc","Amarela",40,"Outras",29
"10310","Masc","Amarela",40,"Psicológica",10
"10311","Masc","Amarela",40,"Sexual",1
"10312","Masc","Amarela",40,"Tortura",3
"10313","Masc","Amarela",40,"Trabalho infantil",0
"10314","Masc","Amarela",40,"Tráfico",1
"10315","Masc","Amarela",41,"Física",62
"10316","Masc","Amarela",41,"Intervenção legal",1
"10317","Masc","Amarela",41,"Negligência",0
"10318","Masc","Amarela",41,"Outras",28
"10319","Masc","Amarela",41,"Psicológica",13
"10320","Masc","Amarela",41,"Sexual",1
"10321","Masc","Amarela",41,"Tortura",0
"10322","Masc","Amarela",41,"Trabalho infantil",0
"10323","Masc","Amarela",41,"Tráfico",0
"10324","Masc","Amarela",42,"Física",59
"10325","Masc","Amarela",42,"Intervenção legal",0
"10326","Masc","Amarela",42,"Negligência",1
"10327","Masc","Amarela",42,"Outras",31
"10328","Masc","Amarela",42,"Psicológica",14
"10329","Masc","Amarela",42,"Sexual",1
"10330","Masc","Amarela",42,"Tortura",2
"10331","Masc","Amarela",42,"Trabalho infantil",0
"10332","Masc","Amarela",42,"Tráfico",2
"10333","Masc","Amarela",43,"Física",55
"10334","Masc","Amarela",43,"Intervenção legal",1
"10335","Masc","Amarela",43,"Negligência",2
"10336","Masc","Amarela",43,"Outras",28
"10337","Masc","Amarela",43,"Psicológica",11
"10338","Masc","Amarela",43,"Sexual",2
"10339","Masc","Amarela",43,"Tortura",4
"10340","Masc","Amarela",43,"Trabalho infantil",1
"10341","Masc","Amarela",43,"Tráfico",1
"10342","Masc","Amarela",44,"Física",59
"10343","Masc","Amarela",44,"Intervenção legal",0
"10344","Masc","Amarela",44,"Negligência",3
"10345","Masc","Amarela",44,"Outras",27
"10346","Masc","Amarela",44,"Psicológica",7
"10347","Masc","Amarela",44,"Sexual",0
"10348","Masc","Amarela",44,"Tortura",0
"10349","Masc","Amarela",44,"Trabalho infantil",0
"10350","Masc","Amarela",44,"Tráfico",1
"10351","Masc","Amarela",45,"Física",42
"10352","Masc","Amarela",45,"Intervenção legal",0
"10353","Masc","Amarela",45,"Negligência",1
"10354","Masc","Amarela",45,"Outras",27
"10355","Masc","Amarela",45,"Psicológica",9
"10356","Masc","Amarela",45,"Sexual",0
"10357","Masc","Amarela",45,"Tortura",3
"10358","Masc","Amarela",45,"Trabalho infantil",0
"10359","Masc","Amarela",45,"Tráfico",0
"10360","Masc","Amarela",46,"Física",45
"10361","Masc","Amarela",46,"Intervenção legal",0
"10362","Masc","Amarela",46,"Negligência",1
"10363","Masc","Amarela",46,"Outras",26
"10364","Masc","Amarela",46,"Psicológica",12
"10365","Masc","Amarela",46,"Sexual",0
"10366","Masc","Amarela",46,"Tortura",1
"10367","Masc","Amarela",46,"Trabalho infantil",0
"10368","Masc","Amarela",46,"Tráfico",0
"10369","Masc","Amarela",47,"Física",55
"10370","Masc","Amarela",47,"Intervenção legal",0
"10371","Masc","Amarela",47,"Negligência",2
"10372","Masc","Amarela",47,"Outras",18
"10373","Masc","Amarela",47,"Psicológica",11
"10374","Masc","Amarela",47,"Sexual",0
"10375","Masc","Amarela",47,"Tortura",1
"10376","Masc","Amarela",47,"Trabalho infantil",0
"10377","Masc","Amarela",47,"Tráfico",0
"10378","Masc","Amarela",48,"Física",34
"10379","Masc","Amarela",48,"Intervenção legal",1
"10380","Masc","Amarela",48,"Negligência",2
"10381","Masc","Amarela",48,"Outras",15
"10382","Masc","Amarela",48,"Psicológica",12
"10383","Masc","Amarela",48,"Sexual",1
"10384","Masc","Amarela",48,"Tortura",2
"10385","Masc","Amarela",48,"Trabalho infantil",0
"10386","Masc","Amarela",48,"Tráfico",1
"10387","Masc","Amarela",49,"Física",38
"10388","Masc","Amarela",49,"Intervenção legal",0
"10389","Masc","Amarela",49,"Negligência",0
"10390","Masc","Amarela",49,"Outras",16
"10391","Masc","Amarela",49,"Psicológica",7
"10392","Masc","Amarela",49,"Sexual",0
"10393","Masc","Amarela",49,"Tortura",2
"10394","Masc","Amarela",49,"Trabalho infantil",0
"10395","Masc","Amarela",49,"Tráfico",0
"10396","Masc","Amarela",50,"Física",43
"10397","Masc","Amarela",50,"Intervenção legal",0
"10398","Masc","Amarela",50,"Negligência",2
"10399","Masc","Amarela",50,"Outras",19
"10400","Masc","Amarela",50,"Psicológica",11
"10401","Masc","Amarela",50,"Sexual",0
"10402","Masc","Amarela",50,"Tortura",0
"10403","Masc","Amarela",50,"Trabalho infantil",0
"10404","Masc","Amarela",50,"Tráfico",1
"10405","Masc","Amarela",51,"Física",40
"10406","Masc","Amarela",51,"Intervenção legal",1
"10407","Masc","Amarela",51,"Negligência",0
"10408","Masc","Amarela",51,"Outras",21
"10409","Masc","Amarela",51,"Psicológica",5
"10410","Masc","Amarela",51,"Sexual",0
"10411","Masc","Amarela",51,"Tortura",1
"10412","Masc","Amarela",51,"Trabalho infantil",0
"10413","Masc","Amarela",51,"Tráfico",1
"10414","Masc","Amarela",52,"Física",37
"10415","Masc","Amarela",52,"Intervenção legal",0
"10416","Masc","Amarela",52,"Negligência",3
"10417","Masc","Amarela",52,"Outras",23
"10418","Masc","Amarela",52,"Psicológica",9
"10419","Masc","Amarela",52,"Sexual",1
"10420","Masc","Amarela",52,"Tortura",0
"10421","Masc","Amarela",52,"Trabalho infantil",0
"10422","Masc","Amarela",52,"Tráfico",0
"10423","Masc","Amarela",53,"Física",40
"10424","Masc","Amarela",53,"Intervenção legal",0
"10425","Masc","Amarela",53,"Negligência",2
"10426","Masc","Amarela",53,"Outras",19
"10427","Masc","Amarela",53,"Psicológica",6
"10428","Masc","Amarela",53,"Sexual",0
"10429","Masc","Amarela",53,"Tortura",2
"10430","Masc","Amarela",53,"Trabalho infantil",0
"10431","Masc","Amarela",53,"Tráfico",1
"10432","Masc","Amarela",54,"Física",34
"10433","Masc","Amarela",54,"Intervenção legal",0
"10434","Masc","Amarela",54,"Negligência",7
"10435","Masc","Amarela",54,"Outras",13
"10436","Masc","Amarela",54,"Psicológica",5
"10437","Masc","Amarela",54,"Sexual",0
"10438","Masc","Amarela",54,"Tortura",1
"10439","Masc","Amarela",54,"Trabalho infantil",0
"10440","Masc","Amarela",54,"Tráfico",1
"10441","Masc","Amarela",55,"Física",21
"10442","Masc","Amarela",55,"Intervenção legal",0
"10443","Masc","Amarela",55,"Negligência",2
"10444","Masc","Amarela",55,"Outras",12
"10445","Masc","Amarela",55,"Psicológica",3
"10446","Masc","Amarela",55,"Sexual",0
"10447","Masc","Amarela",55,"Tortura",0
"10448","Masc","Amarela",55,"Trabalho infantil",0
"10449","Masc","Amarela",55,"Tráfico",0
"10450","Masc","Amarela",56,"Física",27
"10451","Masc","Amarela",56,"Intervenção legal",0
"10452","Masc","Amarela",56,"Negligência",3
"10453","Masc","Amarela",56,"Outras",6
"10454","Masc","Amarela",56,"Psicológica",7
"10455","Masc","Amarela",56,"Sexual",0
"10456","Masc","Amarela",56,"Tortura",1
"10457","Masc","Amarela",56,"Trabalho infantil",0
"10458","Masc","Amarela",56,"Tráfico",0
"10459","Masc","Amarela",57,"Física",31
"10460","Masc","Amarela",57,"Intervenção legal",0
"10461","Masc","Amarela",57,"Negligência",1
"10462","Masc","Amarela",57,"Outras",4
"10463","Masc","Amarela",57,"Psicológica",3
"10464","Masc","Amarela",57,"Sexual",0
"10465","Masc","Amarela",57,"Tortura",0
"10466","Masc","Amarela",57,"Trabalho infantil",0
"10467","Masc","Amarela",57,"Tráfico",0
"10468","Masc","Amarela",58,"Física",26
"10469","Masc","Amarela",58,"Intervenção legal",0
"10470","Masc","Amarela",58,"Negligência",2
"10471","Masc","Amarela",58,"Outras",6
"10472","Masc","Amarela",58,"Psicológica",6
"10473","Masc","Amarela",58,"Sexual",0
"10474","Masc","Amarela",58,"Tortura",1
"10475","Masc","Amarela",58,"Trabalho infantil",0
"10476","Masc","Amarela",58,"Tráfico",0
"10477","Masc","Amarela",59,"Física",33
"10478","Masc","Amarela",59,"Intervenção legal",0
"10479","Masc","Amarela",59,"Negligência",2
"10480","Masc","Amarela",59,"Outras",10
"10481","Masc","Amarela",59,"Psicológica",6
"10482","Masc","Amarela",59,"Sexual",0
"10483","Masc","Amarela",59,"Tortura",2
"10484","Masc","Amarela",59,"Trabalho infantil",0
"10485","Masc","Amarela",59,"Tráfico",0
"10486","Masc","Amarela",60,"Física",45
"10487","Masc","Amarela",60,"Intervenção legal",0
"10488","Masc","Amarela",60,"Negligência",9
"10489","Masc","Amarela",60,"Outras",9
"10490","Masc","Amarela",60,"Psicológica",11
"10491","Masc","Amarela",60,"Sexual",1
"10492","Masc","Amarela",60,"Tortura",4
"10493","Masc","Amarela",60,"Trabalho infantil",0
"10494","Masc","Amarela",60,"Tráfico",0
"10495","Masc","Amarela",61,"Física",37
"10496","Masc","Amarela",61,"Intervenção legal",0
"10497","Masc","Amarela",61,"Negligência",13
"10498","Masc","Amarela",61,"Outras",19
"10499","Masc","Amarela",61,"Psicológica",8
"10500","Masc","Amarela",61,"Sexual",0
"10501","Masc","Amarela",61,"Tortura",0
"10502","Masc","Amarela",61,"Trabalho infantil",0
"10503","Masc","Amarela",61,"Tráfico",0
"10504","Masc","Amarela",62,"Física",41
"10505","Masc","Amarela",62,"Intervenção legal",0
"10506","Masc","Amarela",62,"Negligência",5
"10507","Masc","Amarela",62,"Outras",10
"10508","Masc","Amarela",62,"Psicológica",10
"10509","Masc","Amarela",62,"Sexual",2
"10510","Masc","Amarela",62,"Tortura",1
"10511","Masc","Amarela",62,"Trabalho infantil",0
"10512","Masc","Amarela",62,"Tráfico",0
"10513","Masc","Amarela",63,"Física",34
"10514","Masc","Amarela",63,"Intervenção legal",0
"10515","Masc","Amarela",63,"Negligência",7
"10516","Masc","Amarela",63,"Outras",10
"10517","Masc","Amarela",63,"Psicológica",8
"10518","Masc","Amarela",63,"Sexual",0
"10519","Masc","Amarela",63,"Tortura",0
"10520","Masc","Amarela",63,"Trabalho infantil",0
"10521","Masc","Amarela",63,"Tráfico",1
"10522","Masc","Amarela",64,"Física",29
"10523","Masc","Amarela",64,"Intervenção legal",0
"10524","Masc","Amarela",64,"Negligência",9
"10525","Masc","Amarela",64,"Outras",5
"10526","Masc","Amarela",64,"Psicológica",8
"10527","Masc","Amarela",64,"Sexual",0
"10528","Masc","Amarela",64,"Tortura",1
"10529","Masc","Amarela",64,"Trabalho infantil",0
"10530","Masc","Amarela",64,"Tráfico",0
"10531","Masc","Amarela",65,"Física",25
"10532","Masc","Amarela",65,"Intervenção legal",0
"10533","Masc","Amarela",65,"Negligência",11
"10534","Masc","Amarela",65,"Outras",9
"10535","Masc","Amarela",65,"Psicológica",5
"10536","Masc","Amarela",65,"Sexual",1
"10537","Masc","Amarela",65,"Tortura",0
"10538","Masc","Amarela",65,"Trabalho infantil",0
"10539","Masc","Amarela",65,"Tráfico",0
"10540","Masc","Amarela",66,"Física",20
"10541","Masc","Amarela",66,"Intervenção legal",0
"10542","Masc","Amarela",66,"Negligência",11
"10543","Masc","Amarela",66,"Outras",7
"10544","Masc","Amarela",66,"Psicológica",9
"10545","Masc","Amarela",66,"Sexual",0
"10546","Masc","Amarela",66,"Tortura",1
"10547","Masc","Amarela",66,"Trabalho infantil",0
"10548","Masc","Amarela",66,"Tráfico",0
"10549","Masc","Amarela",67,"Física",24
"10550","Masc","Amarela",67,"Intervenção legal",0
"10551","Masc","Amarela",67,"Negligência",9
"10552","Masc","Amarela",67,"Outras",5
"10553","Masc","Amarela",67,"Psicológica",3
"10554","Masc","Amarela",67,"Sexual",0
"10555","Masc","Amarela",67,"Tortura",0
"10556","Masc","Amarela",67,"Trabalho infantil",0
"10557","Masc","Amarela",67,"Tráfico",0
"10558","Masc","Amarela",68,"Física",22
"10559","Masc","Amarela",68,"Intervenção legal",0
"10560","Masc","Amarela",68,"Negligência",17
"10561","Masc","Amarela",68,"Outras",8
"10562","Masc","Amarela",68,"Psicológica",3
"10563","Masc","Amarela",68,"Sexual",1
"10564","Masc","Amarela",68,"Tortura",1
"10565","Masc","Amarela",68,"Trabalho infantil",0
"10566","Masc","Amarela",68,"Tráfico",0
"10567","Masc","Amarela",69,"Física",22
"10568","Masc","Amarela",69,"Intervenção legal",0
"10569","Masc","Amarela",69,"Negligência",15
"10570","Masc","Amarela",69,"Outras",5
"10571","Masc","Amarela",69,"Psicológica",5
"10572","Masc","Amarela",69,"Sexual",0
"10573","Masc","Amarela",69,"Tortura",0
"10574","Masc","Amarela",69,"Trabalho infantil",0
"10575","Masc","Amarela",69,"Tráfico",0
"10576","Masc","Amarela",70,"Física",25
"10577","Masc","Amarela",70,"Intervenção legal",0
"10578","Masc","Amarela",70,"Negligência",5
"10579","Masc","Amarela",70,"Outras",5
"10580","Masc","Amarela",70,"Psicológica",5
"10581","Masc","Amarela",70,"Sexual",0
"10582","Masc","Amarela",70,"Tortura",1
"10583","Masc","Amarela",70,"Trabalho infantil",0
"10584","Masc","Amarela",70,"Tráfico",0
"10585","Masc","Amarela",71,"Física",21
"10586","Masc","Amarela",71,"Intervenção legal",0
"10587","Masc","Amarela",71,"Negligência",8
"10588","Masc","Amarela",71,"Outras",5
"10589","Masc","Amarela",71,"Psicológica",2
"10590","Masc","Amarela",71,"Sexual",0
"10591","Masc","Amarela",71,"Tortura",0
"10592","Masc","Amarela",71,"Trabalho infantil",0
"10593","Masc","Amarela",71,"Tráfico",0
"10594","Masc","Amarela",72,"Física",27
"10595","Masc","Amarela",72,"Intervenção legal",0
"10596","Masc","Amarela",72,"Negligência",14
"10597","Masc","Amarela",72,"Outras",10
"10598","Masc","Amarela",72,"Psicológica",11
"10599","Masc","Amarela",72,"Sexual",0
"10600","Masc","Amarela",72,"Tortura",2
"10601","Masc","Amarela",72,"Trabalho infantil",0
"10602","Masc","Amarela",72,"Tráfico",0
"10603","Masc","Amarela",73,"Física",19
"10604","Masc","Amarela",73,"Intervenção legal",0
"10605","Masc","Amarela",73,"Negligência",4
"10606","Masc","Amarela",73,"Outras",5
"10607","Masc","Amarela",73,"Psicológica",2
"10608","Masc","Amarela",73,"Sexual",1
"10609","Masc","Amarela",73,"Tortura",0
"10610","Masc","Amarela",73,"Trabalho infantil",0
"10611","Masc","Amarela",73,"Tráfico",0
"10612","Masc","Amarela",74,"Física",23
"10613","Masc","Amarela",74,"Intervenção legal",0
"10614","Masc","Amarela",74,"Negligência",5
"10615","Masc","Amarela",74,"Outras",2
"10616","Masc","Amarela",74,"Psicológica",7
"10617","Masc","Amarela",74,"Sexual",0
"10618","Masc","Amarela",74,"Tortura",0
"10619","Masc","Amarela",74,"Trabalho infantil",0
"10620","Masc","Amarela",74,"Tráfico",0
"10621","Masc","Amarela",75,"Física",14
"10622","Masc","Amarela",75,"Intervenção legal",0
"10623","Masc","Amarela",75,"Negligência",13
"10624","Masc","Amarela",75,"Outras",3
"10625","Masc","Amarela",75,"Psicológica",6
"10626","Masc","Amarela",75,"Sexual",0
"10627","Masc","Amarela",75,"Tortura",1
"10628","Masc","Amarela",75,"Trabalho infantil",0
"10629","Masc","Amarela",75,"Tráfico",0
"10630","Masc","Amarela",76,"Física",11
"10631","Masc","Amarela",76,"Intervenção legal",0
"10632","Masc","Amarela",76,"Negligência",10
"10633","Masc","Amarela",76,"Outras",2
"10634","Masc","Amarela",76,"Psicológica",4
"10635","Masc","Amarela",76,"Sexual",0
"10636","Masc","Amarela",76,"Tortura",1
"10637","Masc","Amarela",76,"Trabalho infantil",0
"10638","Masc","Amarela",76,"Tráfico",0
"10639","Masc","Amarela",77,"Física",11
"10640","Masc","Amarela",77,"Intervenção legal",0
"10641","Masc","Amarela",77,"Negligência",11
"10642","Masc","Amarela",77,"Outras",8
"10643","Masc","Amarela",77,"Psicológica",2
"10644","Masc","Amarela",77,"Sexual",0
"10645","Masc","Amarela",77,"Tortura",0
"10646","Masc","Amarela",77,"Trabalho infantil",0
"10647","Masc","Amarela",77,"Tráfico",0
"10648","Masc","Amarela",78,"Física",13
"10649","Masc","Amarela",78,"Intervenção legal",0
"10650","Masc","Amarela",78,"Negligência",8
"10651","Masc","Amarela",78,"Outras",8
"10652","Masc","Amarela",78,"Psicológica",6
"10653","Masc","Amarela",78,"Sexual",0
"10654","Masc","Amarela",78,"Tortura",2
"10655","Masc","Amarela",78,"Trabalho infantil",0
"10656","Masc","Amarela",78,"Tráfico",0
"10657","Masc","Amarela",79,"Física",10
"10658","Masc","Amarela",79,"Intervenção legal",0
"10659","Masc","Amarela",79,"Negligência",10
"10660","Masc","Amarela",79,"Outras",2
"10661","Masc","Amarela",79,"Psicológica",0
"10662","Masc","Amarela",79,"Sexual",0
"10663","Masc","Amarela",79,"Tortura",0
"10664","Masc","Amarela",79,"Trabalho infantil",0
"10665","Masc","Amarela",79,"Tráfico",0
"10666","Masc","Amarela",80,"Física",9
"10667","Masc","Amarela",80,"Intervenção legal",0
"10668","Masc","Amarela",80,"Negligência",17
"10669","Masc","Amarela",80,"Outras",2
"10670","Masc","Amarela",80,"Psicológica",3
"10671","Masc","Amarela",80,"Sexual",0
"10672","Masc","Amarela",80,"Tortura",0
"10673","Masc","Amarela",80,"Trabalho infantil",0
"10674","Masc","Amarela",80,"Tráfico",0
"10675","Masc","Amarela",81,"Física",10
"10676","Masc","Amarela",81,"Intervenção legal",0
"10677","Masc","Amarela",81,"Negligência",8
"10678","Masc","Amarela",81,"Outras",1
"10679","Masc","Amarela",81,"Psicológica",3
"10680","Masc","Amarela",81,"Sexual",0
"10681","Masc","Amarela",81,"Tortura",0
"10682","Masc","Amarela",81,"Trabalho infantil",0
"10683","Masc","Amarela",81,"Tráfico",0
"10684","Masc","Amarela",82,"Física",8
"10685","Masc","Amarela",82,"Intervenção legal",0
"10686","Masc","Amarela",82,"Negligência",3
"10687","Masc","Amarela",82,"Outras",4
"10688","Masc","Amarela",82,"Psicológica",2
"10689","Masc","Amarela",82,"Sexual",0
"10690","Masc","Amarela",82,"Tortura",0
"10691","Masc","Amarela",82,"Trabalho infantil",0
"10692","Masc","Amarela",82,"Tráfico",1
"10693","Masc","Amarela",83,"Física",8
"10694","Masc","Amarela",83,"Intervenção legal",0
"10695","Masc","Amarela",83,"Negligência",13
"10696","Masc","Amarela",83,"Outras",2
"10697","Masc","Amarela",83,"Psicológica",2
"10698","Masc","Amarela",83,"Sexual",0
"10699","Masc","Amarela",83,"Tortura",1
"10700","Masc","Amarela",83,"Trabalho infantil",0
"10701","Masc","Amarela",83,"Tráfico",0
"10702","Masc","Amarela",84,"Física",2
"10703","Masc","Amarela",84,"Intervenção legal",0
"10704","Masc","Amarela",84,"Negligência",5
"10705","Masc","Amarela",84,"Outras",5
"10706","Masc","Amarela",84,"Psicológica",2
"10707","Masc","Amarela",84,"Sexual",0
"10708","Masc","Amarela",84,"Tortura",2
"10709","Masc","Amarela",84,"Trabalho infantil",0
"10710","Masc","Amarela",84,"Tráfico",0
"10711","Masc","Amarela",85,"Física",6
"10712","Masc","Amarela",85,"Intervenção legal",0
"10713","Masc","Amarela",85,"Negligência",6
"10714","Masc","Amarela",85,"Outras",2
"10715","Masc","Amarela",85,"Psicológica",1
"10716","Masc","Amarela",85,"Sexual",0
"10717","Masc","Amarela",85,"Tortura",0
"10718","Masc","Amarela",85,"Trabalho infantil",0
"10719","Masc","Amarela",85,"Tráfico",0
"10720","Masc","Amarela",86,"Física",6
"10721","Masc","Amarela",86,"Intervenção legal",0
"10722","Masc","Amarela",86,"Negligência",10
"10723","Masc","Amarela",86,"Outras",2
"10724","Masc","Amarela",86,"Psicológica",1
"10725","Masc","Amarela",86,"Sexual",0
"10726","Masc","Amarela",86,"Tortura",0
"10727","Masc","Amarela",86,"Trabalho infantil",0
"10728","Masc","Amarela",86,"Tráfico",0
"10729","Masc","Amarela",87,"Física",6
"10730","Masc","Amarela",87,"Intervenção legal",0
"10731","Masc","Amarela",87,"Negligência",3
"10732","Masc","Amarela",87,"Outras",1
"10733","Masc","Amarela",87,"Psicológica",0
"10734","Masc","Amarela",87,"Sexual",0
"10735","Masc","Amarela",87,"Tortura",0
"10736","Masc","Amarela",87,"Trabalho infantil",0
"10737","Masc","Amarela",87,"Tráfico",0
"10738","Masc","Amarela",88,"Física",3
"10739","Masc","Amarela",88,"Intervenção legal",0
"10740","Masc","Amarela",88,"Negligência",6
"10741","Masc","Amarela",88,"Outras",1
"10742","Masc","Amarela",88,"Psicológica",2
"10743","Masc","Amarela",88,"Sexual",0
"10744","Masc","Amarela",88,"Tortura",0
"10745","Masc","Amarela",88,"Trabalho infantil",0
"10746","Masc","Amarela",88,"Tráfico",0
"10747","Masc","Amarela",89,"Física",3
"10748","Masc","Amarela",89,"Intervenção legal",0
"10749","Masc","Amarela",89,"Negligência",3
"10750","Masc","Amarela",89,"Outras",0
"10751","Masc","Amarela",89,"Psicológica",1
"10752","Masc","Amarela",89,"Sexual",0
"10753","Masc","Amarela",89,"Tortura",0
"10754","Masc","Amarela",89,"Trabalho infantil",0
"10755","Masc","Amarela",89,"Tráfico",0
"10756","Masc","Amarela",90,"Física",4
"10757","Masc","Amarela",90,"Intervenção legal",0
"10758","Masc","Amarela",90,"Negligência",5
"10759","Masc","Amarela",90,"Outras",2
"10760","Masc","Amarela",90,"Psicológica",0
"10761","Masc","Amarela",90,"Sexual",0
"10762","Masc","Amarela",90,"Tortura",0
"10763","Masc","Amarela",90,"Trabalho infantil",0
"10764","Masc","Amarela",90,"Tráfico",0
"10765","Masc","Amarela",91,"Física",0
"10766","Masc","Amarela",91,"Intervenção legal",0
"10767","Masc","Amarela",91,"Negligência",4
"10768","Masc","Amarela",91,"Outras",0
"10769","Masc","Amarela",91,"Psicológica",2
"10770","Masc","Amarela",91,"Sexual",0
"10771","Masc","Amarela",91,"Tortura",0
"10772","Masc","Amarela",91,"Trabalho infantil",0
"10773","Masc","Amarela",91,"Tráfico",0
"10774","Masc","Amarela",92,"Física",2
"10775","Masc","Amarela",92,"Intervenção legal",0
"10776","Masc","Amarela",92,"Negligência",2
"10777","Masc","Amarela",92,"Outras",0
"10778","Masc","Amarela",92,"Psicológica",0
"10779","Masc","Amarela",92,"Sexual",0
"10780","Masc","Amarela",92,"Tortura",0
"10781","Masc","Amarela",92,"Trabalho infantil",0
"10782","Masc","Amarela",92,"Tráfico",0
"10783","Masc","Amarela",93,"Física",1
"10784","Masc","Amarela",93,"Intervenção legal",0
"10785","Masc","Amarela",93,"Negligência",3
"10786","Masc","Amarela",93,"Outras",0
"10787","Masc","Amarela",93,"Psicológica",0
"10788","Masc","Amarela",93,"Sexual",0
"10789","Masc","Amarela",93,"Tortura",0
"10790","Masc","Amarela",93,"Trabalho infantil",0
"10791","Masc","Amarela",93,"Tráfico",0
"10792","Masc","Amarela",94,"Física",1
"10793","Masc","Amarela",94,"Intervenção legal",0
"10794","Masc","Amarela",94,"Negligência",4
"10795","Masc","Amarela",94,"Outras",1
"10796","Masc","Amarela",94,"Psicológica",0
"10797","Masc","Amarela",94,"Sexual",0
"10798","Masc","Amarela",94,"Tortura",0
"10799","Masc","Amarela",94,"Trabalho infantil",0
"10800","Masc","Amarela",94,"Tráfico",0
"10801","Masc","Amarela",95,"Física",0
"10802","Masc","Amarela",95,"Intervenção legal",0
"10803","Masc","Amarela",95,"Negligência",1
"10804","Masc","Amarela",95,"Outras",2
"10805","Masc","Amarela",95,"Psicológica",0
"10806","Masc","Amarela",95,"Sexual",0
"10807","Masc","Amarela",95,"Tortura",0
"10808","Masc","Amarela",95,"Trabalho infantil",0
"10809","Masc","Amarela",95,"Tráfico",0
"10810","Masc","Amarela",96,"Física",1
"10811","Masc","Amarela",96,"Intervenção legal",0
"10812","Masc","Amarela",96,"Negligência",0
"10813","Masc","Amarela",96,"Outras",1
"10814","Masc","Amarela",96,"Psicológica",0
"10815","Masc","Amarela",96,"Sexual",0
"10816","Masc","Amarela",96,"Tortura",0
"10817","Masc","Amarela",96,"Trabalho infantil",0
"10818","Masc","Amarela",96,"Tráfico",0
"10819","Masc","Amarela",97,"Física",0
"10820","Masc","Amarela",97,"Intervenção legal",0
"10821","Masc","Amarela",97,"Negligência",1
"10822","Masc","Amarela",97,"Outras",0
"10823","Masc","Amarela",97,"Psicológica",0
"10824","Masc","Amarela",97,"Sexual",0
"10825","Masc","Amarela",97,"Tortura",0
"10826","Masc","Amarela",97,"Trabalho infantil",0
"10827","Masc","Amarela",97,"Tráfico",0
"10828","Masc","Amarela",98,"Física",1
"10829","Masc","Amarela",98,"Intervenção legal",0
"10830","Masc","Amarela",98,"Negligência",0
"10831","Masc","Amarela",98,"Outras",1
"10832","Masc","Amarela",98,"Psicológica",0
"10833","Masc","Amarela",98,"Sexual",0
"10834","Masc","Amarela",98,"Tortura",0
"10835","Masc","Amarela",98,"Trabalho infantil",0
"10836","Masc","Amarela",98,"Tráfico",0
